final_value,total_invested,total_btc,roi_percent,reserve_deployments
150669150.5863807,261000,0.012985187049683936,57627.643902827855,199
137932.21527299847,261000,40933457.71515203,-47.1524079413799,260
232302.50055338387,261000,0.4600451844660496,-10.995210515944876,249
2166671.531245677,261000,183.7795135256773,730.1423491362747,260
257536.72032285784,261000,4.378312126489376,-1.326927079364811,259
127376.62352165979,261000,2.573099460995023,-51.196695968712724,253
550557.1595346809,261000,0.08251709575756803,110.94144043474363,256
228448.50495722666,261000,2.9470480473631384,-12.471837181139211,257
122628.1340463505,261000,4158.625203650752,-53.01604059526801,259
172711.7186107878,261000,1.9305392995216812,-33.82692773533035,245
256862.46442207694,261000,122390.15177177884,-1.5852626735337394,259
637548.8983735786,261000,13.069572318597784,144.27160857225232,250
1011164.7872082655,261000,95280.36577605859,287.4194587004849,260
447408.9281619675,261000,2.323228210007068,71.42104527278448,255
1188580.1673125692,261000,0.020249283774888882,355.39470011975834,255
191318.3016680146,261000,0.05632048371533753,-26.697968709572944,256
320622.58824889554,261000,0.8578322310238594,22.843903543638138,256
34222029.936323404,261000,0.012228296331232865,13011.888864491726,245
825741.4629671389,261000,0.07666242553978485,216.37603945101108,253
1194650.3206304675,261000,3496.2179127446625,357.7204293603324,260
3166886.0931108324,261000,59.782592851080075,1113.3663191995527,259
145127.71056441707,261000,55.84588863094415,-44.39551319370993,259
204302.51350791997,261000,242.6625489488003,-21.72317490118009,259
759895.7010947226,261000,351213681.4122187,191.14777819721175,260
2585845.392706026,261000,4.509626179377408,890.7453611900482,236
245496211208.9997,261000,0.011949238253857462,94059751.03793092,233
1927437.649870252,261000,285.45493582398893,638.481858187836,260
328993.0092142524,261000,0.10810257655931275,26.05096138477104,257
42707317.228250824,261000,0.012333897517170664,16262.956792433266,246
306270.96521971637,261000,0.21316503452116117,17.34519740219018,246
2288178.963970851,261000,560.9607646681238,776.6969210616287,258
891582.0812196728,261000,0.46297132373041944,241.6023299692233,258
436562.70893454686,261000,0.029697793132373643,67.2654057220486,242
8765421.86705577,261000,1.077601144018651,3258.3991827799887,249
1026970.9369632108,261000,682.2092947091932,293.47545477517656,258
283069.5564290329,261000,10367.006209197702,8.455768746755892,260
279459.05504211667,261000,670.4304026272914,7.072434882037039,259
192617.94703930247,261000,8.077309976949426,-26.200020291454994,256
585327.1374701066,261000,1356.4172006728493,124.26327106134352,260
100153.2746224669,261000,3.116384361712266,-61.627097845798126,257
469439.0189265759,261000,18.771688014726934,79.86169307531642,259
139770.93755102565,261000,105.48229832413948,-46.447916647116614,259
289048.28639095585,261000,140351.61890691813,10.74646988159228,259
5530753.230615681,261000,9.634486507181608,2019.062540465778,204
173249.09548108,261000,101.0003169290002,-33.6210362141456,259
233187.39659299268,261000,2.610430079357901,-10.65616988774227,258
6005310.669017541,261000,894825.8669963452,2200.885313799824,260
145185.24378982533,261000,2.251299069603755,-44.37346981232746,257
527397.8269772375,261000,0.17737533989400028,102.0681329414703,259
153159.07142164107,261000,925.0242705785556,-41.31836343998426,260
145469.84731777423,261000,0.087244445787039,-44.264426315029034,258
225050.87808273532,261000,9.408084438463485,-13.773609929986469,257
297407.48207489867,261000,0.40906085158170086,13.94922684862018,257
245931.2490033812,261000,8387.644524503175,-5.773467814796473,260
28773652.554076567,261000,1.6444466121159096,10924.387951753473,225
1045087.0781461743,261000,218.95349783668257,300.4165050368484,260
5655281.377508718,261000,414.0226799678622,2066.774474141271,260
1646003.7614267145,261000,26229.806255317166,530.6527821558293,260
258201.8195398917,261000,133369.32502328028,-1.072099793144942,260
41377818.92776595,261000,0.013633527163437938,15753.570470408411,249
1489477441.8556385,261000,0.012534775812859724,570581.0122052255,201
2925482.4221787136,261000,0.02508451909284899,1020.8744912562121,248
1073066.8808471577,261000,47.502095331508045,311.1367359567654,259
924226.5472563022,261000,9.189233673554648,254.10978822080543,257
1025843.5258782924,261000,15.60716598573848,293.04349650509283,247
807886.5991629041,261000,126.61827796404226,209.5350954647142,259
219299.65474505106,261000,0.11374003943848122,-15.977143775842508,259
469835.7209742448,261000,1263.9160250638,80.01368619702866,259
4952525.869528277,261000,109.12715534742262,1797.5194902407193,248
43485969850.7537,261000,0.011946411000837499,16661191.130556973,180
169620.7894248905,261000,0.4564213760935256,-35.01119179122969,255
202349.75656635512,261000,1744.8135782409865,-22.47135763741183,260
124771.84882051684,261000,167.65347836623556,-52.19469393849929,260
94346.27752266158,261000,48792.0176666263,-63.8520009491718,260
5580576.043606244,261000,0.01258367414015123,2038.1517408453042,253
350077.34566881653,261000,183.97587570367625,34.12925121410595,260
50531.97033680412,261000,2611501.808377012,-80.63909182497927,260
1607268486.636466,261000,0.012337454949905988,615711.6807036268,229
450079.35559550585,261000,0.4449876762489551,72.44419754617083,247
97104.37665151092,261000,62349.79985320347,-62.79525798792685,260
7535476.954476027,261000,44787.50649113732,2787.1559212551824,260
387711.0497298832,261000,1.1428805650548803,48.548294915664066,244
1390761998.3023393,261000,0.011987322969095522,532759.0031809729,218
346062.32298100035,261000,33977.36544310767,32.59092834521086,260
15115608.870041467,261000,0.2435364025843579,5691.421023004394,207
120373.1587038301,261000,419543.55165507435,-53.88001582228732,259
348608.014997774,261000,2665.1154289691635,33.566289271177766,259
291185.8588975685,261000,5.041368850508972,11.565463179145013,259
978058.7589255383,261000,0.45973834262573765,274.7351566764514,258
1646734.4694964339,261000,0.025723603514311615,530.9327469334995,244
3737922.3893080424,261000,0.017522200504440293,1332.1541721486753,243
5889468.530270571,261000,16.846511399147683,2156.5013525940885,243
468463.8357842206,261000,9.832464770673896,79.48805968744085,258
144138.42979297513,261000,2360.2088300747514,-44.77454797204018,259
305295.43779913156,261000,122712.61020335484,16.971432106946956,259
33245413262.09182,261000,0.011941415637188025,12737606.230686521,236
5750714.021246294,261000,0.08293421991105993,2103.33870545835,249
132657.60326959973,261000,28.324408477743372,-49.17333208061313,259
15669656.276575137,261000,0.016215116766272165,5903.699722825722,227
123488.75184649182,261000,0.07148928924624252,-52.686301974524206,252
245017.93524266037,261000,0.41334286170716655,-6.123396458750815,259
80264.735543944,261000,0.2888645526570687,-69.247227760941,234
1322385.2976918202,261000,1.7384445212062385,406.66103359839855,204
215640.21861714922,261000,0.9942883718845517,-17.37922658346773,255
255608.60655753355,261000,13.771372210559528,-2.0656679856193287,252
502958.58357057144,261000,0.11368600690836167,92.70443814964423,259
1016914.8581130177,261000,0.08423286365498439,289.62255100115624,253
6508036.611704598,261000,78.49485609347394,2393.5006175113404,241
4293716337117.929,261000,0.011941163605521754,1645101944.8727698,241
2395149.9662826634,261000,945.6766152726408,817.681979418645,260
3806898.959551676,261000,0.02993656360991864,1358.5819768397228,241
328996.11408772715,261000,0.8459247155846475,26.052150991466345,258
453580.35272599175,261000,14883.647282272977,73.78557575708497,259
183950.20301831336,261000,1.722962664527594,-29.520995012140478,255
1281091.055247937,261000,0.1127801731525869,390.8394847693246,253
1008029.7407218412,261000,0.42668388268890084,286.218291464307,258
619491.35896147,261000,5.333146545929767,137.35301109634867,241
4344160.436334388,261000,0.012809987283451594,1564.429285951873,254
849860.8515275986,261000,213.9238653559704,225.6171844933328,260
49322719.624285825,261000,0.13253825167253608,18797.59372578001,229
186106.76527136908,261000,24.452459293512042,-28.69472594966702,256
334166.52455440443,261000,0.5511667485477925,28.0331511702699,256
3879253.181992478,261000,0.013019228005919904,1386.3039011465435,232
410891.8189282801,261000,43.049728279988116,57.429815681333366,259
136050245.90937936,261000,0.012145254879433217,52026.53099976221,254
440039.26669651683,261000,0.1535213921532953,68.59742019023633,259
839661.4239950583,261000,29471908.001114722,221.70935785251277,260
729577.5337430416,261000,18.305636628896625,179.53162212377072,259
115151.21105392076,261000,0.24054725233636634,-55.880762048306224,251
4620417.292084389,261000,0.018382607331876577,1670.274824553406,248
293393.0494230182,261000,49.08357535217616,12.411130047133403,258
487928.21280692477,261000,37.368299060533445,86.94567540495201,258
556876606.6876588,261000,0.012014686582099603,213262.6845546585,205
107013.07782162682,261000,8756.636336944634,-58.998820757997386,260
710433.8318794351,261000,0.01563370344469865,172.19687045189085,215
81409.86724845304,261000,17227672.564215694,-68.80847998143562,260
5658473.943272145,261000,5.932153196619963,2067.997679414615,212
3305805.385201317,261000,0.0882111589175042,1166.5921016096997,244
1418581.1980303184,261000,0.016753393006044757,443.517700394758,253
4428281.812158867,261000,439024.16130644735,1596.6596981451596,260
85127384.80639033,261000,0.012010397933431002,32515.856247659132,255
575217.7457792409,261000,54133.71507501439,120.38994091158652,260
1416766.4970959912,261000,34.372708356065466,442.82241268045635,255
1806381.6922284497,261000,0.1422235604059968,592.1002652216282,257
831550.9210605925,261000,3.7093448573833028,218.60188546382858,254
7561731.899909607,261000,11.873999154866047,2797.2152873216883,223
4749722.991035548,261000,39.88302065169944,1719.8172379446544,257
454223.11171845015,261000,5099.881905977726,74.03184357028742,260
182105.64492113976,261000,0.01894576988196285,-30.227722252436873,257
76731.29136119735,261000,986.1230179653015,-70.60103779264469,260
400563.7246698221,261000,1.229474541828012,53.472691444376274,251
8487601.066530162,261000,0.01368638336295788,3151.954431620752,242
47656992.819362454,261000,0.01195862112041407,18159.384221977954,251
2160645.7100633085,261000,1540.9319400993818,727.8336053882408,260
2477122.4919456947,261000,0.0201242018005675,849.0890773738294,242
128707.9000898955,261000,730396.7342721899,-50.6866283180477,260
28172853.911339927,261000,0.01219276045189776,10694.196900896524,230
393925943.8011246,261000,0.012557922198374373,150829.48038357263,245
166614.5843767612,261000,9.911517923801716,-36.162994491662374,259
29478819.787976976,261000,38294.11951107682,11194.566968573554,260
382933.4848969353,261000,1.4686112588225346,46.71781030533919,253
272606.4070786226,261000,0.4459553029090867,4.44689926384008,249
315450.6646471456,261000,27.539590706454025,20.86232361959602,259
468084.7211076724,261000,1897.8919137661612,79.3428050220967,260
241786.2337313449,261000,162469896.66352412,-7.361596271515365,260
51012717.87861712,261000,0.012106547355672992,19445.102635485488,225
244489.0236172454,261000,503.26387050192386,-6.326044591093716,259
490233.65814766864,261000,0.22401402364094683,87.82898779604163,259
5542137.501163067,261000,0.013150356630337225,2023.4243299475352,259
332728.0203182385,261000,2.183075767307607,27.48200012193045,258
104102.87254770912,261000,82.14600547002088,-60.11384193574363,253
962662.1015451388,261000,0.5493379610677802,268.83605423185395,242
677750.708731315,261000,0.04349592289003369,159.67460104648083,258
1183367.565088084,261000,438.38582922155354,353.3975345165073,260
9414900.342600407,261000,0.028516851412478512,3507.2415105748687,207
85502.98035930344,261000,2.6294831817817053,-67.24023741022856,254
294889.7080324288,261000,21436.25204142869,12.984562464532113,260
189427.68550412933,261000,1097.278131677088,-27.422342718724398,260
84546179.2729675,261000,0.012149422755985158,32293.172135236593,241
1058907.2180934595,261000,326368.54063829134,305.711577813586,260
2158497.451798663,261000,1.7912330378484163,727.0105179305223,215
261781.4043112183,261000,0.48623889498646244,0.299388624987854,257
218497.158124477,261000,6229.781196852508,-16.284613745411114,259
981232.3151592129,261000,76330.20760313266,275.95107860506243,260
473172.25915295666,261000,97823.3672584851,81.29205331530906,260
112760.71786265925,261000,3361.046334010539,-56.79665982273592,257
247381.0824607792,261000,9007104739.850079,-5.217976068666973,260
127980.41962477897,261000,22525.7992340764,-50.96535646560193,260
85623.10006171651,261000,2.8072422903749006,-67.1942145357408,257
347764.43599587353,261000,3.2191710101828463,33.243078925622044,248
714033.0308296336,261000,759.9117527428356,173.57587388108567,260
154199.9648074077,261000,0.08057872370051418,-40.919553713636894,255
1264997.793830562,261000,85978.66500701723,384.67348422626895,260
692557.4526080348,261000,1.4140277407311885,165.34768299158424,255
131536.8874082494,261000,1087.6782806463477,-49.60272513093893,259
326661.37256931193,261000,34764.51101231155,25.157614011230628,259
111476.02255941667,261000,30995.106730275616,-57.288880245434235,260
6476430.055553501,261000,0.013413514050415331,2381.3908258825672,248
252247.42714137954,261000,0.03793078490904355,-3.3534761910423234,258
170742.99044949596,261000,0.4848763994407996,-34.581229712836794,259
134006.27637062006,261000,0.14178384022648413,-48.65659909171645,258
3267070.222807062,261000,1.8274569157234584,1151.7510432210966,219
1972312446.9263957,261000,0.012341860934380774,755575.2670216075,200
1938410376.7818084,261000,0.012099652614344841,742585.9681156353,245
7746658.709930332,261000,0.01228618038675156,2868.068471237675,252
868752.3689051302,261000,1.269055097539997,232.85531375675487,230
12745053.79733716,261000,0.04536924689123092,4783.162374458682,197
175195.64926749287,261000,1157.6428635760976,-32.87523016571154,258
186937.2809050235,261000,128.3417164739497,-28.376520726044635,258
175201.68632952883,261000,530.7100598593095,-32.87291711512305,260
306201.74458540796,261000,49.48210066937117,17.3186760863632,257
505488.1665817012,261000,0.1087956889909429,93.67362704279739,249
1756862.4582369118,261000,1.4957667155992578,573.1273786348321,241
230407.4873675801,261000,176506.83208289734,-11.72126920782372,260
18512895.450898696,261000,116.45323210751987,6993.063391148925,247
4440374.987291499,261000,0.2881199797885081,1601.2930985791184,232
352377.3570759536,261000,186641.8640151177,35.01048163829641,260
1495500371.028779,261000,0.012063507275749468,572888.6479037467,236
105201439.95681304,261000,0.08020351284000984,40207.06511755289,173
192777.78166377664,261000,10954.271246412662,-26.138780971733087,259
613763.153788844,261000,5.5509752351285435,135.15829647082145,254
10658974.436819512,261000,0.6317856521849767,3983.8982516549854,188
198384.66097026126,261000,13232.97686219922,-23.99055135239032,259
6663474.459367341,261000,0.5603166529118,2453.0553484166057,203
1045271.8640747342,261000,4.525999023110016,300.4873042431932,258
99900.33414320285,261000,3716.894566393253,-61.72400990681882,259
543640.563646046,261000,241.4531079686004,108.29140369580306,257
212413.51357801692,261000,1.7307770083759724,-18.615512039073977,257
704473.5108766686,261000,5.63896946365035,169.9132225581106,259
144943.038266309,261000,29.345699730588894,-44.46626886348314,259
3784225.8342488008,261000,24.10412549997284,1349.8949556508815,233
724606.075525873,261000,0.015276251701453613,177.62684886048774,259
5634361.7547707325,261000,0.012231044037436523,2058.759293015606,257
300147.3554297564,261000,10618.61205300582,14.998986754695936,260
3481581.4636166436,261000,1.5089395623122646,1233.939258090668,194
310159.271122004,261000,23.824681083699065,18.834969778545602,259
188791.94794027213,261000,133.10168806719105,-27.665920329397647,258
839203.1194023618,261000,11.455509672131534,221.53376222312713,257
114343096.89593786,261000,0.013123495021867758,43709.61566894171,232
109757.83826393036,261000,0.1628030851215794,-57.947188404624384,252
154151.85935873073,261000,379522.32169633545,-40.937984920026544,259
228748.34595237562,261000,422.7731223574044,-12.356955573802447,260
555443.481589779,261000,918.6567452138645,112.81359447884253,260
434592.0775582522,261000,2.539529563600906,66.51037454339165,225
130891.63776184928,261000,0.619929037329931,-49.849947217682264,259
3015974.8052346767,261000,1.687049332181832,1055.545902388765,206
471336.3847023104,261000,1.1311771337614862,80.58865314264764,259
2379990.3530258243,261000,74967.57250753917,811.8736984773273,260
109367.46061149829,261000,155.72949584866657,-58.09675838639913,259
792213.1251211851,261000,0.015513838434619695,203.52993299662265,259
1874848.1875357681,261000,0.0167638221630394,618.3326389025932,257
609047.1369611634,261000,17012.816842724667,133.3513934717101,260
19693803.574812997,261000,67.07003159308377,7445.5186110394625,210
257872.62970881845,261000,12.454311641726171,-1.1982261652036585,259
115131.93700982071,261000,673.8165927120496,-55.888146739532296,260
41367.07671447066,261000,51972.39055931839,-84.15054532012618,259
4603139644.360365,261000,0.01194265028211575,1763555.0361533966,250
45774.05831743702,261000,857.1939030970292,-82.46204662167165,259
2623968.822417224,261000,60826.842022860736,905.3520392403155,260
2243398.025217461,261000,0.10845669769481614,759.5394732633949,201
388738.5659328768,261000,36.061125456505614,48.941979284627116,257
22083903.24698426,261000,0.014370537273545574,8361.265611871364,185
131334.4105338181,261000,4390.7009035585,-49.68030247746433,260
1145587.865472173,261000,0.20122510134642327,338.922553820756,237
471703.68084961345,261000,129.26681931075558,80.72937963586723,260
311117.67496536777,261000,0.15380598549587746,19.202174316232863,247
462823.9235507287,261000,0.02507587264272218,77.32717377422556,259
680824.9221094352,261000,463.1069420473937,160.85246057832768,260
1157950.3850939702,261000,480486.08038281405,343.65915137700006,260
807992.2952996306,261000,38.81436295525611,209.575592068824,258
5732122.943293759,261000,0.06756764005364378,2096.2156870857316,185
209657.5406943993,261000,325.74223351321336,-19.671440346973448,260
856481.7134311037,261000,0.01438646403485436,228.15391319199375,248
33848623.81628543,261000,0.012737313759251653,12868.821385549973,213
172583.29965887222,261000,8.55183296584922,-33.876130398899534,258
8452193.529214004,261000,844.8244399006498,3138.3883253693502,260
46832417.99174616,261000,15.751350116602234,17843.455169251403,231
2116209.4813732617,261000,75.96362838884801,710.8082304112114,260
323959.8299285748,261000,600.2143157536641,24.122540202519076,257
1875402.0738848385,261000,0.027614925753017334,618.5448558945741,258
321291.5021593349,261000,1.081440333671378,23.100192398212602,249
95984.52455202868,261000,328.78476471244625,-63.22432009500817,260
1939571.2645522524,261000,83503.63033185383,643.1307527020124,260
7345446.598493609,261000,2788.0378638880493,2714.3473557446773,260
2428577.1628472516,261000,28.72182956528997,830.4893344242342,258
7481569.388266464,261000,24.10392739816398,2766.5016813281472,256
25813712.86287694,261000,0.590892071685794,9790.311441715303,200
929381973.1119034,261000,0.01597670626952124,355985.04716931167,228
4021158.118482993,261000,0.0243043933430054,1440.6736086141736,235
5945755.3810411105,261000,33467.74289505282,2178.0671958011917,260
204671.41292477967,261000,49.826721676036335,-21.58183412843691,256
640898.5500207513,261000,0.09552262714840117,145.5550000079507,245
4776055.367441872,261000,1.0572277006384707,1729.9062710505257,214
216637.6531618844,261000,75143.84947202755,-16.99706775406728,260
354971.7733090789,261000,43.059695105060506,36.004510846390374,260
256518.53380983786,261000,296420.89675064204,-1.7170368544682544,259
117060.12798157036,261000,10.440763021733568,-55.149376252271885,258
650120.0382803942,261000,0.04774957545325971,149.08813727218165,238
2863124.5148509224,261000,138.6778272918622,996.982572739817,260
8934725.760255584,261000,7.73889303178501,3323.2665748105687,216
1639374324.680375,261000,0.012015103992576609,628012.7680767721,180
3880155.519971394,261000,0.01826103928608441,1386.6496245101127,247
198497.8275737602,261000,1.5304664517614124,-23.947192500475015,258
197554.44303363806,261000,955.6262746407215,-24.308642515847488,260
243360.12139328293,261000,1829844.1908369681,-6.758574178818802,260
92174.06280197047,261000,1324.1512533641262,-64.68426712568181,260
1807973.692566383,261000,0.06640915066419191,592.7102270369284,241
962649.0177814885,261000,3.43413929567307,268.83104129558944,255
680113.5490506588,261000,3.7005879291840373,160.57990385082715,259
9693663.101294424,261000,0.012721674620167317,3614.047165246906,251
3116238.0397369564,261000,0.013610281560247852,1093.9609347651174,247
14836945.766377421,261000,6.106516583999412,5584.6535503361765,227
137549.66854898457,261000,0.3410051567094838,-47.29897756743886,253
1890108.4277378856,261000,3.609433705784147,624.1794742290749,212
281281.4354461362,261000,689.9842218416404,7.770664921891274,257
632743.8773706201,261000,0.6130807871642363,142.43060435655946,259
1798312.970039183,261000,0.02963380775532929,589.0088007812963,249
1130725.4170888292,261000,389.66707968004215,333.22812915280815,260
154877.2425719622,261000,9.455421504422134,-40.660060317255855,256
325016.59287135483,261000,28.82012725424631,24.5274302189099,259
263989.3069321897,261000,3.3845420693901227,1.1453283265094545,258
171379.4209599587,261000,20.197611254366226,-34.33738660537981,250
1029205.2201900176,261000,0.02459901632365315,294.33150198851246,241
1989215.5080269906,261000,4.359444681480554,662.1515356425251,196
414114.4316008687,261000,24.81449767325724,58.664533180409464,259
1016279.5677714621,261000,0.08508214621654943,289.3791447400238,254
49297066.67864639,261000,0.012219685270128193,18787.76501097563,255
312262.0960646544,261000,2.163825828897059,19.640649833200925,252
127163.17001645443,261000,9.977263591398813,-51.27847892089869,257
80084.65590844664,261000,138.30048968975638,-69.31622378986718,259
103668.33236327059,261000,2.03596877289115,-60.28033242786568,254
1052506.363550743,261000,558071.4397407369,303.25914312289007,260
868475.0604248989,261000,0.16237045105709919,232.7490652968961,259
227438.18596666693,261000,0.21274614031732933,-12.858932579821097,241
356084.3914507582,261000,1.330650298562666,36.43080132212958,252
30399062.23053131,261000,0.33784535325154497,11547.150279897054,182
206233.3562010843,261000,5.687744633530308,-20.983388428703336,245
99093.72898090954,261000,12636.552107961834,-62.03305403030286,260
341490.9676908013,261000,0.020919035873305614,30.839451222529235,205
498248.2046116236,261000,1.6715424644228085,90.89969525349564,259
1808679.6145268644,261000,64.39895467177207,592.9806952210208,244
765106.2944029418,261000,5.81643259510064,193.144174100744,251
7125491.913318819,261000,0.2715275717752982,2630.0735300072106,176
90210.89211012113,261000,397374.5866752112,-65.43643980455128,259
197493290.56971008,261000,0.012122096991478253,75567.92742134487,194
9984957.749990351,261000,0.01218704744308159,3725.654310341131,259
16832790.374450002,261000,2.997738624363846,6349.344971053641,245
174005.19388223634,261000,2951.0312574360682,-33.33134334013933,260
25875073.84916695,261000,0.04467186045415522,9813.821398148257,218
292353.84250606375,261000,10082.690279456094,12.012966477419063,259
2501920.2102197204,261000,0.013568717279322566,858.5901188581304,258
584365.1969292148,261000,108.14308919438585,123.89471146713208,260
27632244.591863845,261000,25.375283021703364,10487.066893434423,192
620641.8047367027,261000,0.8182704355512483,137.7937949182769,215
29326776.12033485,261000,0.035845536951227476,11136.312689783468,240
402377.7409621822,261000,60421.97024382141,54.16771684374796,260
10435273.74568637,261000,2.4254809827558157,3898.189174592479,245
34383479.28239544,261000,0.013593535456899118,13073.746851492504,185
4018975.0295328563,261000,10.233172776763535,1439.8371760662285,227
4563356.300456484,261000,0.054731229364432935,1648.4123756538252,215
151560.2229394885,261000,21.823260278892146,-41.930949065330076,259
654350.3134435621,261000,274.58150148274444,150.70893235385523,260
281913.8129457836,261000,47.451567448354936,8.012955151641227,260
1531720.0600609996,261000,0.05457425656034526,486.86592339501897,232
148582.29235366193,261000,10240.246951746392,-43.0719186384437,260
204993.69711477996,261000,228227.30948877567,-21.458353595869745,260
526807.7530111329,261000,102367.55197988094,101.84205096211988,258
2407599.646818462,261000,0.012826005018097934,822.4519719610965,253
188624.59051618577,261000,27.885350300911313,-27.730041947821544,258
395028.29756631557,261000,34326.151780965476,51.35183814801363,260
278706.8949921568,261000,1163060384.5873356,6.78425095484936,260
883295.8229682433,261000,0.01486613318612706,238.42751837863725,254
378525.4659612125,261000,11.582774114309117,45.02891416138411,253
1374003.319615555,261000,0.05462537244359403,426.4380534925498,248
733450.761239094,261000,439.3336718961389,181.01561733298618,260
516382.4050729182,261000,4.9950815062395915,97.84766477889588,255
498179.70003129356,261000,0.23294106937754808,90.87344828785193,248
301982.25339479494,261000,35.358598105405875,15.70201279494059,260
211325.86026232337,261000,70085.7651117056,-19.03223744738568,260
9189256.392224958,261000,0.1542106049844947,3420.7878897413634,227
1952080.088764407,261000,4372.794782865191,647.923405656861,259
125016.15668610932,261000,17.2051456831404,-52.101089392295286,251
81331790.19096105,261000,0.02325269126666204,31061.605437149825,241
567153.3412176828,261000,11.56243673061145,117.30013073474437,257
233473.37855136374,261000,826.0818234004407,-10.546598256182474,259
8476670.581647988,261000,0.079363219856732,3147.7665063785394,249
13958842.058081243,261000,0.17169113078765452,5248.215347923848,191
710520.6904955216,261000,6365.7940624196945,172.2301496151424,260
388971.22996315383,261000,8038.686950400495,49.03112259124668,259
45776.27643380156,261000,21.995892976426248,-82.46119676865841,255
926876.5607034944,261000,0.41262267553595816,255.1251190434844,256
907381.5591519249,261000,17213.255778850555,247.65576979000957,260
307081.6207385989,261000,5.209077260091711,17.65579338643637,258
5787740.540623775,261000,5.067047440839239,2117.5251113501054,241
5749399.781220278,261000,111.65738670648476,2102.8351652184974,255
236381.9337648819,261000,1036535.9928351324,-9.432209285485865,260
326590.370301363,261000,5373404.880951123,25.13041007715057,260
134374.28606869388,261000,26321392.377348475,-48.51559920739698,260
13561678930.687511,261000,343.89367267859626,5195945.567313223,183
154546.31015184696,261000,3.308416753159691,-40.786854347951355,254
748890.1026785271,261000,5359.135376571725,186.93107382319047,260
270666.11514695035,261000,45225437.516225934,3.703492393467568,260
765777.9244358292,261000,627.9368017457127,193.4015036152602,260
382714.3781310649,261000,0.5309021639143017,46.63386135289842,255
3381745.6999344323,261000,48277969.733092904,1195.6880076377136,260
1936334.0883486313,261000,65620614.98615748,641.890455305989,260
105645.414921493,261000,1.180371631541679,-59.52282953199502,252
123345.2676982779,261000,2.150221182686868,-52.741276743954835,255
9598944.87748095,261000,1.8834992595371973,3577.7566580386783,196
589598.0299831355,261000,301.7654809466021,125.89962834602895,260
86384.36277936287,261000,2.32109998689161,-66.90254299641268,254
371564.9560655228,261000,1425359083.556066,42.362052132384214,260
261688.2395439533,261000,181478.68425930824,0.2636933118595016,260
1075795.3964026137,261000,9.65569103515994,312.1821442155608,259
192889.6832643477,261000,157.87527723081516,-26.09590679526908,258
1228374.9028097403,261000,26.140699176169697,370.6417252144599,256
218454.8456504246,261000,2116.083739406362,-16.300825421293258,259
519376.2340278225,261000,78958.84657915907,98.99472568115804,259
177442.72616913042,261000,42.1049362282362,-32.01428116125272,259
78940989.62604202,261000,3.21807227783032,30145.58989503526,203
2101955.099737809,261000,0.016135537415749964,705.3467815087391,237
84278.16403952678,261000,70819.8854982952,-67.7095156936679,260
490070.00894281734,261000,0.1759932893532837,87.76628695127101,254
259472.1515015077,261000,0.20313811189738126,-0.5853825664721448,236
488842.46669862024,261000,23.044176279457705,87.29596425234492,259
2301646.803465692,261000,0.067208085454932,781.8570128221043,254
1156545.0836734443,261000,268.544268084404,343.12072171396335,259
608273.480036275,261000,0.18967420049081915,133.05497319397512,256
104894.8128661245,261000,8203.32179965052,-59.810416526389076,260
460875.0404949899,261000,0.148139719503818,76.58047528543675,258
57248091.15245591,261000,8.2269309070747,21834.134541170846,225
260270.42418225278,261000,1155.3863328519162,-0.2795309646541058,260
859186.8810102086,261000,0.5448196689829805,229.1903758659803,227
317497.0021048937,261000,823.4971468541194,21.64636095972938,260
16605880.22898258,261000,0.04603830138025003,6262.406218000989,222
173627.66466415362,261000,1577.8393278965775,-33.475990550132714,260
89280.91484639696,261000,1.6707631897541138,-65.79275293241497,256
207355306.12870386,261000,0.014086306007953433,79346.47744394785,181
1193878.592812201,261000,34.177876595405216,357.42474820390845,258
2403551.7649210165,261000,46.867799804538144,820.9010593567112,260
213908.6852281294,261000,1288.9205631900775,-18.04264933788145,260
524751.6825424586,261000,0.07432616056380129,101.0542844990263,246
14522088.220381131,261000,31.220701985085228,5464.018475241813,249
168741557.72985163,261000,19.607056259105363,64551.937827529364,224
1361565.7800388809,261000,2.435205380951903,421.67271265857505,254
2962287.838782888,261000,0.033549870024169634,1034.9761834417195,258
48010496.07912589,261000,0.012467881867521024,18294.82608395628,256
786102.5071646622,261000,0.029895369789261432,201.188700063089,255
10558083.294219771,261000,8004.79189239947,3945.2426414635142,260
3275691.9489628384,261000,24771.272875326184,1155.0543865758002,259
634564.0626062468,261000,0.7073612642884171,143.12799333572676,230
92798.29767396128,261000,13.83504039720829,-64.4450966766432,259
5430329.673067472,261000,0.2653421022402925,1980.5860816350466,208
172898.80200636174,261000,1838.2485693699855,-33.75524827342462,259
461518.13063282566,261000,34.42450819897171,76.8268699742627,260
102954.21561799927,261000,1234.1951989425313,-60.5539403762455,260
174583.18079477776,261000,17.783495372262518,-33.109892415793965,255
85454305.54157786,261000,0.10663775426311492,32641.113234321016,220
17499044.26039074,261000,23.359077629175033,6604.614659153541,243
1588200142.8566144,261000,0.01206570723346072,608405.8018607717,208
9932350.818831267,261000,0.012979994945758648,3705.4983980196425,237
419587.66588851664,261000,96.40752487551025,60.7615578116922,258
1348025.671056414,261000,2.793219145680786,416.48493143923906,235
343927.0736694291,261000,0.6939353783924009,31.77282516070081,235
372555.49098703795,261000,0.5479802354316039,42.74156742798389,253
94722.04686540326,261000,3.4694977318268645,-63.70802802091829,256
2904550.764249163,261000,2951.378893879314,1012.8546989460397,260
488702.52990502183,261000,55.59585475559187,87.24234862261373,257
2080936.5736739621,261000,0.0984317827155996,697.2937063884913,259
81903.37223137614,261000,1829.3421156211737,-68.61939761249957,259
49567.62699670983,261000,5.701593912528464,-81.00857203191195,255
4503844.493812686,261000,0.12642823287575913,1625.6109171696114,208
596510.8652682072,261000,11772.116953595354,128.54822424069238,260
389407.624325442,261000,500.7965586885422,49.198323496337935,260
544700187.5638785,261000,0.01196472358799299,208597.38987121783,234
53662961.137250476,261000,0.04477436183387168,20460.52150852509,222
82249179.81931686,261000,6.101187392342718,31413.09571621336,239
5333572.350964841,261000,0.013211487826209333,1943.5143107144988,251
253019.62122205217,261000,2150032.4039282184,-3.0576163900183255,260
2208974.64744829,261000,0.013172035104606796,746.3504396353602,252
518513.8307252559,261000,3378.8356183980686,98.66430295986815,260
607436.6752684662,261000,0.04278118527337733,132.73435834040853,259
14558452.062229102,261000,0.04103564769462865,5477.950981696974,204
731018.7253057106,261000,336.37041649444467,180.08380279912282,260
4398213.791937819,261000,1.2227685562973396,1585.1393838842216,192
2612644.5372358956,261000,3743.836320032297,901.0132326574313,258
1574178.4087907572,261000,1.0869120277575104,503.13348995814454,219
1286548.7665618756,261000,631.0764379203265,392.9305619011017,260
199574.53767148385,261000,3589177.134267968,-23.534659895983197,260
202504.48651984285,261000,165.61463289185818,-22.41207413032841,260
179436.1995315128,261000,0.06077041243024231,-31.250498263788202,249
6385010.85433181,261000,5171.873599977803,2346.364312004525,260
133198.28079447226,261000,1.3471869960307628,-48.966175940815226,256
1275618.9572970648,261000,22.336166498013064,388.7428955161168,251
271526.95982100273,261000,70.12400601920965,4.033317939081506,260
1253871.4478943564,261000,43.9799699979581,380.41051643461935,260
202673.04962197645,261000,6.26575718163761,-22.34749056629255,258
547517.8606291913,261000,0.04861907249765406,109.77695809547558,257
468748.44000668084,261000,1.7580105943673794,79.59710345083558,258
60574.30931949104,261000,20778.08258375393,-76.79145236801111,260
1410479.701225907,261000,34.991171295706415,440.4136786306157,258
793903.8450953814,261000,0.12475120314004069,204.17771842734916,259
817576.9469921222,261000,0.042417141373024825,213.2478724107748,233
898298.2918624621,261000,9718.053215781365,244.17559075190115,260
1168419.7439635957,261000,1.0056441160742915,347.67039998605196,259
396136.0624414143,261000,1306.9826988099405,51.77626913464148,260
144170.80340402832,261000,1.2349300715432914,-44.76214428964432,254
644446.2490329735,261000,8.487835498009195,146.91427166014313,259
8311734.656380926,261000,1.6658537330572531,3084.572665280048,236
478295.388643174,261000,0.0252482127416829,83.25493817746131,253
103153331.78542224,261000,0.012608255726306482,39422.349343073656,247
1518688.9552344624,261000,0.7046684189080851,481.8731629250814,257
130060.81710337942,261000,2174642.80729271,-50.16826930905003,260
2263834.1230794108,261000,0.18387251806520832,767.3693958158661,254
460492.30249330396,261000,0.16687661817696894,76.43383237291339,236
413590.56135386793,261000,0.05951606904601243,58.46381661067737,249
117448.1561678501,261000,539.2749103749054,-55.00070644909958,259
856004.2226920918,261000,139.2375027992284,227.9709665486942,260
6058571.949041648,261000,1171.1797109523015,2221.291934498716,260
116801.38031263345,261000,1136.3972674331355,-55.24851329017875,259
222736598.41817558,261000,0.01206767962570952,85239.69288052703,251
231015.86355956143,261000,2.3126773763876907,-11.488174881394087,256
486567.62840485486,261000,0.2568225153488604,86.4243786991781,253
608682.9706023426,261000,0.25636906932295184,133.21186613116575,256
193238622.7931779,261000,0.15448796767665351,73937.78651079613,204
77325255.18992808,261000,160.72732199950036,29526.534555528004,215
1459793.3217426839,261000,591536312.4622872,459.30778610830794,260
212267759618.2216,261000,0.011940318130202054,81328543.53188567,243
332857.9763670619,261000,0.0348456881046853,27.53179171151797,243
533660.0816063333,261000,64601.48656579474,104.46746421698592,260
221218.19527342127,261000,17141.10576679564,-15.242070776466948,260
759758.5446468062,261000,3.3122983681026064,191.09522783402537,254
197845.46866493838,261000,880795515.7393116,-24.197138442552344,260
1311985.8955543574,261000,3.3505271561628884,402.67658833500286,255
277633.51375429094,261000,651.1562372498606,6.3729937755903965,259
63400715.83043962,261000,0.012388624414560302,24191.462003999855,234
157687.96450650317,261000,121.03292874460021,-39.58315536149304,259
2097354.569829384,261000,5.850579493172649,703.5841263714115,242
22291335.000388686,261000,0.01271308261118572,8440.741379459267,249
20333948.148246903,261000,0.013039877806703987,7690.7847311290825,252
9961989.568617994,261000,0.012868984947387774,3716.854240849806,239
1133921.8518857858,261000,0.5996098146649151,334.45281681447733,255
292286.1099236414,261000,321.2476213225288,11.987015296414318,260
339728.9851612661,261000,2.2578238415929883,30.164362130753304,246
167273.28863387363,261000,3.3620895536019093,-35.91061738165761,251
134582.72112767483,261000,54.44945953600396,-48.43573903154221,255
12511010.136904394,261000,0.014883085091294122,4693.49047390973,248
448871.51052172924,261000,2882.3440934932473,71.98142165583495,260
409720.3014577578,261000,13.012383560095763,56.98095841293404,258
412125.23895233567,261000,0.1212870949943303,57.902390403193735,255
27260691.82631313,261000,0.011974968243551688,10344.709511997367,250
335477.822054734,261000,150.75591384186782,28.53556400564521,259
619952.6652336626,261000,0.1124806603156518,137.52975679450674,256
200426975.47204635,261000,0.011955021370216092,76691.94462530511,249
507437.6134343489,261000,16336.234580891263,94.42054154572754,259
694413.4652567334,261000,373131.7051843519,166.05879894893997,260
342634.80508863303,261000,0.0774471306550556,31.277703099093113,255
650366.3068918566,261000,0.04171425356167005,149.18249306201403,253
387996.8956097255,261000,549954.1058788779,48.65781440985651,260
1676963.236339239,261000,0.018594567452673242,542.5146499384058,256
1408161.0160340506,261000,6.611359267368011,439.52529349963623,259
157476.94410931904,261000,0.1506127424475376,-39.66400608838351,256
334216.44304572424,261000,140.7833520720045,28.05227702901312,259
525586.0252300466,261000,103.54100944269567,101.37395602683779,259
401896.0165392611,261000,281703.5316994498,53.983148099333754,260
496344.2209228035,261000,1290.2692137220267,90.17019958728105,260
1500401.2705917133,261000,47.4364026045257,474.86638719989014,259
185045.61002531208,261000,5.973823097292342,-29.1012988408766,258
694332.9059256891,261000,0.08155384050758914,166.02793330486173,259
598869.2544283224,261000,1.9300426585818211,129.45182162004693,257
2902850.7462885613,261000,0.01773383366445949,1012.2033510684142,204
10011140.032113384,261000,0.013108512850935887,3735.685836058768,223
318573.64693189977,261000,42.16356766171951,22.058868556283436,258
67113.84152134975,261000,485661.4702019594,-74.28588447457865,260
514894.9020756147,261000,11.24641581545475,97.27774025885621,240
814490.7024494457,261000,67476.87587717331,212.06540323733552,260
641534.040264816,261000,72.83743653498284,145.79848286008277,258
2409211.002654373,261000,21.251200365090014,823.069349676005,258
134069.32821408357,261000,510.8877206389141,-48.632441297285986,257
305013.681159591,261000,136.43404645575683,16.863479371490808,256
85898.23496475334,261000,4119.160624996966,-67.08879886407918,260
355938.943633307,261000,1.4229619873233463,36.37507418900652,253
263102.5825733004,261000,2.5301593190999885,0.8055871928354031,259
136564.68589804586,261000,12.770884182174393,-47.67636555630427,259
140497.89235921923,261000,1.0241307470932757,-46.16938990068229,255
451933.49896657426,261000,4.32162214972896,73.15459730520087,259
1289566.1907231228,261000,729.0950337199223,394.0866631123076,260
49460464.99873525,261000,0.012157902214709068,18850.369731316187,251
404362.2259646086,261000,1.0450482752040222,54.9280559251374,259
27090742.69010937,261000,1477.4530443551434,10279.594900425045,260
588604.1474416632,261000,2011.0025783573922,125.51883043741884,260
979101.2580098176,261000,1.1308464367324065,275.13458161295694,221
84744.78272817934,261000,0.1772108441743204,-67.53073458690446,252
7573652.442108874,261000,0.012342563127121134,2801.7825448693,249
259232.76081354902,261000,855.1672787281767,-0.6771031365712584,259
661095.2515884663,261000,214907.97203002678,153.29319984232427,260
788016.1000673153,261000,20.765848616131002,201.9218774204273,260
3789699.5507482737,261000,5051.609696288119,1351.9921650376527,260
323893.55909136846,261000,1.2214314100921289,24.097149077152665,231
99170.95291145323,261000,81.02639660942671,-62.00346631745087,258
24681473.84375799,261000,22.295048386794964,9356.503388413023,200
339678430.0494477,261000,0.01413979062706705,130044.99235611025,240
258260.24518236704,261000,1476.6089609532146,-1.0497144895145434,260
124710.03703887746,261000,1873.0606911835775,-52.218376613456904,260
736352.4142515388,261000,0.24196263622206457,182.12736178219876,255
19704439.39173044,261000,3282.9477811053007,7449.59363667833,260
296933.62216765113,261000,1.6330944139764998,13.767671328601965,253
1857678.0622078544,261000,0.028299430681887845,611.7540468229328,222
67255.35444391347,261000,24.65963768831334,-74.23166496401782,259
2144170.188657208,261000,0.9098211213398584,721.52114507939,254
2014505.8585598844,261000,0.015465218462944574,671.8413251187296,252
2521233.3738444624,261000,0.10932284145719659,865.98979840784,254
924366.765657174,261000,7.139657416462354,254.16351174604367,259
5425968005.852589,261000,0.013164696977236778,2078814.9447711068,196
19295007.988794,261000,0.13960659487447274,7292.723367354023,196
864134.4792744555,261000,4047.253414063307,231.0860073848488,260
250737.17098736946,261000,35039.4288198153,-3.932118395643884,258
229487.2063492301,261000,14206.4077072125,-12.073867299145553,260
4045971558.793965,261000,0.01194239570806905,1550080.6738674196,243
674715076.1792915,261000,0.011944350969928333,258411.52344034158,245
1869145.7859362983,261000,1.7108599624597156,616.1478107035625,237
153925.8521236193,261000,45466.671396084435,-41.024577730414066,259
2007526.677551985,261000,13.146155644992199,669.1673094068908,259
684611.6914694338,261000,27244.54048628545,162.30333006491716,260
247843.08945532312,261000,632.0669864728745,-5.040961894512215,260
401923.49448801373,261000,30990.937848891757,53.99367604904741,259
207850.1583494209,261000,0.015385480743276739,-20.363924004053295,249
11006152.011164393,261000,0.012456193975032927,4116.916479373331,252
2709008660.1631427,261000,0.012410610842826724,1037834.3525529283,159
164081663.87947124,261000,0.01197331838217217,62766.53788485488,255
620797.3848611186,261000,1.763333356149118,137.85340416134812,247
402670.84372813295,261000,13.683470214174761,54.28001675407393,258
481679.8847013493,261000,0.37708807003878886,84.5516799622028,257
122476.34267238347,261000,92345701.46173704,-53.07419820981476,260
1348854.3647726418,261000,8889507.665284695,416.80243861020756,260
776227.9363982473,261000,17.17763998663611,197.4053396161867,254
84643.81435708058,261000,381067.3497127439,-67.56941978655917,260
272898.0299950837,261000,97.42240328118598,4.558632182024403,258
96501.29294694764,261000,90.63560777234115,-63.02632454139938,254
6072798.587282854,261000,106.51476592002066,2226.74275374822,255
334417.6544312986,261000,3.356922136778207,28.129369513907516,257
153013.50117181914,261000,186.88470342923878,-41.374137482061634,257
17905971.089571085,261000,0.01731507212936674,6760.525321674746,191
368970.1069701946,261000,0.2613830145183167,41.36785707670292,254
1952426.2209391014,261000,0.013270539246982765,648.0560233483147,254
1063658839.771013,261000,0.011951878408944282,407432.1225176295,256
190159.68283648236,261000,21.229186780534167,-27.141883970696412,259
664755.726303785,261000,33073.52064940557,154.69568057616283,260
99916.95632585416,261000,4.502244940954484,-61.717641254461995,259
1248781.8404273049,261000,39096.97529196151,378.46047525950377,260
192241.63422038054,261000,5.273808890436483,-26.34420144813006,255
173615.74226614743,261000,58766.34213359255,-33.480558518717466,260
538260.869652734,261000,1.2483260459402281,106.2302182577525,259
728019.5780522902,261000,0.47226043952527713,178.93470423459397,232
359389.06409426866,261000,0.9345776249636412,37.69695942309144,246
23098407.932295367,261000,0.022406386577980046,8749.964725017382,241
564596.6076926506,261000,1646.7884783224963,116.32053934584317,260
147197.328099006,261000,354.1290181312312,-43.60255628390575,259
180605.98046974372,261000,66.7637395213583,-30.802306333431524,260
531998.2368887791,261000,0.2673744988761753,103.8307421029805,259
71740983.1698976,261000,0.08037588181103497,27386.96673176153,231
167637.15650197875,261000,171.39412067587028,-35.771204405372124,259
859065.2906404542,261000,1.1880397627566541,229.14378951741537,259
5411404.326203429,261000,0.012915156668319753,1973.3349908825398,251
108912.95873286242,261000,5391.444979469228,-58.27089703721746,259
99037.03726666245,261000,149031956.62306458,-62.054774993615915,260
2825274.255790546,261000,1.0841842491899762,982.4805577741555,207
139722.94700833538,261000,305.57817316822116,-46.46630382822399,259
1406163.7414633848,261000,31.768659240996932,438.76005420053053,249
176667.03952597486,261000,8.631243179489408,-32.31147910882189,258
456101.37669078686,261000,0.7105329863446007,74.75148532214055,259
174588.64913719078,261000,13.038514955751808,-33.10779726544415,249
316536.33177195146,261000,7.979947264834483,21.278288035230446,258
726897.9323682857,261000,0.06191695772596178,178.5049549303777,253
189223.53660567198,261000,2105722112.7924125,-27.500560687482,260
2788715.4267654964,261000,0.013371018683641201,968.4733435883128,251
3669907.3476902843,261000,1.3695381744800732,1306.094769229994,253
552989.846084797,261000,932.4699296559062,111.87350424704867,259
123078.60645301543,261000,15844.377527535964,-52.84344580344237,260
4822907.715589447,261000,0.014353464468544727,1747.8573622948072,253
388785.7931705857,261000,798.8480758191577,48.96007401171866,260
4144913.7166962093,261000,0.016059063496361593,1488.0895466269,230
236132.49912993013,261000,2.6510744048875714,-9.52777811113788,252
1227237.1466193567,261000,0.5026365551873118,370.2058033024355,219
165513.0891750266,261000,73188.6317643522,-36.58502330458751,259
102372583.83225301,261000,0.18665387395413297,39123.21219626552,205
374108.8216866014,261000,30.16770128396006,43.33671328988559,257
568255.7416280402,261000,51.511328000290916,117.72250637089662,258
360614.599477449,261000,4.302299829596744,38.16651320975058,259
2237567.6474888907,261000,1.7312852590371426,757.3056120647091,202
230373.89222879344,261000,76.68187471544537,-11.73414090850826,255
144865.89040884894,261000,720.824491716614,-44.49582742955979,260
285878.45405836817,261000,0.02567059782755967,9.53197473500696,257
55406.861679783906,261000,3625213.001952888,-78.77131736406747,260
865082.1821853393,261000,0.5037754551382991,231.44911194840586,238
2796452.5600125906,261000,2.4392818136648047,971.4377624569313,206
2005628.628328639,261000,55.47758613527517,668.4400874822372,257
179619.3167997937,261000,32.16572151231145,-31.180338390883634,260
595259.4034606279,261000,689.3463100107953,128.06873695809497,260
216003.2466138234,261000,437.3143338875551,-17.24013539700253,258
198952.03736857683,261000,1.0938642215287453,-23.773165759165966,255
804057.4284721212,261000,17611.427490473587,208.06798025751775,259
842428.2844050532,261000,0.1905153064620095,222.76945762645715,252
4711859.938713232,261000,0.025303825196865443,1705.3103213460658,246
166857.7423587317,261000,30.130422545482627,-36.06983051389591,259
64465.29761353619,261000,61.76751355155709,-75.30065225535012,259
892059.8481426891,261000,1.2139124795897362,241.78538243014907,236
150481.95632024927,261000,285.97497752339217,-42.34407803821867,259
417836.7986529162,261000,0.25292532471781987,60.0907274532246,253
601835.8620595076,261000,0.04614113074229092,130.58845289636307,242
154569.38599395935,261000,13537.277745055855,-40.77801302913435,260
370028.068833914,261000,16.649299799882762,41.77320644977548,258
252814.78816064357,261000,0.6271644894801829,-3.136096490174878,255
232239.75361107825,261000,0.03419402179663337,-11.019251490008331,251
167792.41666372743,261000,226.13365102275463,-35.711717753361135,259
61171.07230750578,261000,0.24612601436211887,-76.56280754501694,259
785866.5487332068,261000,15140.683340161402,201.0982945337957,260
5153394.820639023,261000,17.985598844287786,1874.4807741911964,223
130833.97412164153,261000,4767.451955864062,-49.87204056642087,260
88974.33356567299,261000,4.967674569461889,-65.91021702464637,259
629445.15247253,261000,66833.02455031654,141.16672508526054,260
222930.00197101186,261000,557780.095826886,-14.586206141374763,260
313915.67990200623,261000,12295.4153584247,20.27420685900622,260
557696.0426364443,261000,2.5442418225070402,113.67664468829284,257
278275.44291839615,261000,0.624231641408819,6.618943646895076,259
4079003.8894832362,261000,0.32778597185310976,1462.8367392656078,219
310531.4648454881,261000,1575.276364449198,18.977572737734896,259
910248.4170779804,261000,424504.5531252277,248.7541827884982,260
1197735.5208807134,261000,0.7396938360639775,358.90249842172926,212
217218.494297049,261000,2090.378943293853,-16.77452325783563,258
5227447.354879643,261000,0.019635385728157335,1902.8533926741925,249
210202.0969513218,261000,1148224.2451496348,-19.462798102941843,260
93816.17201011752,261000,19.22702303778664,-64.05510650953352,256
5567810.028728695,261000,0.03550505392786974,2033.2605474056302,235
215611.98325479048,261000,6.927735239725985,-17.390044729965336,251
3239297.710032614,261000,0.013574619316572471,1141.1102337289708,255
621230.9866094615,261000,591.1805551715761,138.01953509941055,257
364858.2263451649,261000,1.0222379966593673,39.79242388703635,258
190247.21446371457,261000,0.5530134283114356,-27.108346948768364,255
286687.9677211333,261000,39506.097077859944,9.842133226487862,260
90789193.70005505,261000,0.01241327450247903,34685.13168584485,219
107276.81381386821,261000,28.09727628507097,-58.89777248510797,255
5590394.357576492,261000,0.01592959575002673,2041.9135469641735,254
265137.2748557605,261000,0.29213201012911316,1.585162779984869,256
59018.6356825483,261000,3099966.791190326,-77.38749590706962,259
362843.87557170703,261000,15.251395751548074,39.020641981496944,257
81207.06711447434,261000,0.43710963701768457,-68.88618118219374,257
327592.96900302754,261000,2.862847054368707,25.514547510738524,254
2244992307.2654405,261000,0.012156390572314473,860050.3092971036,190
106167.5411018364,261000,551.0594600841029,-59.322781187035865,260
90827.06522280264,261000,481.0053604856972,-65.2003581521829,260
20893355.35447655,261000,0.013749283964334448,7905.116994052318,226
178010.01845547312,261000,0.7833428460985307,-31.79692779483788,258
354525.8710051228,261000,3892.988286923114,35.83366705177118,260
669829.6080272592,261000,325368.7444349582,156.6396965621683,260
166867.46762433858,261000,413.53718527346814,-36.06610435849097,258
1520907.5332386896,261000,26.224898986282966,482.7231928117585,256
213354793.11904112,261000,0.013674492052319957,81645.13146323414,217
667173.8325863645,261000,0.17003526309776745,155.62215807906685,256
225500.00372339418,261000,0.035600559482095354,-13.601531140461997,248
163049.34280631097,261000,0.6344056938924634,-37.5289874305322,237
513349.8982869355,261000,0.24225899669369874,96.68578478426649,213
82610.48716158996,261000,1.0469526959992208,-68.34847235188124,257
219077.13517278366,261000,251.96886778630522,-16.06240031694113,260
422813.74488340825,261000,0.23210685035994874,61.99760340360469,257
461047.93873052415,261000,0.2811513804373193,76.6467198201242,249
604495.0169240637,261000,0.035413696499525416,131.60728617780217,253
1519054.997460833,261000,0.018313165033442855,482.01340898882495,256
54106525.122583,261000,5.727182064666098,20630.46939562567,248
3457437.9694455825,261000,0.01603942391964834,1224.6888771822155,244
129529.54646435594,261000,12.253177415218566,-50.37182127802454,258
86671053.30572473,261000,0.016187552632576777,33107.300117135914,192
1291521.270216177,261000,9653.088655015299,394.83573571501034,260
13638222.294648882,261000,0.012988777753330837,5125.372526685395,231
4263681.915509467,261000,0.03078499697916203,1533.5946036434739,202
485117.2096521186,261000,0.30850637252516033,85.86866270196116,255
136080.2934393339,261000,2822.804986485519,-47.86195653665368,260
1785318.931143331,261000,0.03139165685220768,584.0302418173683,258
23841311958.588093,261000,0.0163695288002742,9134502.282983944,229
377322.854258369,261000,5194.5727977545275,44.568143394011116,260
241395.25067671208,261000,0.07313296395182864,-7.511398208156292,242
529829.0212126138,261000,1641.5116823354663,102.99962498567578,260
643592.073698965,261000,0.26927735386803897,146.58700141722798,250
1335694.1262448973,261000,0.023410337600044805,411.7602016263974,254
333600.5234639621,261000,8.706587365478905,27.816292514927998,259
1804479.8935931993,261000,6.023054201894858,591.3716067406895,234
1633347.5118096652,261000,0.027774337626368932,525.8036443715192,256
646407.1635526308,261000,3786.862911257113,147.66557990522253,260
8806393.127774209,261000,0.3215237332173506,3274.0969838215356,180
874479.4096411,261000,261.65794020531075,235.04958223796933,260
15785035.954215208,261000,64.37223135106626,5947.906495867896,251
478328.77240666864,261000,135967.280588783,83.26772889144392,260
220078.43414665692,261000,1.0347179986067412,-15.678760863349842,255
252345.31613310205,261000,6.803758189574817,-3.315970830229099,258
2111278.3963415055,261000,0.16842058760636805,708.9189258013431,215
215819.36757845862,261000,14.072622818775478,-17.310587134690184,259
19822796.371440645,261000,0.013132371511323926,7494.9411384830055,234
459436.69172485045,261000,574251.632657281,76.0293838026247,260
117801.17430513787,261000,0.3489423444115629,-54.86545045780158,256
293057909609.2323,261000,0.011943795234034403,112282623.98821162,215
86889.86921445435,261000,563.9378022488327,-66.70886236994087,257
276032.35493635526,261000,1213.6291092275806,5.759522964120789,260
177295.49994083223,261000,11006.127703610302,-32.070689677842054,260
179094.23310058436,261000,119839.98815752368,-31.38151988483358,260
15334816578.224358,261000,0.012087919328338772,5875308.650660673,243
4943169.305223205,261000,0.6841341202757766,1793.9345997023775,214
489631.7987963078,261000,9178.250070948394,87.59839034341296,260
630711280.3887516,261000,0.011942189508670377,241551.8315665715,247
17304438.648129575,261000,15.124183250251825,6530.053121888725,191
7379489.4917329,261000,45636.38703353325,2727.3906098593484,259
766907.7697963371,261000,11.899503818569116,193.83439455798356,257
216199.46523504116,261000,1872.6550974080585,-17.16495584864323,260
5530009.578660741,261000,8121.482172934716,2018.7776163451115,260
78533.60378889342,261000,383.57114369117176,-69.91049663260787,258
872346.9470512787,261000,685.9461558474334,234.23254676294204,260
439206.2204386584,261000,19.954668388038776,68.27824537879631,260
391698.364418562,261000,0.09771919741001213,50.07600169293562,255
200247.55830760885,261000,4.352464969109777,-23.27679758329163,257
1076439.320034161,261000,4.768942294217544,312.4288582506364,255
80040.32965124393,261000,75.57026845364241,-69.33320703017473,258
128787.74674626275,261000,191.27561099121593,-50.65603572940124,259
578322.7963574557,261000,81867.46646849709,121.5796154626267,260
360709.95427676773,261000,0.5141884441142487,38.20304761561982,255
3456605.466289649,261000,1290.9688504792423,1224.369910455804,260
314061.6096203482,261000,25492.580618557407,20.330118628485902,260
130931.41377330381,261000,5704329336.99452,-49.83470736655026,260
934254.3760364631,261000,3.285285631656754,257.95186821320425,254
887585.2276028258,261000,0.0397458199057265,240.07096843020145,255
41111199.59627234,261000,0.02032599709821819,15651.417469836148,217
988570.9494030022,261000,1.5250036175680177,278.7628158632192,255
880100.8309670849,261000,3.209718949653125,237.20338351229304,257
190319.63052020952,261000,26.337240645899332,-27.080601333253057,258
388916.48216351715,261000,8.350069193616223,49.01014642280351,242
557651.2622615679,261000,2746.3874073603624,113.65948745653942,260
139056772.60716224,261000,1.9980886381945755,53178.456937610055,240
486288.4223057593,261000,0.3815104867390742,86.31740318228324,256
467473.71473878296,261000,30723752.146511268,79.10870296505095,260
1740043.3028532322,261000,1807.3802666015927,566.6832577981733,260
1685385.8865350075,261000,1434623.4308915497,545.7417189789301,260
2520664.6388118183,261000,0.013767044217888831,865.7718922650645,240
176355.58942877577,261000,32.12145595687603,-32.43080864797863,259
337185.4022646398,261000,20167.332394548866,29.189809296796852,259
567861.1219497395,261000,381135.6583089081,117.57131109185421,260
307238.9452079028,261000,7.480754949086789,17.716070960882305,259
2694835733.2964764,261000,0.012621872739861609,1032404.1123741288,180
38397930.02795746,261000,0.012838158559834072,14611.850585424316,223
320941.28907564003,261000,96380.55981462283,22.966011140091965,259
1737973.0315607504,261000,2.0374743646482933,565.8900504064178,250
1290153.8985978016,261000,0.01308139931098003,394.311838543219,254
551202.3492605634,261000,1585897.772464743,111.18863956343425,260
10599110.470188454,261000,0.014478948759856882,3960.9618659725875,254
1787359.67063316,261000,0.01240272713580577,584.812134342207,255
14061822.530478548,261000,2.6935967607990325,5287.671467616302,240
1889660.8703879933,261000,6.824635121599374,624.0079963172387,251
16698722.19176185,261000,12.924058181366801,6297.977851249751,187
482479.62633236067,261000,2339.515957352441,84.85809438021481,260
312036.4360820993,261000,3.632850576330846,19.554190069769835,256
609563.526043398,261000,0.016902180255198018,133.5492436947885,256
12646049.229721645,261000,6.9049349309902155,4745.229589931664,231
3147119.4825447705,261000,1164.4252553538809,1105.7929051895671,259
108990.39601518432,261000,5.714719212606556,-58.24122758038916,258
97919.3863461142,261000,11013.165105515889,-62.482993737120985,260
216680.41733244978,261000,0.1800059282477175,-16.980683014387058,255
529437.0446453614,261000,0.03285693056837306,102.84944239285876,255
1964523.5433272684,261000,0.025676976745689715,652.6910127690684,233
397228.3202955793,261000,1646.1116619858956,52.19475873393844,260
9454644.812903613,261000,76774.32290324279,3522.4692769745643,260
2685745.6469516284,261000,0.10168301127886145,929.021320671122,222
43979.51161753698,261000,68.6493812272402,-83.14961240707396,256
3370910.9316735207,261000,0.03974948311998593,1191.5367554304676,247
320396.2031386673,261000,17964.57540044382,22.757165953512366,260
553858.3313783236,261000,46.68319753661984,112.20625723307418,258
1616209.883468941,261000,0.01765431365308842,519.237503244805,241
306109.8768521965,261000,8807.219050044114,17.283477721148095,260
133252.6815506038,261000,32509.320381739937,-48.94533273923226,259
133178.18897367397,261000,20.568872296247328,-48.97387395644676,259
240042.61617881717,261000,22.360618566464584,-8.029648973633266,258
115039.62574291682,261000,1.9798718698867186,-55.92351504102804,259
162880936.6687627,261000,0.2139595527081902,62306.48914511981,213
75949.84806603423,261000,46440.94743006838,-70.90044135400987,259
2175620.9160003243,261000,88.90581870363208,733.5712321840323,259
238475.8214673156,261000,113409.01954477062,-8.62995346079862,260
1215814.1067698468,261000,143.66186949288934,365.8291596819336,260
51047103.515939064,261000,0.015124619691250524,19458.277209172054,226
1783424.6519963725,261000,0.022905385234067183,583.3044643664263,259
270481.7068443529,261000,856.1836234218902,3.6328378713995724,260
206692.06929563696,261000,2.5952585068675,-20.80763628519657,254
917148.3367625375,261000,19516725.694470264,251.39783017721743,260
863010.239456198,261000,0.029199542476298062,230.6552641594628,256
2388586.3432679777,261000,10065371.222066214,815.1671813287271,260
567306.128986857,261000,0.017657904020066187,117.35867010990691,254
282285.88106171036,261000,0.2514519067182004,8.15550998532964,258
183596.62504932052,261000,45264.95700432778,-29.65646549834463,260
23577869.686644774,261000,0.016635463152701056,8933.666546607194,218
4219627.385670665,261000,3.4241341302764825,1516.7154734370363,259
1013193.1105079922,261000,1.0306327618829272,288.19659406436483,225
3031813.8599404437,261000,0.4345117319106834,1061.614505724308,221
3196676.1919319225,261000,0.023863709225771117,1124.7801501654874,243
111654.72386337526,261000,15969829.095475163,-57.22041231288304,260
62163.70639281404,261000,487.8589716252952,-76.1824879721019,259
274761.90860939433,261000,530.2171151677256,5.272761919308174,260
14318749.384869311,261000,8.235636540581293,5386.110875428855,214
264890.6012759001,261000,45.99305206280492,1.490651829846777,260
392604.606265442,261000,6.3907685738064055,50.42322079135708,258
180389.7446444054,261000,18678291.88397446,-30.88515530865693,260
3515398.8776244833,261000,1508.7716577183319,1246.8961216952043,260
667547.4826474712,261000,0.20698549832827046,155.76531902201964,259
263146.078940788,261000,5.55534296803135,0.8222524677348633,254
1089772.6066829525,261000,215.5654266603528,317.53739719653356,260
652248.0765837863,261000,41713.5299017848,149.9034776183089,260
238445.38006845204,261000,15728386.056127159,-8.641616832010712,259
128988.6933868471,261000,0.07260538581738228,-50.579044679368934,254
466707.07538005797,261000,420.44254607582695,78.8149714099839,259
558095.4162067944,261000,194.82037433672193,113.82966138191357,260
606123.6026910621,261000,6.129600294618092,132.23126539887437,246
249762.30118489015,261000,164.09148696862331,-4.305631729927145,257
432109.66185687494,261000,0.09460299928883222,65.55925741642717,256
127503.9060275885,261000,554.4771477483225,-51.147928725061874,258
178822.59469746554,261000,675.2245400175657,-31.485595901354202,259
47230315.56739223,261000,26.13868216196446,17995.906347659857,206
3502387.5793977636,261000,23.355157985636087,1241.910949960829,220
310295.0933603034,261000,15291.163145383029,18.887008950307806,260
1238592.993552207,261000,9.440089043066504,374.55670251042415,255
123440.24143381305,261000,22413.73132730859,-52.70488833953523,260
273635.8835050002,261000,10640.531153323363,4.841334676245291,259
201421.0134162329,261000,0.14164447523351048,-22.827197924814985,257
731707.1571539986,261000,0.5274428005777607,180.34756979080407,258
1169721.226295042,261000,1757889.5894144706,348.1690522203226,260
531489.318589353,261000,0.21326297316038845,103.63575424879426,254
290471.6592320268,261000,2.123753434686036,11.29182346054666,237
712204.7956143299,261000,7.95690621261571,172.87540061851718,249
220290.4833706483,261000,160941.32010653286,-15.597515949943183,260
385598.8161142454,261000,1803.0020968988144,47.739010005458006,260
4357656.5837481525,261000,0.020002727261965367,1569.600223658296,225
127104.59523817552,261000,3700312.514645302,-51.3009213646837,260
108841800.47209792,261000,0.2167194217677764,41601.8392613402,186
162220.64909213354,261000,20.22649026045681,-37.84649460071512,259
6073326.672302511,261000,9677.077564958765,2226.945085173376,260
1254050.362753834,261000,27.930838886446583,380.4790661892085,258
18929614.426505588,261000,0.11769752981890093,7152.725833910186,208
799323.9666144948,261000,0.08844121139655206,206.2543933388869,243
166609.28588271706,261000,3182204.45306889,-36.16502456600879,260
477028.826227821,261000,2.5736903876061454,82.76966522138736,214
28613860.436342523,261000,0.08893681894038725,10863.164918138898,208
875861.3159209966,261000,4.11452253784747,235.57904824559256,258
116854.85657632195,261000,0.475615255079259,-55.22802430025979,251
936337.2392099707,261000,14.269074949989598,258.7499000804486,259
226774.39655711132,261000,0.05314091001799504,-13.113258024095279,256
205850.99120553583,261000,0.30188362262826146,-21.129888426997766,257
39607183.616809525,261000,0.13142337067795243,15075.16613670863,250
7889945.06915646,261000,0.013024485580013366,2922.9674594469197,242
374429.5412443878,261000,0.9862047809135633,43.45959434650874,222
8671110.823935976,261000,0.019803454098345833,3222.2646835003743,239
144895.61753128708,261000,2995.2634720517917,-44.48443772747622,259
6103174839.444906,261000,0.011955735856272973,2338281.1645382782,246
7099076.654838079,261000,10.58753970933689,2619.9527413172714,206
128319.59272973039,261000,1.2801026257113284,-50.835405084394495,252
128888.06466383996,261000,205.35158351547256,-50.617599745655184,260
108820.36355671607,261000,173.45390840741487,-58.30637411620074,259
1054349.5752226412,261000,2.8863282634991276,303.9653544914334,259
1048043.6545882709,261000,4.099384992363483,301.5492929456977,229
111870.55746764805,261000,7867.614515298966,-57.13771744534557,259
435464.161036863,261000,0.03967502515261286,66.84450614439194,257
503159.14411450026,261000,44.85200841460922,92.78128126992348,258
11643037.536367258,261000,0.04637267763153144,4360.933921979792,249
79027.1154128007,261000,18463.882811233332,-69.72141171923344,259
999061.7763720378,261000,0.019071698922309595,282.78228979771563,254
611405.4631725966,261000,0.47858691136770637,134.25496673279565,254
2013470.8026305635,261000,0.8087855617883832,671.4447519657331,245
221390.63121053058,261000,81.8404612984739,-15.176003367612804,260
881175.3025642334,261000,0.2175322595127435,237.6150584537293,259
83182.99232619375,261000,179179.72896873142,-68.12912171410201,260
103781.44903687044,261000,4.072991069461807,-60.236992706179905,242
345366.7069771308,261000,142.42607973944732,32.324408803498386,259
212122.80994244965,261000,672.4683053669469,-18.72689274235646,260
2262444.420853049,261000,0.06634485407794445,766.8369428555743,223
7861723.927408609,261000,0.0978416772804485,2912.154761459237,178
290497.5229709892,261000,9763451.843862968,11.301732939076311,260
3384143.1015469953,261000,0.06177142776442688,1196.6065523168566,227
178824.39670528597,261000,43.01745691486554,-31.484905476901933,258
2043591.7970575993,261000,0.07934707431019385,682.9853628573178,243
303307.86854563165,261000,197.5059027229038,16.209911320165382,260
200212.2267229542,261000,0.17056453279802458,-23.290334588906443,255
390713.36001426185,261000,2211.0092473679583,49.698605369448984,260
580940.1881509485,261000,2.331600100782598,122.58244756741321,246
312838.85704575997,261000,0.018118466236673045,19.861631052015312,259
309066.9173431626,261000,818.726989626143,18.416443426499075,259
1706043.9083270081,261000,0.16418570046085226,553.6566698570913,241
145860.3748994714,261000,2753875.2499337913,-44.11479888909141,260
16077726.919467088,261000,0.9855035322909123,6060.048628148309,225
224361.31761367203,261000,6003.601958502202,-14.03780934342068,259
228389.89490902575,261000,0.03638737126883806,-12.49429313830431,257
139166.0591516904,261000,1547.250599672325,-46.67967082310713,259
196559074.01559123,261000,0.01516745259947892,75209.99004428783,202
2548306.395008912,261000,0.4858432985041326,876.3626034516903,258
2282546.4071016,261000,0.02221575925790164,774.5388532956322,221
17686293.55212602,261000,28.83260636185625,6676.357682806904,193
148417.50501096805,261000,0.1659294043595302,-43.13505555135324,258
639679.909289064,261000,2.6021632824846836,145.08808785021608,259
34972387.1814197,261000,0.012435081546470501,13299.382061846629,235
