final_value,total_invested,total_btc,roi_percent
185080934.17799684,261000,0.0159509132445376,70812.23531724018
137932.2151147534,261000,40933457.668190435,-47.15240800201019
232798.54730205098,261000,0.46102754116669087,-10.805154290401923
2164646.461980518,261000,183.6077448754506,729.3664605289341
257711.9901112414,261000,4.381291840756626,-1.2597739037389242
126623.53019994634,261000,2.5578864339371163,-51.485237471284925
564157.186665752,261000,0.0845554576635845,116.15217879913868
228658.53640788392,261000,2.949757510384839,-12.391365360964016
122627.75709104714,261000,4158.612420158306,-53.0161850225873
171787.54862598007,261000,1.92020910021928,-34.18101585211492
256862.1358004038,261000,122389.99518970858,-1.5853885822207643
585283.8907322617,261000,11.998154426036391,124.24670142998534
1011164.668340241,261000,95280.35457532355,287.41941315718043
431293.52020144265,261000,2.2395468884396315,65.24655946415427
1363252.1642067444,261000,0.023225088798317747,422.31883686082165
205785.51014891284,261000,0.06057935582820368,-21.154976954439526
321602.638516788,261000,0.8604543753724949,23.219401730570123
42739747.79834025,261000,0.01527186733728895,16275.382298214658
778827.6495264998,261000,0.07230691368652639,198.40139828601525
1188249.1657051048,261000,3477.484537692709,355.26787958049994
3160718.241443336,261000,59.66615981428538,1111.003157641125
144459.3974893879,261000,55.588718326158585,-44.65157184314641
204296.92753451472,261000,242.65591414768306,-21.72531512087559
759895.4857747806,261000,351213581.8942067,191.14769569914966
2311832.209637713,261000,4.031756532821984,785.759467294143
306869151059.70215,261000,0.014936493645719176,117574287.37919621
1927212.4762423045,261000,285.4215874438121,638.3955847671665
337368.2335545746,261000,0.11085456005164733,29.25985959945387
53337737.27666342,261000,0.015403968876157019,20335.914665388285
289154.48860047065,261000,0.20125194205154145,10.787160383322087
2287853.539566696,261000,560.8809849282211,776.5722373818759
898354.9869175876,261000,0.46648828664669445,244.1973129952443
479018.85201082693,261000,0.03258593206058169,83.53212720721338
8547758.582172297,261000,1.0508421119539373,3175.0032881886195
1026975.279154235,261000,682.2121791949849,293.4771184498985
283034.5620976082,261000,10365.724593273535,8.442360956938018
279456.4683145708,261000,670.4241969926599,7.071443798686124
192705.94106257366,261000,8.080999949836196,-26.166306106293614
585301.8464763274,261000,1356.3585921840433,124.2535810254128
100233.1807881561,261000,3.118870733986132,-61.59648245664516
469499.9546680676,261000,18.77412468207266,79.8850401027079
139724.49609576567,261000,105.44724989759119,-46.465710308135755
289048.1934981667,261000,140351.57380146705,10.74643429048532
5341303.749368105,261000,9.30446844368013,1946.4765323249444
173235.36268592492,261000,100.99231101901763,-33.626297821484705
233366.44458503995,261000,2.6124344426764927,-10.587569124505766
6005284.823382666,261000,894822.0158479351,2200.8754112577262
145080.18248916368,261000,2.2496699480604296,-44.41372318422847
525322.8787372556,261000,0.1766774897503266,101.27313361580674
153150.8036163749,261000,924.974336085844,-41.32153118146555
148236.09098429844,261000,0.08890347960090295,-43.204562841264966
224961.8973658977,261000,9.404364665830135,-13.807702158659888
299582.10275609134,261000,0.4120518731306874,14.782414849077142
245892.59230386245,261000,8386.326112730098,-5.788278810780672
28725204.542178005,261000,1.6416777537347704,10905.825495087358
1045030.8021607669,261000,218.94170760014936,300.39494335661567
5654087.014541145,261000,413.9352407541998,2066.316863808868
1645998.8476392836,261000,26229.727951916342,530.6508994786527
258201.56650033774,261000,133369.19432042708,-1.0721967431656183
51668019.23396059,261000,0.017024032729635905,19696.17595170904
1835257743.602762,261000,0.015444708142887762,703063.8864378398
3244638.2776192715,261000,0.027821117709439194,1143.1564282066174
1070635.6454641044,261000,47.39447037634405,310.2052281471664
924471.8908900984,261000,9.191673032159922,254.20378961306454
982785.2914580081,261000,14.952078738319477,276.54608868122915
805586.3326283672,261000,126.25776228305047,208.65376729056217
225043.23284303705,261000,0.11671895338224642,-13.776539140598828
469787.070811544,261000,1263.7851501270625,79.9950462879479
4943271.055696788,261000,108.92322879896898,1793.9735845581563
54356960400.21829,261000,0.014932875866076636,20826321.60927904
169847.07470741455,261000,0.45703027221050235,-34.92449244926646
202278.27521738425,261000,1744.1972116567526,-22.498745127438987
124757.68887524995,261000,167.63445192637823,-52.200119204885084
94346.27108051295,261000,48792.014335011765,-63.85200341742798
6894901.001006507,261000,0.015547353310358416,2541.724521458432
348374.3350660895,261000,183.08089386367524,33.4767567303025
50531.0951571915,261000,2611456.578928689,-80.6394271428385
1987779475.1503277,261000,0.015258271986864283,761501.3314752213
438559.70629250974,261000,0.4335983469877613,68.0305388093907
97103.56106585216,261000,62349.27617338244,-62.79557047285357
7534077.464395753,261000,44779.18854770345,2786.6197181592925
388207.57060613343,261000,1.1443441912785997,48.73853279928484
1738100326.500703,261000,0.014981118258830167,665838.8224140625
346058.4725889689,261000,33976.987400863654,32.589453099221814
13308536.08992564,261000,0.21442159762603696,4999.055973151586
120373.09982140722,261000,419543.3464287507,-53.88003838260259
348608.36469167034,261000,2665.118102386178,33.56642325351354
284780.7115337967,261000,4.93047503676097,9.111383729424016
984374.9620288879,261000,0.46270728566716757,277.1551578654743
2035333.0898587883,261000,0.03179389415410523,679.8211072255893
4365001.846824757,261000,0.020461751100314906,1572.4145006991405
5386043.221769042,261000,15.406490087428269,1963.6180926318168
468126.3577786518,261000,9.825381533191802,79.3587577695984
144136.81112404465,261000,2360.182325021878,-44.775168151707035
305295.40448254487,261000,122712.59681185005,16.971419341971213
41556744482.15321,261000,0.014926761610019088,15922024.322664065
5169914.149078516,261000,0.07455818449272436,1880.8100188040291
132670.7338451855,261000,28.32721205460043,-49.16830120874119
18282205.15517741,261000,0.01891860843044212,6904.676304665675
128603.75499217048,261000,0.07445043294483154,-50.726530654340806
246762.537898162,261000,0.41628598933352906,-5.454966322543294
78772.87427745825,261000,0.28349549693852244,-69.81882211591639
1317283.2747623995,261000,1.7317372598473881,404.7062355411493
214176.15090114894,261000,0.9875377503399912,-17.94017206852531
255222.2598703003,261000,13.750557089723571,-2.2136935362834094
514373.00056918804,261000,0.11626605928672529,97.07777799585749
995461.1337127945,261000,0.08245581356285685,281.4027332232929
5724514.032922688,261000,69.04461852768299,2093.3003957558194
5367145378257.259,261000,0.014926454386926028,2056377439.562168
2391219.752967357,261000,944.1248498810622,816.1761505622059
4184887.015346416,261000,0.03290897333140526,1503.4049867227648
330775.846017249,261000,0.8505008159148059,26.73404061963563
453580.1786465218,261000,14883.64157008237,73.78550905997004
183268.08788693344,261000,1.7165736587804248,-29.782341805772628
1240599.7408023127,261000,0.10921554171156138,375.32557118862553
1015093.510857147,261000,0.42967387072794017,288.9247168035046
617844.607249569,261000,5.318969805484103,136.7220717431299
5356079.013401169,261000,0.01579391577644524,1952.1375530272678
845966.9996723233,261000,212.94371920791954,224.12528723077526
48283306.47251099,261000,0.1297451777514086,18399.3511388931
185952.92934517225,261000,24.43224688093412,-28.753666917558522
336108.25489297794,261000,0.5543693948891495,28.777109154397678
4753766.395810393,261000,0.015954196772005276,1721.3664351763957
410906.17232949426,261000,43.05123210652761,57.43531506877175
169800450.8552035,261000,0.015158147936408444,64957.6440058251
447229.8686205504,261000,0.15603005740511505,71.35244008450205
839661.3277392642,261000,29471904.622560192,221.70932097289818
728522.6657215457,261000,18.279169214811272,179.12745813086042
116634.84385414336,261000,0.24364651451783434,-55.31232036239718
5220304.271125671,261000,0.020769293659562527,1900.1165789753531
293380.3549498195,261000,49.081451613617844,12.406266264298662
487392.46419749496,261000,37.32726840534082,86.74040773850382
695323633.0725938,261000,0.015001699522242078,266307.52225003595
107011.26733816214,261000,8756.488189207768,-58.99951442982293
844682.3311516686,261000,0.018587956369232966,223.6330770696048
81409.86718240201,261000,17227672.550238207,-68.80848000674253
5651498.130867611,261000,5.924839990220245,2065.3249543554066
3419340.0464278464,261000,0.09124068512280697,1210.0919718114355
1647594.6197983637,261000,0.019458033293020524,531.2623064361546
4426346.082188433,261000,438832.25115645374,1595.9180391526563
106285193.26924904,261000,0.014995497259766366,40622.296271742925
575217.090271464,261000,54133.65338520825,120.3896897591816
1408555.2732533976,261000,34.17349274575398,439.67634990551636
1871232.834566957,261000,0.14732954680934665,616.9474461942365
820595.7898456819,261000,3.6604767019825983,214.40451718225358
7562498.869007193,261000,11.875203507326182,2797.509145213484
4742052.561602303,261000,39.81861270705279,1716.8783760928363
453362.0882807097,261000,5090.214591088921,73.70194953283897
211543.46470028354,261000,0.02200839959673019,-18.94886409950822
76727.47970844276,261000,986.0740319720891,-70.60249819599895
396584.1779731356,261000,1.217259877717764,51.94796090924736
10392139.870235387,261000,0.016757480601484798,3881.6627855307997
59554573.38199884,261000,0.014944093970903396,22717.84420766239
2158124.110012969,261000,1539.1335823030863,726.8674751007544
2830195.0386483055,261000,0.022992571533265966,984.3659151909217
128707.88955446982,261000,730396.6744853352,-50.68663235460926
35064486.9279298,261000,0.015175348966292019,13334.6693210459
484134698.7568932,261000,0.01543367725887041,185392.2217459361
157599.24516483877,261000,9.375216155728017,-39.61714744642193
29039170.220374357,261000,37722.99783097365,11026.11885838098
380779.54241816094,261000,1.4603505443644205,45.892544987801124
273700.58548200224,261000,0.44774526326454894,4.866124705747983
315484.6837496793,261000,27.542560654737468,20.875357758497817
468076.0991567923,261000,1897.8569552851036,79.33950159264072
241786.233711466,261000,162469896.65016636,-7.361596279131804
63586812.50060904,261000,0.015090683044308151,24262.763410195035
243972.80422718058,261000,502.2012683268713,-6.523829798015106
493162.64786992146,261000,0.22535243597143434,88.95120608042969
6800001.786872505,261000,0.016135010826695967,2505.3646692998104
333052.1089909543,261000,2.1852021590890627,27.606172027185554
104008.13049351108,261000,82.07124594502481,-60.1501415733674
936374.1778235995,261000,0.5343368984989755,258.7640528059768
724634.9985657647,261000,0.04650481012411796,177.63793048496734
1182930.8410946636,261000,438.2240421186746,353.23020731596307
9803108.734322475,261000,0.029692698274470655,3655.9803579779596
85558.4443875312,261000,2.631188873545968,-67.21898682470069
294889.49348196114,261000,21436.236445231956,12.984480261287793
189409.85600949032,261000,1097.1748526103868,-27.429173942724017
105664392.20926075,261000,0.015184144123884717,40384.44145948687
1058894.6919435326,261000,326364.67992112786,305.70677852242625
2055000.6996852162,261000,1.7053460697905518,687.3565899177073
263059.760180634,261000,0.4886133430378037,0.7891801458367742
218497.06700146684,261000,6229.77859875732,-16.28464865844182
981232.1746281979,261000,76330.19667120412,275.95102476176163
473172.22827643185,261000,97823.3608750897,81.29204148522294
112760.81967535123,261000,3361.049368730268,-56.796620814041674
247381.08242731608,261000,9007104738.631691,-5.21797608148809
127969.24506138157,261000,22523.832402178552,-50.96963790751664
85559.38289425793,261000,2.8051532568432522,-67.21862724357935
345590.15902719577,261000,3.1990442558020193,32.41002261578382
714015.66710082,261000,759.893273343386,173.56922111142526
160411.20960413525,261000,0.08382447138234324,-38.53976643519722
1264986.029395344,261000,85977.86540844123,384.66897677982524
693044.3509459295,261000,1.4150218644015156,165.5342340789002
131529.0276727476,261000,1087.6132885079035,-49.605736523851505
326661.34086570365,261000,34764.507638296345,25.15760186425427
111475.68499669468,261000,30995.012873387328,-57.28900957981047
7889101.370492529,261000,0.016339336821450248,2922.6442032538425
272098.6043998561,261000,0.04091583313457232,4.252338850519586
171790.60642281082,261000,0.48785142207452714,-34.17984428244797
137005.02330374447,261000,0.14495663084167795,-47.50765390661131
3249173.9823361277,261000,1.8174465375608613,1144.8942461057961
2464127594.4109483,261000,0.015419423095049347,944010.1894294821
2422949521.7700567,261000,0.015124169714868699,928233.15010347
9628626.959937114,261000,0.015270977092986013,3589.1291034241817
866940.2366644408,261000,1.2664079730661246,232.16101021626088
12421195.654093042,261000,0.04421639180782218,4659.078794671664
175196.133034478,261000,1157.646060170307,-32.875044814376245
186941.61210964795,261000,128.34469006077632,-28.374861260671285
175149.83057689035,261000,530.5529816361293,-32.89278521958224
306021.31573166687,261000,49.452943426271325,17.249546257343624
549795.8171495704,261000,0.11833197824514873,110.64973837148293
1524724.4476444798,261000,1.298127846351609,484.1856121243218
230407.28897875792,261000,176506.68010440512,-11.721345218866698
15889816.732377125,261000,99.95305817986666,5988.052387883956
3953981.855529178,261000,0.2565596769551408,1414.9355768311027
352368.7796877361,261000,186637.3208749495,35.00719528265752
1869240877.4545207,261000,0.015078298449226523,716084.2442354485
95999182.10673702,261000,0.07318789208483162,36681.29582633602
192776.9243537002,261000,10954.22253121821,-26.139109443026747
612315.6920860296,261000,5.537884152653945,134.6037134429232
10280840.206123622,261000,0.6093726345940506,3839.0192360626907
198384.61908091468,261000,13232.974068027781,-23.990567401948397
6654653.668623179,261000,0.5595749323610659,2449.6757351046663
1045865.9897141289,261000,4.528571571129268,300.7149385877888
99900.10769099052,261000,3716.886141006043,-61.72409667011858
543361.3737021821,261000,241.32910824494581,108.18443436865215
212802.4832300658,261000,1.73394639114914,-18.46648152104759
700729.7013940166,261000,5.609002080882291,168.47881279464238
144955.85995381407,261000,29.348295656519955,-44.46135633953484
3421098.0047549885,261000,21.791134902151104,1210.765519063214
866196.9702455854,261000,0.01826129173827996,231.87623381056915
7014421.583504022,261000,0.015226870942807249,2587.517848085832
300147.0352643288,261000,10618.600726194483,14.998864085949739
3470383.406235832,261000,1.5040862529815682,1229.648814649744
310105.00697908126,261000,23.82051281913377,18.814178919188222
188781.0085812553,261000,133.093975624116,-27.670111654691453
837341.1602389183,261000,11.43009307070001,220.82036790763152
139613499.14503986,261000,0.016023853741541964,53391.76212453634
111668.75382191899,261000,0.1656375336964436,-57.21503684983947
154151.86046265712,261000,379522.3244142054,-40.93798449706624
228728.69436832776,261000,422.7368022628805,-12.364484916349516
555414.0628649174,261000,918.6080891202647,112.80232293674999
434954.5462600107,261000,2.541647641751726,66.64925144061712
131498.63184891062,261000,0.6228038830151957,-49.61738243336758
2994498.1732456256,261000,1.6750359235844667,1047.3173077569447
472375.09904178936,261000,1.1336699816456377,80.9866279853599
2379939.050478057,261000,74965.95652306062,811.8540423287575
109179.65423672841,261000,155.46207634476156,-58.1687148518282
944621.5378823646,261000,0.018498438685078913,261.9239608744692
2208759.0539235915,261000,0.019749462504292412,746.2678367523339
609043.4759428382,261000,17012.714577677445,133.34999078269664
19691777.18718607,261000,67.06313044361097,7444.742217312671
257933.514750176,261000,12.457252168141256,-1.1748985631509605
115116.44629154558,261000,673.7259323507467,-55.89408188063387
41367.04901140844,261000,51972.355753997734,-84.15055593432626
5753716220.1363535,261000,0.0149277723355216,2204388.9732323196
45774.03866633707,261000,857.19353509813,-82.4620541508287
2623932.7170132063,261000,60826.00505494878,905.3382057521864
2242622.6010926645,261000,0.10841920994679151,759.2423758975726
388350.3761179924,261000,36.02511523564705,48.793247554786355
26681953.125942636,261000,0.017362601060105422,10122.970546338174
131252.86721906473,261000,4387.974791610295,-49.71154512679512
1062688.1472990245,261000,0.18666357822474966,307.16020969311285
454743.54920570826,261000,124.6190237524286,74.23124490640163
316299.97064394975,261000,0.1563679360313591,21.187728216072703
517906.5375494895,261000,0.028060257293507758,98.4316235821799
680773.4648027737,261000,463.07194004444085,160.83274513516233
1157950.3311164856,261000,480486.05798511,343.6591306959715
807638.4600586247,261000,38.797365405216766,209.44002301096734
6104897.773936223,261000,0.07196173903356463,2239.041292695871
209556.24564448328,261000,325.5848526925942,-19.710250710925948
1041443.4454026097,261000,0.01749329663046528,299.02047716575083
41834192.34757134,261000,0.01574230127310318,15928.426186808943
172629.56650244197,261000,8.554125576541262,-33.85840363891112
8451542.39388644,261000,844.7593567909803,3138.1388482323523
46828632.86916938,261000,15.750077049921122,17842.004930716237
2108966.312840369,261000,75.7036270195916,708.0330700537812
323960.1158671793,261000,600.2148455244196,24.12264975753996
2078379.1314034995,261000,0.030603722902704154,696.3138434496167
287619.64272331365,261000,0.9681036700525312,10.199096828855804
95950.02635758327,261000,328.66659482207405,-63.2375377940294
1935643.7527841036,261000,83334.5406485793,641.6259589211126
7345263.19733844,261000,2787.9682521417744,2714.2770871028506
2421363.943853887,261000,28.636521653433608,827.7256489861635
7482032.559713978,261000,24.10541963199413,2766.6791416528654
25936016.053301524,261000,0.5936916683942433,9837.170901648093
1158181077.415769,261000,0.019909918005867534,443647.53923975833
4452994.177216473,261000,0.026914465646034152,1606.1280372476908
5945714.85907838,261000,33467.51480315476,2178.0516701449733
204507.20697151343,261000,49.7867461649768,-21.644748286776462
644634.5843207589,261000,0.0960794638138012,146.98643077423714
4361950.123001111,261000,0.9655613564024046,1571.2452578548318
216614.76295558357,261000,75135.90967859114,-17.00583794805227
354965.0260268983,261000,43.058876628958096,36.00192568080394
256518.19198179792,261000,296420.5017500445,-1.7171678230659304
114790.36284289474,261000,10.238319368744948,-56.01901806785642
687512.0225705652,261000,0.05049591654425769,163.4145680346993
2862904.466491566,261000,138.66716906578213,996.8982630235885
8929921.650840167,261000,7.734731909230551,3321.4259198621326
2047805138.143173,261000,0.015008525704536717,784499.6697866564
4475944.537209709,261000,0.02106498015752832,1614.9212786244095
198814.8345457356,261000,1.5329106524940501,-23.825733890522763
197548.45191717285,261000,955.5972939292747,-24.310937962769025
243359.8160068644,261000,1829841.8946120949,-6.758691185109428
92100.52573217785,261000,1323.0948368389716,-64.71244224820772
1892839.157285495,261000,0.06952636606167825,625.225730760726
958644.7370515767,261000,3.4198544862030644,267.29683411937805
680660.5275420157,261000,3.7035641116251368,160.78947415402897
12049088.451827005,261000,0.015812864667567223,4516.508985374331
3799500.39777561,261000,0.01659445444878942,1355.74727884123
14781057.047012098,261000,6.083514181952744,5563.240247897355
139486.40825399177,261000,0.3458066094034702,-46.556931703451426
1865730.2395082808,261000,3.5628800515119443,614.8391722253949
281274.40657501767,261000,689.9669799992789,7.767971867822861
635789.7492899416,261000,0.6160320058495264,143.59760509193165
2196976.9297840814,261000,0.036203259980211615,741.7536129440924
1130709.5120042306,261000,389.66159851921043,333.2220352506631
154858.9083970506,261000,9.454302183411208,-40.667084905344595
325016.77454142063,261000,28.820143363437438,24.527499824299092
264223.9602822875,261000,3.3875505023617407,1.2352338246312269
171358.491673408,261000,20.19514467120697,-34.34540548911571
1152459.1271312234,261000,0.02754490584046009,341.55522112307415
1982709.9701511308,261000,4.345187537205011,659.6589923950693
412457.5046775768,261000,24.71521156742451,58.02969527876507
1057358.4914109185,261000,0.08852124220779804,305.1181959428807
61351128.65213429,261000,0.015207628640122779,23406.17956020471
311375.6838722392,261000,2.157683419615978,19.301028303539923
127166.62624153683,261000,9.977534767940526,-51.27715469672919
79990.90848951452,261000,138.13859458265514,-69.35214234118217
103841.56751469677,261000,2.0393709821350963,-60.213958806629584
1052506.287777364,261000,558071.3995633468,303.2591140909441
884335.1717747657,261000,0.16533566393544458,238.82573631217076
229266.8666363056,261000,0.21445669192362624,-12.158288645093636
335130.4360461562,261000,1.2523475487521392,28.402465918067517
29061919.21408669,261000,0.3229847779050839,11034.834947925934
206158.6049001571,261000,5.685683054751153,-21.012028773886165
99093.62603554231,261000,12636.53898024416,-62.03309347297229
389126.0494728958,261000,0.023837063226608064,49.09044041107119
497888.58923468174,261000,1.6703360127630653,90.76191158416925
1805029.6382051297,261000,64.26899541430683,591.5822368602029
762253.8754933659,261000,5.794748154073416,192.05129329247737
6896936.835899426,261000,0.2628181372627695,2542.504534827366
90210.88910806096,261000,397374.57345128234,-65.43644095476591
246104118.7422039,261000,0.015105819487787858,94192.76580161069
12430649.63955797,261000,0.015172113963703496,4662.7010113248925
16579337.629938098,261000,2.952601421037913,6252.236639823026
174005.1037895239,261000,2951.0297295138002,-33.331377858419955
27450377.670994814,261000,0.04739153394810575,10417.386080840924
292348.7962326817,261000,10082.516243735747,12.011033039341655
3083495.767029861,261000,0.016722788410243397,1081.4160026934333
584333.937303725,261000,108.13730426317284,123.88273459912837
27616994.158233106,261000,25.36127822132252,10481.223815414984
613190.3639130563,261000,0.8084462605090336,134.93883674829746
28969886.551760606,261000,0.03540931790807922,10999.57339147916
402372.6822468634,261000,60421.210615453965,54.165778638644966
8761556.351806259,261000,2.036457195905764,3256.918142454505
41910187.79159016,261000,0.0165692255594964,15957.543215168644
4004597.444949169,261000,10.196564361414783,1434.3285229690305
4494242.731195592,261000,0.053902306448412964,1621.9320809178516
151566.78864789908,261000,21.824205679741922,-41.9284334682379
654206.7214275228,261000,274.5212467376103,150.6539162557559
280295.500911485,261000,47.17917411705416,7.392912226622604
1611421.859002747,261000,0.05741398330753871,517.4030111121637
147478.67881619054,261000,10164.186238292748,-43.49475907425649
204993.3963094454,261000,228226.9745907122,-21.458468846955782
526807.5238537611,261000,102367.50745077326,101.84196316236059
2969956.005844403,261000,0.015821845913970047,1037.9141784844458
188641.77180579404,261000,27.88789029995405,-27.72345907823983
395027.99288049206,261000,34326.12530516137,51.35172141015022
278706.8949699522,261000,1163060384.4946744,6.78425094634183
1062446.4330645925,261000,0.017881291597177305,307.0675988753228
376574.31947471574,261000,11.523069573797871,44.281348457745494
1359112.6600894842,261000,0.05403337400302988,420.73281995765683
733419.9498632915,261000,439.31521602209415,181.00381220815765
513966.1381782427,261000,4.971708420787487,96.92189202231522
493100.2834631196,261000,0.2305660132941104,88.92731167169333
301793.21665369463,261000,35.33646410885283,15.629584924787215
211317.55790209625,261000,70083.0116518686,-19.035418428315616
8146712.635638981,261000,0.13671503226742915,3021.3458374095712
1952052.988898007,261000,4372.734077284978,647.9130225662863
124961.36971291577,261000,17.197605714864938,-52.12208056976407
86249152.30413355,261000,0.024658561010774578,32945.652223805955
566575.4166426216,261000,11.550654702985794,117.07870369449105
233470.80393154445,261000,826.0727138109531,-10.547584700557683
7637042.446990361,261000,0.07150216266371129,2826.069903061441
13699034.070303656,261000,0.16849554142403858,5148.672057587608
710479.7136710932,261000,6365.426937254822,172.21444968241119
388969.44849646714,261000,8038.650133659555,49.03044003696059
45778.17625602566,261000,21.996805857280066,-82.4604688674231
942926.1889353602,261000,0.4197675757558575,261.27440189094256
907381.3712400852,261000,17213.252214115822,247.6556977931361
306938.299925143,261000,5.206646084990853,17.600881197372804
4914488.126552148,261000,4.302532967726483,1782.9456423571446
5746751.451044542,261000,111.60595427217665,2101.8204793274103
236380.0853314483,261000,1036527.8874450387,-9.432917497529388
326585.29872736044,261000,5373321.438134134,25.128466945348826
134374.14223847116,261000,26321364.203716163,-48.51565431476201
11599998143.370995,261000,294.1498604248787,4444343.733092335
144120.3518915061,261000,3.085225303668827,-44.78147437107046
748889.338141038,261000,5359.129905462025,186.93078089694941
270665.58405550633,261000,45225348.77647769,3.703288910155683
762508.4236010053,261000,625.2558157417916,192.1488213030672
384354.418198401,261000,0.5331772308321082,47.262229194789654
3381744.8123871777,261000,48277957.062424175,1195.6876675812941
1936330.6206500547,261000,65620497.468981825,641.8891266858446
105702.844151562,261000,1.1810132858344387,-59.5008259955701
123398.9260832641,261000,2.151156584572803,-52.72071797576088
9549132.42257231,261000,1.873725089236849,3558.671426272915
589592.5819401891,261000,301.76269255312667,125.89754097325255
86428.49461350054,261000,2.322285784834,-66.88563424770095
371564.90809792146,261000,1425358899.5477111,42.362033753992904
261621.60595155632,261000,181432.47440021505,0.2381631998300095
1074856.3874321408,261000,9.64726305663498,311.8223706636555
192881.29665294677,261000,157.86841300366967,-26.099120056342233
1224971.04828809,261000,26.06826271000096,369.3375663939042
218454.05674475754,261000,2116.076097596225,-16.301127684000942
519376.24897577416,261000,78958.84885164084,98.99473140834259
175489.63777195904,261000,41.64149281645821,-32.762590891969715
72733176.3004485,261000,2.9650073990686807,27767.11735649368
2488816.3770884243,261000,0.019105255758532027,853.5694931373273
84277.74180105045,261000,70819.53068657278,-67.7096774708619
474095.16663082736,261000,0.1702564252439046,81.64565771296067
257968.5925069568,261000,0.2019609908325119,-1.1614588095950944
488191.1310843647,261000,23.013472128868337,87.04641037715123
2227199.0400116537,261000,0.06503421080109129,753.3329655217063
1154952.8168002968,261000,268.1745512890273,342.5106577778915
617407.4059579647,261000,0.1925223767690872,136.55456166971828
104894.22675938101,261000,8203.275963044356,-59.81064108835976
469494.98818424495,261000,0.15091044154476937,79.8831372353429
49614118.16956738,261000,7.129878289032872,18909.240677995163
260269.56675915766,261000,1155.3825265995206,-0.2798594792499372
831976.6108807015,261000,0.5275653431866356,218.764985011763
317421.7353268105,261000,823.3019261855981,21.6175231137205
16179990.792714076,261000,0.04485756142842421,6099.230188779339
173580.7644292941,261000,1577.4131225727192,-33.493959988776204
88390.94409919708,261000,1.6541086744309037,-66.13373789302794
256020403.91116273,261000,0.017392281013219033,97992.10877822326
1193230.8602289252,261000,34.15933356730227,357.1765748003545
2403261.6340221614,261000,46.86214242819905,820.7898980927821
213616.88444382465,261000,1287.1622987659644,-18.15445040466489
543368.3777952289,261000,0.07696304106663378,108.18711792920645
12435075.214635337,261000,26.733880936860228,4664.396633959899
140815185.57219362,261000,16.362129772859895,53852.17838015081
1361094.9004545202,261000,2.4343631972583744,421.4922990247204
3226161.0905433185,261000,0.03653840921455932,1136.0770461851794
59906697.26483811,261000,0.015557215308510204,22852.757572734907
866014.304989883,261000,0.03293440442499407,231.80624712256053
10557984.846833942,261000,8004.717252825795,3945.204922158599
3275677.4413219355,261000,24771.163166373943,1155.0488280926957
611753.6576486249,261000,0.6819340492276009,134.3883745780172
92808.6955233984,261000,13.8365905836946,-64.44111282628414
5278746.342895384,261000,0.25793528867390253,1922.5081773545533
172898.12255371982,261000,1838.2413454746634,-33.75550860010735
460365.3062541313,261000,34.338519351205484,76.385174810012
102944.3500634395,261000,1234.0769325850101,-60.557720282207086
174592.18525960934,261000,17.784412590392773,-33.10644242926845
70562907.51401033,261000,0.0880548960509521,26935.59674866296
14691201.178822126,261000,19.610951529433475,5528.812712192385
1984815729.7359416,261000,0.015078833492790874,760365.7968336941
12183476.817928296,261000,0.015921856809432085,4567.998780815438
419599.47477899224,261000,96.41023817238437,60.76608229080163
1347148.442965559,261000,2.7914014575231225,416.14882872243635
342402.8877612343,261000,0.6908600563083939,31.188845885530387
374078.71931153635,261000,0.5502207043981552,43.32517981284917
93584.29786116505,261000,3.4278240378958,-64.14394717963025
2904028.865898554,261000,2950.848581310604,1012.6547378921664
488652.5156193497,261000,55.590165022488854,87.22318606105354
2134923.3528447924,261000,0.10098544772590608,717.978296109116
81902.87488656322,261000,1829.3310072408046,-68.61958816606773
49597.48474844364,261000,5.705028347175469,-80.99713228028979
4371911.64587086,261000,0.12272472205373451,1575.0619332838544
596437.467863093,261000,11770.668458878152,128.52010262953755
371796.22484367964,261000,478.1474688833955,42.45066085964737
680465578.659093,261000,0.014946906106664342,260614.78109543797
50888937.79103634,261000,0.04245982080954528,19397.67731457331
68749921.31691629,261000,5.099821713538971,26240.96602180701
6496300.423363533,261000,0.016091615208545917,2389.0039936258745
253019.61606076383,261000,2150032.360070208,-3.0576183675234367
2694486.6366567784,261000,0.016067125355166762,932.3703588723289
518500.88758502016,261000,3378.7512759164397,98.65934390230657
649577.1020789549,261000,0.0457490953128591,148.8801157390632
15310623.220389241,261000,0.043155779046532436,5766.1391649000925
691965.1881117924,261000,318.40035072628547,165.1207617286561
3729986.3042842764,261000,1.0369914206214683,1329.1135265456996
2612635.819693568,261000,3743.823828072093,901.0098926028996
1573222.1651487083,261000,1.0862517768544326,502.76711308379623
1286499.9328260454,261000,631.0524840517604,392.9118516574887
199574.18171362535,261000,3589170.732670743,-23.534796278304462
202400.72892896982,261000,165.52977662216514,-22.451827996563285
176866.00007639558,261000,0.05989995217014286,-32.23524901287526
6384787.92084158,261000,5171.693023333694,2346.278896874169
133220.321924821,261000,1.3474099232638062,-48.95773106328697
1269485.3015960904,261000,22.228765808963452,386.39283586057104
271515.86317207065,261000,70.12114022099564,4.029066349452355
1251716.3814104802,261000,43.904380303764455,379.58482046378555
202748.0845344759,261000,6.268076930330117,-22.31874155767207
581093.9278269621,261000,0.05160059577325749,122.64135165783986
468780.4268618543,261000,1.7581305589912077,79.60935895090205
60574.22370564437,261000,20778.05321665761,-76.79148517025119
1409997.9182252004,261000,34.97921922614424,440.2290874426055
812135.6113618633,261000,0.12761607750884837,211.16306948730394
867934.6183505227,261000,0.045029774316118536,232.54199936801635
898242.3865426721,261000,9717.448415708064,244.1541710891464
1171480.3530223435,261000,1.0082783436345792,348.8430471349975
396135.42312627117,261000,1306.9805894997555,51.776024186310785
144192.6379413999,261000,1.2351171005821937,-44.753778566513446
644376.376748437,261000,8.486915228152855,146.88750066989923
7272075.97587702,261000,1.4574833548362383,2686.2360060831493
532764.1600888069,261000,0.02812350521134002,104.1241992677421
128878749.77371895,261000,0.015752629669915814,49278.8313309268
1518282.7409971307,261000,0.7044799363729538,481.717525286257
130060.27522066451,261000,2174633.746905619,-50.16847692694847
2166621.702412573,261000,0.17597675733212445,730.1232576293384
453628.77306472074,261000,0.16438936144412328,73.8041276110041
439972.89696121763,261000,0.06331251184311644,68.57199117288032
117448.50302952778,261000,539.2765030248562,-55.00057355190506
853267.1884426706,261000,138.79229726885515,226.92229442247918
6057777.1682053115,261000,1171.026072240407,2220.9874207683188
116801.14175922124,261000,1136.3949464721584,-55.24860468995355
278404360.59445304,261000,0.015083711675199096,106568.33739251074
230883.06133102413,261000,2.3113479061740883,-11.539056961293436
492151.1153441882,261000,0.2597696188478707,88.5636457257426
611876.2383443824,261000,0.25771403068816895,134.43534036183235
171192568.54051182,261000,0.13686286733411543,65491.02242931488
77053260.14709052,261000,160.16195645722,29422.321895436984
1459793.3196389023,261000,591536311.6097945,459.30778530226144
265334635261.1834,261000,0.014925394047960231,101660679.79355685
353016.85221334704,261000,0.03695604732740104,35.255498932316875
533660.0445130839,261000,64601.482075522494,104.46745000501298
221218.15642354387,261000,17141.10275651045,-15.242085661477445
751553.2320346173,261000,3.2765258930621846,187.9514298983208
197845.45147047314,261000,880795439.1906396,-24.19714503047006
1312165.5929790153,261000,3.3509860643746676,402.74543792299437
277633.66469587275,261000,651.1565912653076,6.37305160761408
79178231.61733152,261000,0.01547158199190607,30236.487209705563
157537.75115461866,261000,120.91763293257026,-39.640708369877906
1927959.400358836,261000,5.378050947449684,638.6817625895924
27529124.265722014,261000,0.01570027237030079,10447.557189931806
25239013.97822379,261000,0.016185428222708766,9570.120298170035
12292287.360991694,261000,0.015879283945035527,4609.68864405812
1091636.7948345589,261000,0.5772497770843575,318.25164553048234
292268.1556015151,261000,321.2278879753744,11.98013624579122
332596.9870139472,261000,2.2104248966734965,27.431795790784374
165156.3959962242,261000,3.3195413220147607,-36.72168735776851
134531.0045668107,261000,54.42853605664111,-48.45555380581965
15018860.319379898,261000,0.017866421149179825,5654.352612789233
448732.7539990299,261000,2881.4530945453052,71.92825823717621
398866.2992867274,261000,12.66766927840396,52.82233689146643
424664.4362515645,261000,0.12497733929446185,62.70668055615497
34059416.90619839,261000,0.014961485146606944,12949.585021531951
335474.3795784232,261000,150.75436687325174,28.534245049204298
636790.004924822,261000,0.11553553078016823,143.98084479878239
250474762.13521305,261000,0.014940260047200579,95867.34181425787
507437.1149408075,261000,16336.218532598403,94.42035055203353
692563.7085519264,261000,372137.7687070608,165.35007990495265
355515.79129508167,261000,0.08035867205972619,36.21294685635313
726985.5581100268,261000,0.04662858390005196,178.53852801150452
387996.48465100856,261000,549953.5233782541,48.65765695440941
1965931.190455586,261000,0.021798712897272858,653.2303411707227
1408792.6178501507,261000,6.614324657314623,439.7672865326248
159833.02672330537,261000,0.15286612668694163,-38.76129244317802
333844.28095127264,261000,140.62658471880798,27.909686188227063
525456.4778673602,261000,103.51548847360729,101.3243210219771
401895.8480706185,261000,281703.4136136524,53.98308355196112
496203.54463023524,261000,1289.9035193475381,90.1163006246112
1496555.1503869372,261000,47.314804396049645,473.39277792602957
184933.99260442067,261000,5.970219754706208,-29.14406413623729
719668.2243744971,261000,0.08452963569509851,175.7349518676234
565458.4954194906,261000,1.8223660836603073,116.65076452854046
3392019.4053895148,261000,0.020722218666841784,1199.6242932526875
12272511.00414994,261000,0.016069535307178244,4602.111495842889
318597.1319706568,261000,42.16667593206832,22.067866655424062
67113.8215367664,261000,485661.3255858576,-74.28589213150713
505046.71697538963,261000,11.031310200273436,93.50448926260138
814489.6944338398,261000,67476.79236763327,212.06501702445965
637584.7204086406,261000,72.389045153815,144.2853334899006
2409705.1960770222,261000,21.255559552986902,823.2586958149511
134070.10165887832,261000,510.89066794575524,-48.632144958284165
305019.79097248643,261000,136.43677940364705,16.86582029597181
85874.48562567662,261000,4118.021750112812,-67.0978982277101
356867.5952284814,261000,1.426674522697845,36.73087939788559
263300.20702185464,261000,2.5320597996475414,0.8813053723581009
136595.85803111765,261000,12.773799252776676,-47.66442221029975
140254.49290538192,261000,1.0223565363893659,-46.262646396405394
451808.23498162034,261000,4.320424310637196,73.10660344123384
1268692.7223657763,261000,717.2935905483102,386.0891656573856
61581022.98460743,261000,0.01513726277639633,23494.261679926218
405495.4970593973,261000,1.0479771417669714,55.36225940973076
27090424.250259742,261000,1477.4356775398198,10279.472892819824
588602.8689798433,261000,2010.998210413287,125.51834060530396
967792.136412784,261000,1.1177845805086954,270.8015848324843
86161.20244582757,261000,0.18017273664473593,-66.98804503991282
9440512.727234202,261000,0.015384931534544215,3517.0546847640617
259231.9176450783,261000,855.1644972506955,-0.6774261896251732
661095.0281552896,261000,214907.8993966645,153.29311423574313
787187.8515276499,261000,20.7440225597982,201.60454081519154
3409238.422564908,261000,4544.461016437675,1206.2216178409608
321234.64619704837,261000,1.2114044131523554,23.07840850461623
99171.52037301486,261000,81.02686024685484,-62.003248899228026
24267990.952090975,261000,21.92154471618011,9198.08082455593
424289363.15629333,261000,0.017661889097427424,162462.9743893844
258186.58033152478,261000,1476.187780454512,-1.0779385702970208
124707.87421194928,261000,1873.028206981045,-52.21920528277805
745850.7830248133,261000,0.24508376450752944,185.7665835344112
19704334.646400496,261000,3282.9303295330087,7449.5535043680065
292759.02652288007,261000,1.610134707432264,12.16820939573949
2046170.439356001,261000,0.03117087922277684,683.973348412261
67263.45053859254,261000,24.662606177040026,-74.2285630120335
2028010.1105225217,261000,0.8605317071401342,677.0153680162919
2423783.834451522,261000,0.018607216428520503,828.6528101346828
2519264.541864828,261000,0.1092374712139663,865.2354566531908
924710.3346681193,261000,7.1423110872002,254.2951473824212
6574683897.635367,261000,0.01595175665247723,2518935.9761055047
18409705.5187559,261000,0.13320110059596513,6953.527018680423
788396.6524776524,261000,3692.5283273679293,202.0676829416293
250737.19146059066,261000,35039.4316808589,-3.93211055149783
229466.639049368,261000,14205.13448831753,-12.081747490663599
5057276305.72699,261000,0.014927439298667812,1937553.7569835212
843350118.3433965,261000,0.014929664623867632,323022.6507062822
1803797.1063746319,261000,1.6510452383740497,591.1100024423877
153925.83333060113,261000,45466.66584499624,-41.02458493080417
1997873.3387981446,261000,13.0829413947554,665.4687121831972
684610.1827574405,261000,27244.48044617001,162.302752014345
247666.92445287056,261000,631.6177180165021,-5.108458064034268
401916.35409471847,261000,30990.387277731163,53.990940266175656
248432.79074131002,261000,0.018389487640049107,-4.8150227044789204
13670132.260673016,261000,0.015471149129193605,5137.598567307669
3356790202.870861,261000,0.015378251646613333,1286026.5145099086
205009318.42262742,261000,0.01495987901847051,78447.63157955074
611593.6525045882,261000,1.737190771368466,134.3270699251296
401925.673798945,261000,13.658148016927656,53.99451103407853
487204.01827307156,261000,0.38141269503011227,86.66820623489332
122475.42270097462,261000,92345007.8142683,-53.07455068928175
1348827.434268111,261000,8889330.182131058,416.7921204092379
776079.2169011999,261000,17.174348878625842,197.34835896597698
84643.6775102902,261000,381066.73362704256,-67.56947221827961
272860.02797496686,261000,97.40883686544677,4.5440720210600976
96167.99803594257,261000,90.32257168853468,-63.154023741018186
5261417.238784939,261000,92.28342049254209,1915.8686738639612
333906.2240415162,261000,3.351788340837316,27.93341917299471
153016.8041547761,261000,186.88873756338782,-41.37287197135016
22050169.555553533,261000,0.02132251160293376,8348.34082588258
376688.4238732486,261000,0.26685076624404364,44.32506661810292
2405407.247369863,261000,0.016349427670483127,821.6119721723613
1329316401.613249,261000,0.014936958548210127,509216.6289705935
189533.48253039696,261000,21.15927856938435,-27.381807459618024
664425.5707138301,261000,33057.09445360188,154.56918418154407
99981.88918919055,261000,4.505170807255941,-61.69276276276224
1248761.0977903025,261000,39096.3258795981,378.4525278890048
192332.55705008082,261000,5.276303197299622,-26.30936511491156
173615.0986638894,261000,58766.12428381695,-33.48080510962092
537991.9195695618,261000,1.2477023011859454,106.12717224887427
732395.7498075934,261000,0.4750992269135596,180.61139839371396
355516.71175164095,261000,0.9245077196243786,36.213299521701515
24399508.744319625,261000,0.023668506801009733,9248.470783264223
564558.7539029783,261000,1646.678068192779,116.3060359781526
147186.06559722213,261000,354.10192267542413,-43.60687141868884
180597.0116640983,261000,66.76042406634197,-30.805742657433598
537095.2619915257,261000,0.26993618881818743,105.78362528410945
64422636.57534267,261000,0.07217668332022097,24583.00251928838
167630.4682099217,261000,171.38728249059048,-35.773766969378656
860623.2974683244,261000,1.1901943999912423,229.740726999358
6699287.357576541,261000,0.015988889495880235,2466.7767653549968
108907.6543436993,261000,5391.1823998583595,-58.272929370230166
99037.03414895505,261000,149031951.93150628,-62.054776188139826
2812504.3909357563,261000,1.0792838802040372,977.5878892474162
139719.61834661884,261000,305.57089328765596,-46.46757917754067
1403504.9280865204,261000,31.708590179575175,437.7413517572875
176700.09051461096,261000,8.632857918271505,-32.29881589478507
457793.8283134642,261000,0.7131695552460797,75.39993421971808
173560.2957868308,261000,12.961716145492787,-33.501802380524595
316652.6494247149,261000,7.982879657238937,21.322854185714522
789462.6813341201,261000,0.06724620512694392,202.47612311652114
189223.45185421064,261000,2105721169.6590714,-27.50059315930627
3420069.967052478,261000,0.016398166334905945,1210.3716348860069
3176639.7206921005,261000,1.185460272395058,1117.103341261341
552811.5888302848,261000,932.1693463255747,111.80520644838496
123075.42775382315,261000,15843.968321488705,-52.844663695853185
5866744.832057034,261000,0.01746003001897731,2147.794954811124
388744.90944204776,261000,798.7640709803787,48.944409747911024
5004519.633595811,261000,0.019389522691623678,1817.4404726420732
235850.93613695545,261000,2.6479132794737077,-9.635656652507489
1092674.4260680657,261000,0.4475240266097262,318.6492053900635
165512.65071756052,261000,73188.43788178866,-36.58519129595382
96288437.29737735,261000,0.17556077189567568,36792.12156987638
373555.14346869633,261000,30.123053314928235,43.12457604164611
568105.6562717034,261000,51.49772304137549,117.6650024029515
359200.98193449125,261000,4.285434715086696,37.62489729290853
2070817.3438030307,261000,1.6022646490746768,693.4166068210845
230365.18077325198,261000,76.67897503468747,-11.737478630937938
144861.56723084435,261000,720.8029804237972,-44.497483819599864
319127.6901421029,261000,0.028656229502358337,22.271145648315283
55406.86149592367,261000,3625212.989923105,-78.77131743451201
716099.0230943045,261000,0.4170159999967901,174.3674417985841
2753880.7571175504,261000,2.4021474005652577,955.1267268649617
2005747.8597539351,261000,55.48088418934832,668.4857700206649
179609.27956114052,261000,32.16392407187451,-31.184184076191375
594996.1240372644,261000,689.041416550999,127.96786361581012
216004.55243768773,261000,437.3169776232506,-17.239635081345696
199653.12123893076,261000,1.0977188719872895,-23.504551249451815
804056.5753000259,261000,17611.40880327792,208.0676533716574
813124.7650649843,261000,0.18388831034751962,211.5420555804538
5821008.928407789,261000,0.03126022299254684,2130.2716200796126
166842.87942536006,261000,30.127738663653577,-36.07552512438312
64463.399456946754,261000,61.765694830210855,-75.30137951841121
887806.6502651889,261000,1.2081247401321071,240.15580469930612
150483.46797869602,261000,285.97785026973935,-42.343498858737156
425176.6904274965,261000,0.25736831422105283,62.902946523945026
616810.2253922779,261000,0.04728917475209039,136.3257568552789
154562.30045832729,261000,13536.657189677397,-40.78072779374434
370093.8216394882,261000,16.652258327261883,41.79839909558935
254256.958876554,261000,0.6307421214192311,-2.583540660324134
254877.20844466786,261000,0.03752706711710146,-2.3458971476368338
167782.1342172655,261000,226.11979338123473,-35.71565738802088
61717.03097281275,261000,0.2483227165814778,-76.35362797976524
785855.4613894289,261000,15140.469728879061,201.09404650935977
4791368.329653556,261000,16.722108763575832,1735.773306380673
130833.77972578094,261000,4767.444872284037,-49.87211504759351
89025.86058331457,261000,4.970551460413698,-65.89047487229327
629364.9854764774,261000,66824.51260484477,141.13600976110246
222929.9836652486,261000,557780.0500251084,-14.58621315507716
313912.8305672354,261000,12295.303755988934,20.273115159860314
557944.3858287331,261000,2.5453747786118908,113.77179533667933
279364.43599472643,261000,0.6266744869879737,7.036182373458402
4099337.822159207,261000,0.32941999282106554,1470.6275180686616
310532.0372189005,261000,1575.2792680078073,18.977792037892918
892722.9487286418,261000,416331.3545012427,242.03944395733404
1195454.9361938683,261000,0.7382853995551891,358.02871118539014
217204.54611221128,261000,2090.24471442915,-16.779867389957364
5880133.328191018,261000,0.022087010770992743,2152.924646816482
210202.0961523882,261000,1148224.240785478,-19.462798409046666
93824.27139283365,261000,19.228682954352603,-64.0520032977649
5747105.973969928,261000,0.03664839613458865,2101.9563118658725
215410.5512477997,261000,6.921263115161417,-17.467221744138044
3947684.519173005,261000,0.016543189088094174,1412.5228042808449
621234.931805714,261000,591.1843095292323,138.02104666885594
365927.50855912385,261000,1.0252338477306457,40.20211055905128
191320.5068997411,261000,0.5561332907036441,-26.697123793202643
286678.69327189936,261000,39504.81904273802,9.838579797662591
112535832.27952033,261000,0.015386612883310356,43017.17711859017
107287.06066921294,261000,28.09996007773257,-58.89384648689159
6809277.085272112,261000,0.019402751287357793,2508.918423475905
268647.553293067,261000,0.29599968470094046,2.930097047152097
59018.63564688164,261000,3099966.789316927,-77.38749592073499
362706.083121606,261000,15.245603929418637,38.967847939312634
81764.10609560597,261000,0.4401079857513473,-68.67275628520845
326583.77504513727,261000,2.8540276711004227,25.127883159056424
2796221519.231351,261000,0.01514123714565929,1071249.2410848087
106167.17984937946,261000,551.0575850139844,-59.322919597938906
90821.01179081453,261000,480.97330249473964,-65.20267747478371
25832169.416278016,261000,0.01699936782260795,9797.382918114183
178630.94182484908,261000,0.7860752534292884,-31.55902612074748
354525.3531325387,261000,3892.9826002523546,35.83346863315658
669818.1658572867,261000,325363.1864177655,156.63531258899872
166866.88303405844,261000,413.5357365200207,-36.06632833944121
1408863.5196265,261000,24.292932134399244,439.79445196417623
266192470.08151022,261000,0.017061003239266664,101889.45213850966
679309.1354699472,261000,0.17312805438813028,160.2716994137729
249122.714095503,261000,0.03932996831510871,-4.5506842545965505
151809.88692477808,261000,0.5906743013902078,-41.83529236598541
479929.20451629034,261000,0.2264871736764896,83.88092127060932
82845.93297584937,261000,1.0499365862832528,-68.25826322764392
219073.24170938865,261000,251.9643897673525,-16.063892065368336
427596.3217794563,261000,0.23473228265343313,63.83000834461926
472715.0684141682,261000,0.28826610613228654,81.11688444987287
654373.7131680348,261000,0.038335786775081655,150.71789776553058
1765261.1300720107,261000,0.021281335077510313,576.3452605639887
45986676.053829744,261000,4.867695083216063,17519.416112578445
4193051.897515096,261000,0.01945201547957635,1506.5332940670864
129553.48092640044,261000,12.255441556627027,-50.36265098605347
100227369.22985701,261000,0.01871946575876969,38301.29089266552
1291512.2552773987,261000,9653.02127555725,394.8322817154784
16750879.573646547,261000,0.015953212028247385,6317.961522469942
4504869.792344944,261000,0.03252644209794112,1626.0037518563004
489192.30602535064,261000,0.31109789716040837,87.43000230856346
135132.65982751988,261000,2803.1475855703566,-48.22503454884296
1950404.9122185528,261000,0.0342944000980347,647.2815755626639
29800533036.47283,261000,0.020461150990826345,11417728.74960645
377303.1892705775,261000,5194.30207147994,44.560608915930075
251174.27223946573,261000,0.07609561060468598,-3.7646466515456964
529021.8862956744,261000,1639.0110239299593,102.69037789106297
641878.8707712826,261000,0.26856055394172246,145.9306018280776
1513255.4920112372,261000,0.026522406026220486,479.79137624951613
332498.80054091365,261000,8.677833672941285,27.394176452457337
1802486.7411593974,261000,6.016401390087949,590.6079468043667
1971762.3629458663,261000,0.033528929509158374,655.4645068758108
646395.2788007334,261000,3786.793286524116,147.66102636043425
7884398.89138336,261000,0.2878614807391682,2920.8424871200614
869275.0201950445,261000,260.10070534366884,233.05556329312049
15773323.335053425,261000,64.32446665590838,5943.418902319319
478324.425863719,261000,135966.04506280398,83.26606354931764
220450.44986894095,261000,1.0364670630487185,-15.536226103854043
251688.05324888253,261000,6.786037005763133,-3.567795690083323
2107781.0942253214,261000,0.16814160133981723,707.5789633047209
215805.67877120117,261000,14.071730232426372,-17.315831888428672
24760207.25936615,261000,0.016403348666580914,9386.669448033008
459421.8617381726,261000,574233.096601682,76.0237018153918
119235.90113281687,261000,0.3531921912046321,-54.31574669240733
366320802973.25854,261000,0.014929679483872992,140352698.07404542
86889.81435185128,261000,563.9374461763,-66.70888339009528
276029.70668270503,261000,1213.6174656732614,5.75850830754982
177292.82860768528,261000,11005.961872927832,-32.071713177132075
179094.16645007906,261000,119839.94355867966,-31.381545421425646
19102225796.478638,261000,0.015057641103280978,7318760.458420934
4874108.20389282,261000,0.6745760709987639,1767.4744076217698
489340.5313342596,261000,9172.790201694026,87.48679361465885
788374464.1746459,261000,0.014927459754908796,301959.18167610955
17238409.58679763,261000,15.066473454301038,6504.754630956945
7379270.443133112,261000,45635.03238878577,2727.306683192763
766538.6043099406,261000,11.893775768485302,193.69295184288913
216027.24671927074,261000,1871.1633921391535,-17.2309399543024
5015552.517088164,261000,7365.940289169311,1821.667631068262
78532.44805243205,261000,383.5654988826451,-69.91093944351263
833894.6365351983,261000,655.710233464585,219.49986074145528
435307.62028105906,261000,19.77754140371521,66.78452884331764
403361.82174227387,261000,0.10062894580886209,54.54475928822754
200147.7656467829,261000,4.350295933621454,-23.315032319240263
890807.1562837494,261000,3.946537296183506,241.3054238635055
80033.57260775976,261000,75.56388877489451,-69.33579593572424
128535.18178860174,261000,190.9005014189772,-50.75280391241313
578114.8196045033,261000,81838.02524647403,121.49993088295147
363153.7371865004,261000,0.5176720322914252,39.13936290670513
3456603.6048368122,261000,1290.9681552660766,1224.3691972554836
314060.9101846711,261000,25492.523844918607,20.329850645467857
130931.41341828673,261000,5704329321.527381,-49.83470750257214
932712.1098887667,261000,3.279862285569029,257.36096164320566
965669.2872479333,261000,0.043242402403549686,269.98823266204346
45488443.253876604,261000,0.02249017237785964,17328.522319492953
988685.9046057977,261000,1.5251809514257721,278.80686000222136
879174.8073001506,261000,3.206341750578878,236.8485851724715
190225.65065438475,261000,26.324235312002187,-27.11660894468017
386852.55093280267,261000,8.305756418566268,48.21936817348762
555818.8803016694,261000,2737.363074267794,112.95742540293845
116454528.38826314,261000,1.673319937434759,44518.5932522081
489168.91625208786,261000,0.3837703362380651,87.42104070961221
467469.7683187465,261000,30723492.77613975,79.10719092672278
1740016.2693490703,261000,1807.3521869429546,566.6729001337434
1685371.9235783054,261000,1434611.5454325522,545.7363691870902
3074011.83493885,261000,0.01678924526741701,1077.7823122371071
176362.9207154619,261000,32.122791279465794,-32.427999725876674
337175.61970660527,261000,20166.747291818363,29.18606119027022
567860.7508575981,261000,381135.40924017964,117.57116891095714
306411.88663083257,261000,7.46061745467046,17.399190280012476
3297506094.3516393,261000,0.01544461570238705,1263312.2966864519
46962166.09836915,261000,0.01570156865865299,17893.167087497757
320940.5828657617,261000,96380.347735636,22.965740561594526
1540420.9933705674,261000,1.8058785883116173,490.19961431822503
1586369.3978252485,261000,0.016084849699113543,507.8043669828538
551201.2334684955,261000,1585894.562151584,111.18821205689484
12865890.143753543,261000,0.017575490383396588,4829.459825192928
2217737.6477355664,261000,0.015389177318700582,749.7079110097955
11941221.658499265,261000,2.2873874214811503,4475.180712068684
1621776.1826582546,261000,5.857151867292648,521.3701849265344
16522991.081561564,261000,12.788050224205556,6230.647923969947
482458.6053915387,261000,2339.4140280194547,84.85004037989988
311858.43529015285,261000,3.6307782212952313,19.485990532625614
717235.1077246298,261000,0.01988773369497009,174.80272326614167
12582765.570256356,261000,6.870381091853186,4720.982977109715
3147093.3302600915,261000,1164.4155790829498,1105.7828851571232
108907.58635158425,261000,5.710377233928922,-58.27295542084895
97741.16624047855,261000,10993.120377686915,-62.55127730249864
219287.8289544122,261000,0.18217201946681974,-15.98167473011027
581739.7276484376,261000,0.03610284175149178,122.88878453963126
2130429.630456773,261000,0.027845424538368063,716.2565633933997
397224.77083960536,261000,1646.0969530626544,52.19339878912083
9426998.088340988,261000,76549.82387649025,3511.8766621996124
2764170.798652145,261000,0.10465220741028262,959.0692715142318
43978.93715586935,261000,68.64848452701388,-83.14983250732975
3376588.693583104,261000,0.039816434785502716,1193.712143135289
320394.61129275954,261000,17964.486145841063,22.756556050865722
549212.7541632826,261000,46.291634592605476,110.426342591296
1886347.0722803585,261000,0.02060509789801844,622.7383418698691
306104.3338770915,261000,8807.059570721065,17.281353975897137
133252.28325189737,261000,32509.223209809854,-48.945485344100625
133117.79223254955,261000,20.55954424587458,-48.99701447028753
239959.78353368206,261000,22.3529024816618,-8.061385619278905
115205.12263193652,261000,1.9827201287628045,-55.86010627128869
147753715.58780092,261000,0.19408851363882068,56510.61899915744
75949.80256106146,261000,46440.91960520629,-70.90045878886534
2175373.529121606,261000,88.89570934458555,733.4764479393127
238475.72507010447,261000,113408.97370233202,-8.629990394595989
1211902.392015141,261000,143.19965717650408,364.3304183966057
60893671.9863854,261000,0.018042035041425257,23230.908807044212
2015224.821400005,261000,0.025882506903641946,672.116789808431
262924.3866145999,261000,832.2616588160072,0.7373128791570519
203045.95781948176,261000,2.5494773510750908,-22.204613862267525
917148.1463616318,261000,19516721.642778624,251.39775722667886
962163.9738723262,261000,0.032554362091870265,268.6452007173664
2388586.3307161117,261000,10065371.169173343,815.1671765195831
663017.0811357358,261000,0.020636991888784074,154.02953300219764
285823.6828881027,261000,0.25460327586033266,9.510989612299891
183596.60377695065,261000,45264.95175971663,-29.65647364867791
27097079.9675302,261000,0.019118456473655628,10282.02297606521
4223191.497513051,261000,3.4270263280674724,1518.0810335299047
1007167.1329536262,261000,1.0245030618035544,285.8877904036882
2655473.9895674135,261000,0.3805756736903942,917.4229845085875
3552504.8009214955,261000,0.026520027835885324,1261.1129505446343
111654.71643638097,261000,15969828.033201886,-57.220415158474715
62163.84229893943,261000,487.86003821264046,-76.18243590078949
274418.3714366347,261000,529.5541801575004,5.141138481469227
14174976.86017464,261000,8.152943686192888,5331.025616925149
262211.74414278654,261000,45.5279211181861,0.46426978650825346
392405.40107756754,261000,6.387525936725508,50.34689696458526
180389.74382316103,261000,18678291.79893946,-30.885155623309952
3488164.3066157633,261000,1497.0828706763787,1236.4614201592963
676968.1216703049,261000,0.20990654246879897,159.37475926065324
261234.00228389667,261000,5.514976637463345,0.08965604746998805
1088957.8049541377,261000,215.40425259409488,317.2252126261064
652241.634246592,261000,41713.117891945534,149.90100928988198
238445.37866509793,261000,15728385.96355881,-8.641617369694279
134445.82948493646,261000,0.0756771083184503,-48.48818793680596
466665.47218883794,261000,420.4050669961983,78.79903148997623
557806.6900145917,261000,194.7195855769287,113.71903831976692
602831.2348282292,261000,6.096305272064254,130.96982177326788
249683.5119944654,261000,164.03972321023176,-4.3358191592086595
446906.4826535154,261000,0.09784250941986282,71.22853741514
127501.11776065653,261000,554.4650223919804,-51.14899702656839
178822.78438899046,261000,675.2252562826042,-31.485523222609018
41763767.91095084,261000,23.113329695050112,15901.443644042467
3464239.23634261,261000,23.10077135401819,1227.2947265680498
310287.15237581835,261000,15290.771818249945,18.883966427516608
1238515.4583152528,261000,9.439498098708968,374.52699552308536
123439.44375056055,261000,22413.58648752297,-52.70519396530248
273635.2914859844,261000,10640.50813223161,4.841107849036169
205717.07388412746,261000,0.1446655762607845,-21.181197745545035
737599.8534531743,261000,0.5316904838327399,182.60530783646527
1169721.1289186368,261000,1757889.4430745007,348.16901491135513
509658.86102042045,261000,0.20450338359994544,95.27159426069748
284227.77209962317,261000,2.0781019009760233,8.899529540085505
707501.0807332871,261000,7.904355291321985,171.07321100892227
220289.95741171442,261000,160940.93584787656,-15.597717466776084
385583.1334126862,261000,1802.9287669439116,47.733001307542594
5401045.804584244,261000,0.024792143227026896,1969.366208652967
127104.54782131601,261000,3700311.1342294463,-51.30093953206284
105332094.59435332,261000,0.2097311008735923,40257.12436565261
160517.80481120045,261000,20.01417103071556,-38.49892535969332
6073014.483229394,261000,9676.580131173545,2226.8254725016836
1254103.28690483,261000,27.93201763969173,380.49934364169735
18435919.4224913,261000,0.11462791196260419,6963.570659958353
827711.4129570456,261000,0.09158214079170512,217.13080956208643
166607.66763552578,261000,3182173.5448671593,-36.16564458408974
462938.34060528554,261000,2.4976686769472956,77.37101172616305
28346621.084702265,261000,0.08810619289174723,10760.774361954891
876452.021595388,261000,4.117297488363422,235.80537225876932
114790.63237479745,261000,0.4672135801389657,-56.01891479892818
935599.1586927652,261000,14.257827158298628,258.46711061025485
238687.0216567662,261000,0.05593244093202149,-8.549033847982294
207868.41788004414,261000,0.30484220965920444,-20.356928015308757
35200736.62456028,261000,0.11680203021512428,13386.872269946469
9779294.801719692,261000,0.016143367667490666,3646.8562458696133
373092.2779195001,261000,0.982682581570099,42.947232919348686
9420252.023348331,261000,0.021514374839295164,3509.2919629687094
144890.6188353772,261000,2995.1601396562237,-44.48635293663709
7627531619.838752,261000,0.014941854965842034,2922325.907984196
7092585.233469251,261000,10.5778584247341,2617.4656066931993
126499.83950756292,261000,1.261948960878947,-51.532628541163625
128852.26533357431,261000,205.29454604518375,-50.631315964147774
108632.71720028202,261000,173.15481003227544,-58.37826927192259
1055423.0391246632,261000,2.8892669180716375,304.37664334278287
1046787.2486656134,261000,4.094470605867166,301.0679113661354
111870.35523527343,261000,7867.600292733153,-57.13779492901402
464401.5885095998,261000,0.042311506556958686,77.93164310712636
503198.04009059985,261000,44.855475633018585,92.79618394275857
11022455.318162808,261000,0.04390098078620505,4123.162957150501
79016.96265780373,261000,18461.510723153235,-69.72530166367673
1168903.0306322721,261000,0.02231390209977597,347.8555672920583
545087.4325046705,261000,0.42667546572792164,108.8457595803335
1997609.580668655,261000,0.8024143110613539,665.3676554286035
221234.11552470594,261000,81.78260286129299,-15.235971063331059
891566.8259161679,261000,0.22009757375605885,241.5964850253517
83182.94376980583,261000,179179.62437619173,-68.12914031808207
101129.77533427686,261000,3.9689238839482055,-61.25295964203953
345364.16573426063,261000,142.42503175406728,32.3234351472263
211564.20287622136,261000,670.6974182695411,-18.940918438229364
2293592.3960711085,261000,0.06725825016034917,778.7710329774362
8088355.666037258,261000,0.10066218199889901,2998.986845225003
290497.4876118652,261000,9763450.655463492,11.30171939151924
3608402.5714895283,261000,0.06586487985329136,1282.5297208772138
178836.39613169816,261000,43.02034346065124,-31.480307995517947
1970583.6480325747,261000,0.07651236777326256,655.0128919665037
302702.2497637909,261000,197.11154010782582,15.97787347271683
203693.85801020046,261000,0.17353059947439137,-21.956376241302504
390647.9609387294,261000,2210.639160302683,49.673548252386745
578546.4269762317,261000,2.3219927540882965,121.66529769204281
364377.5354122947,261000,0.021103395323439977,39.608251115821716
309066.555793547,261000,818.726031871004,18.41630490174215
1750580.4970074634,261000,0.16847179824118902,570.7204969377254
145860.37447796186,261000,2753875.2419756004,-44.114799050589326
13775316.048244668,261000,0.8443744997019011,5177.89886905926
224357.04524886375,261000,6003.487635864044,-14.03944626480316
247650.7859189776,261000,0.03945604115209587,-5.114641410353408
139163.3837287053,261000,1547.220854274321,-46.68069588938495
231097291.26542726,261000,0.017832589152604116,88443.02347334378
2567394.8794975486,261000,0.48948258312295556,883.6761990412062
2561054.0131544624,261000,0.024926441462791195,881.2467483350431
17631234.62372976,261000,28.742848018511093,6655.2623079424375
152170.75209806368,261000,0.17012550005275656,-41.69702984748518
640409.7292372055,261000,2.60513212775292,145.36771235141973
43359009.79253623,261000,0.01541710091871725,16512.64743009051
