final_value,total_invested,total_shares,roi_percent
417110.73573891725,261000,56.09866102941371,59.81254242870393
697497.3833618556,261000,32.04729127486043,167.2403767669945
193729.5595011617,261000,33.058237619258044,-25.77411513365452
208218.00598238228,261000,53.274446144347216,-20.222986213646635
301092.04023322853,261000,53.26595107216635,15.360934955259973
312326.6535856506,261000,48.5376309939567,19.665384515574946
214849.7240226095,261000,68.57331435662746,-17.682098075628545
290794.2048802328,261000,75.40456163103417,11.415404168671573
424734.24349471246,261000,48.189992863148404,62.73342662632662
455982.1441124897,261000,39.816492035502115,74.70580234195008
237534.04340193118,261000,52.93462751262256,-8.990787968608743
228832.87814935797,261000,70.32173834597343,-12.324567758866676
545047.6359692365,261000,46.7963726990942,108.83051186560786
474167.40503701096,261000,29.493005424595708,81.6733352632226
559079.0935959477,261000,38.66235087784326,114.20654927047806
347961.3169280802,261000,52.32654764699403,33.31851223298093
378612.5180456733,261000,51.6993676977868,45.06226745044955
160792.41864249363,261000,53.188381184512245,-38.39370933237792
255718.21542049025,261000,34.536624615794906,-2.0236722526857287
463701.8688913067,261000,33.832677692355546,77.66355129935121
422486.2484206797,261000,36.00941061986507,61.87212583167805
223811.98484274853,261000,60.55184240036816,-14.24828166944501
473374.46015226626,261000,44.98794733391912,81.36952496255412
186640.30565839104,261000,73.12723002829895,-28.490304345444045
347643.87901150476,261000,35.783955323457825,33.196888510155084
218295.48434084543,261000,62.379804608433055,-16.361883394312095
163445.46306174315,261000,56.757816207201095,-37.37721721772293
275210.0934517429,261000,45.791647507626045,5.4444802497099225
345265.1592719575,261000,39.87941811497322,32.28550163676533
273511.74769083696,261000,54.78448435529552,4.793773061623355
403576.82863197185,261000,39.86089409863912,54.627137406885765
506113.4529154763,261000,34.63756992690013,93.9132003507572
310651.70286852197,261000,74.78819464257897,19.023640945793858
339691.68247739534,261000,33.14261668878993,30.15006991471086
208387.6498680886,261000,79.58035938238659,-20.157988556287894
241205.1009824424,261000,57.87577268122911,-7.584252497148501
169627.5981989316,261000,46.0781548164427,-35.00858306554345
345100.2551459221,261000,72.15597255197332,32.22231997928051
261702.42405217513,261000,84.09797128698492,0.26912798933913196
230142.02076006596,261000,54.28121099729232,-11.822980551698864
329254.7206105867,261000,41.73917849092066,26.15123395041636
349961.1509571629,261000,58.37968727036973,34.08473216749536
119221.1445263768,261000,61.19414487931437,-54.32140056460659
431761.1751198524,261000,39.16864681258104,65.42573759381318
414823.1912172202,261000,37.195955194685645,58.936088588973256
210265.85197557462,261000,61.588557925219725,-19.438370890584437
227212.93027277995,261000,46.40626046300382,-12.945237443379328
286313.4564632953,261000,49.55268302624882,9.698642323101657
161782.5116491249,261000,67.91903876617631,-38.01436335282571
209339.70193450878,261000,73.45829113409084,-19.793217649613496
406031.0844396269,261000,43.51509165951906,55.56746530253904
257252.48282433738,261000,41.820026892712775,-1.4358303355029205
347555.56893800595,261000,43.44556940578501,33.16305323295247
166511.19651141626,261000,59.09490742642027,-36.2026067006068
516599.0791261261,261000,25.323315436827695,97.93068165751957
434809.5694720273,261000,33.49798243484089,66.59370477855452
381551.0369894517,261000,64.17122023398039,46.18813677756769
317987.2928244071,261000,55.760772077783955,21.834211810117665
184737.42080613488,261000,64.61861522868281,-29.21937900148089
310220.50370677287,261000,54.814898049628944,18.85843053899344
557924.7251700873,261000,41.11747935024794,113.76426251727483
307282.9162985498,261000,39.00263198757927,17.732918122049732
280342.91989376146,261000,42.354162110615846,7.4110804190656925
273088.8077826957,261000,56.47271545143581,4.631727119806777
184909.98874833723,261000,48.03486812930004,-29.153261015962745
469397.82071981544,261000,33.582472512444895,79.84590832176836
247549.09160190972,261000,67.87686084841839,-5.153604750226161
228546.7125779474,261000,56.0665864703915,-12.434209740250044
189425.9427102682,261000,73.00177490881035,-27.42301045583594
265022.6396810717,261000,43.01244894538225,1.5412412571155876
252157.56491566217,261000,40.845262968020286,-3.3879061625815456
244078.04016006747,261000,62.02453742614162,-6.48350951721553
170901.94468444368,261000,70.83467378548804,-34.52032770710971
571092.7098865067,261000,28.534635524793572,118.80946738946616
253014.03989023538,261000,89.90159552916215,-3.0597548313274414
201696.8515332445,261000,79.80777797186217,-22.721512822511684
183535.65325821258,261000,107.37007017124395,-29.679826337849587
305699.3561172713,261000,48.627337161597126,17.126190083245707
269712.96453025285,261000,50.29095638960775,3.3383005863037747
435979.6728308693,261000,24.91725241637163,67.04202024171238
309875.6748267352,261000,60.11560173073156,18.726312194151426
239830.29500334806,261000,49.27924864883197,-8.110998083008408
213487.96430006443,261000,69.62833810571172,-18.203845095760755
306393.7628754677,261000,55.60165953046056,17.392246312439738
169949.87633630898,261000,138.81053271221813,-34.8851048519889
318862.9886859449,261000,43.7532433174958,22.169727465879262
160800.8631801497,261000,75.43716662616282,-38.390473877337286
590117.6388646021,261000,36.629195865612765,126.0987122086598
162972.62100147185,261000,47.48585469181842,-37.558382758056766
298634.7882124192,261000,58.02618457140648,14.419459085218083
451460.42060314876,261000,42.669109971962946,72.97334122726006
328143.0048931826,261000,49.82094299757276,25.725289231104448
292435.0864159355,261000,60.42201053960456,12.044094412235818
382739.065369316,261000,49.9642012967251,46.64332006487204
275197.3851055064,261000,57.53364892176666,5.439611151535019
205901.90867660416,261000,60.33212351822237,-21.110379817393042
437474.06263690436,261000,26.31916940429996,67.61458338578711
214687.0887272137,261000,73.75657048386326,-17.74441044934341
178716.81225364108,261000,53.560720804272655,-31.526125573317593
341738.6296833248,261000,42.0553702813187,30.93434087483708
201895.7472237211,261000,46.61358367711059,-22.645307577118356
218653.92864603532,261000,58.125708941348925,-16.224548411480722
287038.5270721289,261000,69.63738104194653,9.976447154072375
248309.59327634276,261000,41.7472495902566,-4.862224798336109
207725.6174120251,261000,38.446824343324934,-20.411640838304557
375967.85515757115,261000,47.6081474802195,44.0489866504104
293960.2956520483,261000,59.643981373171655,12.62846576706832
313744.273913264,261000,40.05225056101594,20.20853406638467
303376.1107154231,261000,48.52210037777283,16.236057745372847
330387.8868269404,261000,43.729345606668076,26.585397251701302
280453.5715948501,261000,71.53930019678626,7.453475706839119
416869.9486660664,261000,62.55821117356617,59.72028684523617
357433.35462608346,261000,33.57048055965343,36.947645450606686
261499.23224802295,261000,73.68306229487406,0.19127672338044008
379056.23862071725,261000,50.35917930971526,45.23227533360814
206767.16949325448,261000,129.37659220317957,-20.77886226312089
223441.50004812665,261000,38.88235545315992,-14.390229866618142
338382.9050488788,261000,41.00910986389773,29.648622624091498
412659.0803607123,261000,41.52644566328794,58.106927341269085
458055.379672449,261000,46.73853994060106,75.50014546837127
247332.68583739217,261000,43.90771329827338,-5.23651883624821
433821.3389477416,261000,32.920391273189765,66.21507239377074
385983.9134807894,261000,49.6274517115713,47.88655688919134
263232.6330599109,261000,60.35943628910545,0.8554149654831058
423256.9129854699,261000,50.092635352261695,62.16739961129115
267716.39893564204,261000,31.722595046627596,2.573332925533347
370402.60962033935,261000,49.750273459769154,41.91670866679669
239616.10919907258,261000,66.66822635704712,-8.193061609550734
311519.225285579,261000,29.036340887926965,19.356025013631793
294964.86056327104,261000,52.274301382256155,13.013356537651738
202266.32672699957,261000,92.9794696378587,-22.503323093103614
298887.3157024294,261000,78.88431111943949,14.516212912808196
356132.0546276572,261000,37.47381047017098,36.449063075730734
318362.12326628016,261000,47.372077806666546,21.977825006237612
273084.8984436277,261000,43.03913462478043,4.630229288746243
200705.90240356122,261000,58.899155782991784,-23.10118681855892
333792.117309989,261000,38.52444535912453,27.889700118769735
336277.2514742421,261000,40.248372645346116,28.841858802391602
274979.61835061316,261000,48.9896514444777,5.356175613261749
416248.184318413,261000,45.508771658306365,59.48206295724637
541451.9584597251,261000,37.46497803317547,107.45285764740427
278485.4137901041,261000,39.86721830466585,6.699392256744864
209839.28828115386,261000,54.845887898206975,-19.60180525626289
351170.3351640325,261000,58.88646671356313,34.548021135644646
331627.48863724875,261000,44.51064557262531,27.060340474041666
338294.2797035591,261000,54.22598565921588,29.614666553087787
230482.75089467267,261000,37.50802487654357,-11.692432607405106
278148.6262305138,261000,49.943906987376295,6.570354877591492
329764.2811211772,261000,37.84660240380134,26.346467862519994
262552.6757154125,261000,47.077741313886214,0.5948949101197237
428752.40674116404,261000,35.47123618658301,64.27295277439235
521048.69738570164,261000,37.40889934246267,99.63551623973242
283533.63922022225,261000,60.97931202595083,8.633578245295881
209958.07385880844,261000,58.78488364354394,-19.556293540686422
412281.52495445113,261000,56.39909336132385,57.96227009749085
262064.69450391488,261000,33.788138367068235,0.4079289287030211
312106.90642419434,261000,49.89662829612102,19.581190200840744
220855.25934768794,261000,80.46435734516943,-15.381126686709601
256217.47909174915,261000,71.34147707625355,-1.8323834897512843
566131.0487730495,261000,33.84241868491627,116.90844780576609
181942.5401011823,261000,62.409138974743165,-30.290214520619806
422599.8568013422,261000,38.25305498363416,61.915653946874414
293378.6339864311,261000,54.892032335915594,12.405606891352917
276756.675443298,261000,56.979836922162335,6.037040399731038
225568.74910526414,261000,53.216166875965136,-13.575191913691901
169099.6108446176,261000,97.5490555736661,-35.21087707102774
422392.37988092244,261000,57.60163069584348,61.83616087391665
238290.92363527455,261000,57.86997737623333,-8.700795542040403
372352.48026787426,261000,41.89036769806993,42.66378554324684
240718.8079399634,261000,78.64648162075491,-7.770571670512112
288036.70630114165,261000,46.7020480058277,10.358891303119405
457824.6038959225,261000,55.18735212015621,75.41172563062165
217033.06634150876,261000,70.38058011146346,-16.84556845152921
173173.87579120012,261000,46.57223155497692,-33.64985601869727
216237.3472616049,261000,50.08331028985919,-17.150441662220338
198220.64855325798,261000,70.84225208583162,-24.05339135890499
398981.3559196222,261000,71.78461810036195,52.86641989257554
214307.42310640792,261000,64.49631655092759,-17.88987620444141
198702.9436379759,261000,92.80827549129422,-23.868603970124177
368728.76394696283,261000,59.34764024686509,41.275388485426376
353231.9462814043,261000,46.597119780118355,35.337910452645325
254187.55693467986,261000,49.6247762637262,-2.6101314426513955
475654.8179711076,261000,60.87866200784288,82.24322527628644
228026.54151964205,261000,40.87597061903455,-12.633508996305729
344955.9333478624,261000,46.247240143880205,32.167024271211645
321308.6091798817,261000,25.905764642956562,23.106746812215206
214429.9074441058,261000,63.90306167257199,-17.842947339423063
288535.6003809417,261000,57.134371276420794,10.55003846013092
238336.70986708582,261000,45.59676020159799,-8.68325292448819
266890.6179784989,261000,45.64253102128599,2.256941754214146
414249.2087588913,261000,28.244462069114768,58.716171938272545
257320.4758994138,261000,67.34617340763904,-1.4097793488835977
222881.96883440576,261000,38.82007839216673,-14.60460964199013
253724.37289606823,261000,44.74483740842006,-2.787596591544738
271276.3359807574,261000,31.781790212747683,3.937293479217384
245977.67776264364,261000,66.36184402418675,-5.755679018144201
181791.35471573158,261000,43.166936404319586,-30.3481399556584
418338.4459134951,261000,51.305471784261655,60.28292946877206
267617.19418331515,261000,51.77720167355655,2.5353234418831994
412242.8826003781,261000,34.73313892345315,57.94746459784602
410080.6717053346,261000,40.37058309640348,57.11903130472591
205401.4156644076,261000,42.27507626254042,-21.302139592180996
358159.67241526314,261000,27.849941571317185,37.225928128453305
264695.90421371895,261000,40.51356925154224,1.4160552542984495
300898.5553158778,261000,31.885613176101618,15.286802803018304
249733.77738181062,261000,44.750774493659705,-4.3165603901108724
207802.94438166198,261000,48.885974931337316,-20.382013646872807
287563.25624132855,261000,51.76368110417601,10.17749281276956
312463.5793395577,261000,38.68891121371547,19.717846490251983
236293.00664725053,261000,97.57319784490923,-9.466280978064932
196741.02013060244,261000,40.38799249049832,-24.620298800535465
356061.7464108682,261000,49.35681887975913,36.42212506163532
225952.17931573626,261000,82.80821494092073,-13.428283787074232
200201.68835594182,261000,50.45591704598813,-23.294372277416926
168964.59784782064,261000,67.63281726143907,-35.262606188574466
375646.14967491815,261000,40.53313649729703,43.92572784479623
261932.30485833253,261000,76.32610445626592,0.35720492656418734
327951.3649429899,261000,42.46418602148054,25.651863962831378
325271.15485135134,261000,59.81581897503188,24.624963544579057
214294.96566321747,261000,93.99561867965323,-17.894649171181047
600658.4958528519,261000,27.600469235932486,130.13735473289344
228399.6832470846,261000,72.18729211995672,-12.490542817208961
437094.33432725817,261000,31.733534227642277,67.4690936119763
275073.79838521464,261000,51.475575811397746,5.39225991770676
292181.8076484578,261000,33.24641265829434,11.947052738872728
258333.65520730507,261000,66.66648110119915,-1.0215880431781341
212875.39399618804,261000,61.27812042921547,-18.438546361613778
262145.22510554263,261000,61.42537752050103,0.43878356534200436
260644.05303291412,261000,31.298731506783756,-0.1363781483087669
287099.47322757024,261000,36.56802297977485,9.999798171482851
243103.23441016144,261000,56.87303286436927,-6.856998310282972
298055.6857335512,261000,39.299200613710106,14.197580740824222
298939.0089079853,261000,59.889941780011355,14.536018738691684
305010.0288403776,261000,64.39021838236744,16.862080015470333
312437.55508267996,261000,33.10126415817739,19.707875510605348
332490.1717541025,261000,73.96826813757333,27.390870403870693
233991.16823371183,261000,56.09284032929598,-10.348211404708113
231560.9847796643,261000,66.11361841905094,-11.279316176373836
272184.64818032447,261000,80.83601579840713,4.285305816216272
367505.9532911335,261000,58.21372662650278,40.80687865560671
381929.10653865,261000,47.0717692729943,46.33299101097701
338344.9546004526,261000,50.00864254104855,29.63408222239564
273327.5335267461,261000,53.54654928768567,4.723192922124938
250497.20525191154,261000,71.33955960583062,-4.024059290455349
150991.53804727568,261000,122.18198400430364,-42.14883599721238
311398.4342627914,261000,51.02782943225014,19.309744928272572
153060.80792816557,261000,79.95651309431354,-41.35601228805917
313508.133600139,261000,70.55722723113915,20.11805885062797
330412.33263631957,261000,30.97662187492141,26.594763462191406
168485.1380463344,261000,73.18849788511508,-35.44630726194084
407578.85037518473,261000,49.255722672476644,56.16047907095201
276090.75294042303,261000,54.237230261309,5.781897678323
331078.54896707,261000,53.8668226612679,26.8500187613295
263829.46220282983,261000,39.35137418835777,1.0840851351838439
188069.60769633154,261000,55.78646928061145,-27.942679043551134
161003.35539345784,261000,84.11810131407024,-38.31289065384757
245428.17178445554,261000,38.312049054981976,-5.966217707105158
332512.5668643843,261000,45.8369165513442,27.399450905894362
239104.7022403446,261000,49.59622706700525,-8.389002973048045
183798.28274537422,261000,54.60322359181517,-29.57920201326658
249809.82959391762,261000,48.61902650551857,-4.287421611525817
305485.4102452275,261000,67.64083913436818,17.044218484761497
393510.6833679171,261000,25.893635964526073,50.7703767693169
296081.9026360057,261000,40.308327495214705,13.441342006132459
226195.41380144373,261000,61.371984645968915,-13.335090497531136
303836.77812837204,261000,40.40190973907795,16.412558669874343
279452.5078117926,261000,90.12440754755714,7.069926364671495
301507.31035417545,261000,52.01923327056138,15.520042281293279
411766.71100948384,261000,60.33867971549567,57.76502337528117
184478.67737296267,261000,50.769926979297175,-29.3185144164894
255189.3313491901,261000,52.587928627607084,-2.2263098278965163
281015.7989492965,261000,53.39125211014913,7.668888486320509
245918.804468624,261000,38.26973609135372,-5.778235835776244
633979.5922249618,261000,45.30687270682629,142.90405832374017
400035.2127083998,261000,34.865438638571995,53.27019643999993
314314.40500673244,261000,51.79112333390128,20.42697509836492
296488.3734871937,261000,49.939299987715316,13.59707796444204
267530.67633615766,261000,71.8878511618282,2.5021748414397162
365407.61878839845,261000,45.353975120887235,40.002919076014734
277894.4241181139,261000,57.55214779670017,6.47295943222754
200692.36557693593,261000,70.54480673257915,-23.10637334217014
296157.2249668358,261000,70.74628058921633,13.470201136718702
233004.9982558452,261000,46.204203718799945,-10.726054308105292
156014.29011919897,261000,57.225199208468915,-40.22440991601572
235557.00881849465,261000,50.74394687634305,-9.748272483335382
278008.3996507123,261000,80.15665636815604,6.516628218663725
670123.4920221901,261000,33.58063821515708,156.75229579394258
381318.0482194714,261000,46.9430127649973,46.09886904960591
417945.59430437465,261000,32.39075834886644,60.132411610871515
386930.4742193213,261000,32.18792620117356,48.24922383882041
226164.8920165165,261000,49.13277317148827,-13.346784668001341
135051.3789491119,261000,125.01546510962672,-48.25617664784984
242826.46995229114,261000,73.28386705460545,-6.963038332455502
304899.14071646595,261000,46.957385118222206,16.819594144239826
233231.68441320167,261000,47.152216268409006,-10.639201374252233
232891.30977602332,261000,73.05884164671274,-10.769613112634744
222553.11059422625,261000,60.50470330806276,-14.730608967729406
233306.31100998944,261000,60.18126299033598,-10.610608808433163
429314.21854594833,261000,22.32476830538181,64.4882063394438
207797.13042468927,261000,53.675780668539176,-20.384241216594152
389830.10495958186,261000,32.26717300884947,49.36019347110416
309088.1599379313,261000,51.555384128757865,18.42458235169781
313396.2450247619,261000,57.074271966359646,20.075189664659725
469900.1928576283,261000,50.301001356011156,80.0383880680568
346213.80173206475,261000,45.576942634060806,32.648966180867724
368220.9277446796,261000,63.22690368437186,41.08081522784659
437306.9698231389,261000,40.05366026208639,67.55056315062792
242289.75672767602,261000,44.23852221295699,-7.168675583265892
437165.3807244776,261000,30.49328841240179,67.49631445382282
305214.52584287606,261000,20.483650369399744,16.940431357423776
171795.59848442784,261000,53.406683747101255,-34.17793161516175
274311.310708015,261000,94.17150767491422,5.100119045216473
422617.617734447,261000,34.170687579062765,61.92245890208697
731856.7968818429,261000,27.252126826497214,180.40490301986318
219927.14581329506,261000,67.46144608593808,-15.736725742032542
556445.8629943108,261000,39.27928061062588,113.19764865682407
361430.2968131537,261000,47.70759453602049,38.47904092457997
256031.2660301352,261000,31.873184754180137,-1.9037294903696604
260355.04647085234,261000,36.60145171136722,-0.24710863185734258
281929.67662732553,261000,36.94149017047144,8.019033190546182
348007.7805774125,261000,39.96069015191342,33.33631439747606
185498.47162488618,261000,64.70349198766624,-28.927788649468894
343188.18446700415,261000,53.918741407679285,31.489725849426875
231051.2872998872,261000,77.05195567705874,-11.474602567093031
273597.955963694,261000,34.42810116909037,4.826803051223765
186053.85702299565,261000,57.597863734090275,-28.714997309197066
185180.46300986424,261000,94.0270056502474,-29.04963103070336
302043.6044380479,261000,41.881790151957624,15.72551894178081
637156.2659562931,261000,37.51783885024269,144.12117469589774
311322.50857876864,261000,58.18325953228581,19.280654627880704
411124.92592099885,261000,50.88605966698961,57.51912870536354
340125.7528571267,261000,60.97157059999379,30.316380405029385
211882.2676461987,261000,51.534046352027396,-18.819054541686317
255634.72018089955,261000,62.26991390177695,-2.0556627659388713
327996.2816745183,261000,53.71354422376556,25.66907343851276
267673.17892194557,261000,43.91712580668563,2.556773533312478
350249.2105176922,261000,33.46013198801215,34.19509981520774
315080.60283121804,261000,48.03632799048334,20.720537483225304
152989.08599127,261000,53.56506379511092,-41.383491957367816
318002.9948612054,261000,34.99377349381046,21.84022791617065
489825.83812166547,261000,34.52334609954591,87.67273491251551
354457.38853241876,261000,30.165824720511537,35.807428556482286
246913.0243488606,261000,42.39016697067954,-5.397308678597469
266451.5971032534,261000,44.48747658226872,2.088734522319316
179726.84776514885,261000,70.92700685597902,-31.13913878729929
193279.5413416585,261000,48.6646652829028,-25.94653588442203
300409.3903276875,261000,51.11515560891842,15.099383267313215
301006.16984376364,261000,49.66250147003535,15.328034422897947
274520.0233668306,261000,31.706588380033057,5.18008558116115
249628.01039560017,261000,62.456471650159514,-4.357084139616793
637408.1887157283,261000,45.89947705585134,144.21769682594956
286385.07020921377,261000,61.09283478992008,9.726080539928645
422220.4194437079,261000,39.78005260299678,61.77027564893024
221210.28899773574,261000,57.786297324794575,-15.24510000086753
262027.30510266364,261000,44.397140789491985,0.3936034876105895
210758.32025065974,261000,68.85020754206047,-19.249685727716574
264353.79887234874,261000,72.92100704108775,1.2849804108615848
130882.73911920334,261000,51.20829268331351,-49.853356659309064
230172.73018047382,261000,46.2942922448326,-11.811214490239914
342330.163396181,261000,55.284931323931225,31.160982144130656
341887.20280191733,261000,95.2042119184532,30.991265441347636
226720.11994521916,261000,51.169305251229225,-13.134053660835567
324076.47207181295,261000,43.459972560850346,24.16723067885554
242194.0217474235,261000,62.48639257027035,-7.205355652328158
479697.3049385482,261000,31.36513991379544,83.7920708576813
304909.5341260923,261000,37.744051386071334,16.823576293521946
366701.68386448885,261000,42.5264346792065,40.49872944999573
338315.6012397478,261000,57.89674923002267,29.62283572404129
179479.4151406468,261000,61.42487188934467,-31.233940559139157
307593.8591445759,261000,46.94038378388354,17.852053312098043
189483.9710820875,261000,64.82001724867774,-27.40077736318487
438898.90261707176,261000,32.31320767382955,68.16049908700067
311134.6063344839,261000,45.1887746751877,19.20866143083674
212870.31897451312,261000,54.44153045872894,-18.440490814362786
405604.7312793889,261000,38.691809807551365,55.404111601298425
188991.76189623284,261000,60.93863715850595,-27.589363258148335
355000.473666266,261000,98.23090308810885,36.01550715182606
288149.1514123391,261000,95.05418448713992,10.40197372120273
475377.53626668954,261000,44.73755027695227,82.13698707535998
270004.119174117,261000,42.07821127404633,3.449854089699996
145529.36836934224,261000,77.22015515136707,-44.241621314428265
291382.98728726746,261000,60.155881834375634,11.640991297803625
272239.7168385588,261000,77.99535396478723,4.306404918988041
274566.5022842649,261000,55.606578881158825,5.197893595503789
258503.92568558955,261000,60.49393953374618,-0.9563503120346548
367227.43984288163,261000,32.79527754689288,40.700168522176874
336505.42366522894,261000,50.25417040374117,28.929281097788866
229526.06368619256,261000,54.37418718575228,-12.058979430577562
331521.61201717146,261000,63.017569087394996,27.019774719222784
295716.66646904446,261000,39.46637466950704,13.30140477741167
250335.14914516092,261000,29.577368708990367,-4.086149752811909
744401.0222015778,261000,26.794986998649716,185.21111961746274
198448.8399590243,261000,65.44714565944702,-23.965961701523256
234258.55423286953,261000,38.132765971492766,-10.245764661735812
311343.48654897505,261000,72.45422110623421,19.288692164358256
389528.8708382936,261000,39.17057735284419,49.24477809896305
332577.6958928339,261000,47.10075441656955,27.42440455664133
514056.70520919736,261000,31.543924808177337,96.95659203417523
411734.0674045551,261000,43.5848542806815,57.75251624695598
342083.79858469084,261000,38.16492570657928,31.066589496050128
440687.0221387429,261000,43.439418093821025,68.84560235200877
556811.8476379204,261000,30.863045387270184,113.33787265820705
348346.0134058243,261000,59.75675862231773,33.46590551947292
448064.06908203714,261000,39.30176166497024,71.67205711955445
343199.7445616527,261000,35.53969968954121,31.49415500446464
445121.5037574746,261000,61.68702179382811,70.54463745497111
351585.07514671894,261000,49.95489105552491,34.706925343570475
200489.42027560007,261000,73.30767445725341,-23.184130162605335
205795.06002764642,261000,65.64358285845448,-21.151317997070336
267238.4401538872,261000,38.982180366592914,2.390206955512339
325803.60180318315,261000,32.00464628938835,24.82896620811615
395908.67770567886,261000,35.977250658842024,51.68914854623711
508427.6627052995,261000,45.95139575522179,94.799870768314
372146.90927960817,261000,49.98878234232131,42.585022712493554
257920.0284254478,261000,52.02085604047505,-1.1800657373763261
250513.7188621772,261000,38.691370611217195,-4.017732236713719
363188.27483483613,261000,40.726814127838516,39.15259572215944
292894.99627304927,261000,55.83042565018599,12.22030508545949
369612.3286376213,261000,31.435857547829677,41.61391901824571
335941.7247586994,261000,79.80324862554073,28.71330450524882
289403.8599624788,261000,57.15483068113499,10.882704966466974
279607.1909601297,261000,39.71090734301137,7.12919193874702
454835.6979686496,261000,37.67700689323836,74.26655094584277
293503.59264103463,261000,41.22874822551124,12.453483770511351
335586.71508187754,261000,71.89403722346297,28.577285471983732
246717.712198444,261000,49.97946717016156,-5.472140920136398
308007.64185720525,261000,49.857570547672566,18.01059074988707
262012.81371649395,261000,65.12523782284651,0.38805123237316264
343608.62690274377,261000,27.042507716235505,31.65081490526581
234460.46698314644,261000,56.80050220812101,-10.168403454733165
289791.22812368954,261000,32.021867265882996,11.031121886471086
227271.0644316691,261000,59.69129963007578,-12.92296381928387
162982.78525751623,261000,78.92821586224989,-37.554488407081905
277435.2093396857,261000,53.07667423228969,6.297015072676506
149242.9193413482,261000,81.61552442237682,-42.818804850058164
196323.05325377252,261000,50.49902167202962,-24.78043936637068
193934.2099823799,261000,98.93832796738174,-25.69570498759391
419419.7384720503,261000,61.74631356653282,60.697217805383254
230637.64606611436,261000,74.72604786222222,-11.633085798423615
285278.88963870436,261000,62.236248383819515,9.302256566553396
249663.40148138473,261000,73.31862542055369,-4.343524336634203
363397.2997867121,261000,47.42401337010668,39.232681910617664
384403.9781265357,261000,56.058335911223715,47.28121767300219
263832.57397635054,261000,53.84210174371707,1.0852773855749198
171183.5671342059,261000,78.65530081332409,-34.41242638536173
255923.77305940696,261000,89.81460746796087,-1.9449145366256866
288582.6360505862,261000,44.04421670138729,10.56805978949662
460076.5493089849,261000,33.452931952418226,76.27453996512831
345144.8822593188,261000,46.521610748204594,32.23941849016045
605689.5185389082,261000,39.82068298921817,132.06494963176561
309497.01561492414,261000,72.05292635521853,18.581232036369403
254769.05701128923,261000,42.67188462853999,-2.3873344784332446
578565.0920025414,261000,32.97273679522383,121.67244904311931
148538.9891001819,261000,95.49174803178114,-43.088509923301956
377253.2352302985,261000,41.98192170384972,44.54146943689597
350344.2002651027,261000,58.99401216273412,34.23149435444549
364596.26995951845,261000,54.5850969739335,39.692057455754195
489149.534764262,261000,28.78874280677,87.41361485220766
443231.8187075905,261000,30.465215203131997,69.82062019447912
666121.295806502,261000,24.677245494573548,155.21888728218468
294100.52389729366,261000,50.727899936018844,12.682193064097188
420814.51488859934,261000,42.77397399765539,61.231614899846484
247334.31152453928,261000,79.9898373896359,-5.23589596760947
329175.189850829,261000,43.06284057461819,26.120762394953644
287943.18945258256,261000,68.56955030703078,10.323061092943512
319364.94658739836,261000,53.69965022118394,22.36204850091891
267527.6746107244,261000,98.91618077440484,2.5010247550668128
296961.1177131826,261000,53.199236024652514,13.778206020376468
239389.1453988743,261000,48.56988908657494,-8.28002091997153
163785.86468953342,261000,34.94361862772461,-37.2467951381098
290558.91306735674,261000,46.00183585375957,11.325254048795687
305622.9120515615,261000,42.403218737201335,17.096901169180658
508341.06909652846,261000,39.00665536628052,94.76669314043235
240706.12585830217,261000,54.941544389207955,-7.775430705631353
319679.8655829364,261000,42.770496215317664,22.482707119898997
378666.1986106945,261000,57.54655847802733,45.08283471674119
154707.59320443732,261000,75.47251679650508,-40.72506007492823
210488.80426958212,261000,36.34969685722618,-19.352948555715663
254486.9546990088,261000,70.76808309731243,-2.495419655552179
267521.1973411677,261000,48.35864958111595,2.498543042592995
211659.5596222709,261000,49.845205716858835,-18.904383286486244
243319.78489166516,261000,67.76456791578929,-6.774028777139788
252637.2565272949,261000,39.77922680928221,-3.2041162730670885
201803.2174921988,261000,52.752324336274334,-22.680759581533025
277921.08183131734,261000,67.30302818282476,6.483173115447255
300796.89554213855,261000,46.6282011629938,15.247852698137374
387475.7359756769,261000,24.649697290759747,48.458136389148244
362015.83358645876,261000,34.570663397672426,38.70338451588458
224686.16916426687,261000,48.10065872865396,-13.913345147790471
196155.54718170039,261000,72.02512568232859,-24.84461793804583
253829.4808987051,261000,43.26438329925432,-2.7473253261666253
336270.06760831404,261000,34.904239366146626,28.83910636333871
278422.0633868004,261000,42.193110993160914,6.675120071571038
295731.33593830303,261000,53.75981650604681,13.307025263717637
296721.4500976658,261000,37.31989879969692,13.686379347764662
556392.1596361256,261000,45.50887309892256,113.17707265751937
319560.4523472745,261000,36.808346402445174,22.436954922327402
158387.25008061936,261000,93.28200209064809,-39.315229854168834
281967.90972715424,261000,51.344913011261774,8.033681887798561
402873.07545911346,261000,40.0342705451533,54.357500175905535
180283.1619959784,261000,76.35968420062294,-30.925991572422074
164017.32874523103,261000,58.55246537953242,-37.158111591865506
356871.5618414669,261000,45.67670211685743,36.73239917297581
240831.34494523832,261000,43.82870484635556,-7.727454043969992
315008.2909448062,261000,70.81693550224206,20.69283177961923
173093.34250818822,261000,76.28090993169636,-33.68071168268651
223045.04029298242,261000,79.61319456659419,-14.542130155945433
175035.85175864026,261000,56.6048816746735,-32.93645526488879
223947.56966083453,261000,95.30947246484675,-14.196333463281787
327625.710733578,261000,47.2073136492056,25.527092235087363
493437.76263390505,261000,33.64373221165894,89.05661403597894
250837.0082081287,261000,42.58813700199128,-3.8938665869238656
234294.8755626952,261000,67.9816171187362,-10.231848443411799
266269.3923125512,261000,56.348059845691076,2.018924257682455
263032.48624965094,261000,49.48522470128108,0.7787303638509367
483285.9742947067,261000,38.97927995754828,85.16703995965774
250646.23562480198,261000,49.57896178709621,-3.966959530727211
255115.05563605664,261000,44.55917922221576,-2.254767955533854
177807.72533815034,261000,74.7031323636862,-31.874434736340866
484142.4780657493,261000,29.90396529662504,85.49520232404187
774427.6360209733,261000,39.77866999766448,196.71556935669477
238242.1233354498,261000,46.53154560279179,-8.719492974923444
296054.3320508195,261000,55.740554193747855,13.430778563532368
219280.49345472554,261000,64.33846943937456,-15.984485266388681
263230.1804604885,261000,47.67030819677375,0.8544752722178091
214176.0152735165,261000,71.1942219886621,-17.94022403313544
407494.5517947797,261000,36.29128040806827,56.12818076428342
342191.6018966854,261000,48.562665442326555,31.107893447005893
439572.30628396367,261000,39.26822773023836,68.41850815477535
317394.02053420944,261000,36.71226740915239,21.60690441923733
365865.6753881695,261000,45.74456508955515,40.178419688953824
348406.19437212334,261000,64.66482636269191,33.48896336096679
530012.195229728,261000,44.31092931812932,103.06980660142835
226099.49381320598,261000,68.50217881542137,-13.371841450878936
299027.2853098374,261000,31.24446920761948,14.56984111488022
349307.9935230051,261000,64.33780174823038,33.83448027701345
382431.81338011613,261000,45.928662346580396,46.52559899621308
304554.2542315842,261000,73.87571053859962,16.687453728576322
325087.27011026465,261000,57.47357946449904,24.554509620791055
293740.5498523959,261000,40.61835147507834,12.544271974098045
273782.52528924856,261000,51.68425214697286,4.897519267911325
259483.84814864513,261000,73.80207773846202,-0.5809010924731285
244619.17568700926,261000,81.9046378531355,-6.276177897697599
206365.99322606667,261000,85.85097673935734,-20.932569645185183
489725.25620204967,261000,25.942915486130712,87.63419777856309
374662.9292056989,261000,43.07247166937459,43.54901502134057
241134.06306895489,261000,55.59439997168143,-7.611470088523033
259805.31790914066,261000,45.61684310259692,-0.45773260186181464
310911.0270556146,261000,59.32481556532731,19.122998871883
267210.7298923945,261000,57.900230573929996,2.3795899970860175
256573.34039711504,261000,65.05189132634429,-1.6960381620248888
286051.35234345635,261000,69.73457748290957,9.598219288680596
291077.5199537617,261000,89.20070327316292,11.523954005272689
333777.94712061365,261000,46.37597958745889,27.88427092743818
320909.9485407104,261000,62.04771857020532,22.954003272302828
298675.0250236022,261000,63.741688681266034,14.434875487970183
185219.42936170514,261000,86.01132356548054,-29.034701393982704
228163.11911255957,261000,88.21592421885404,-12.581180416643845
256286.44524108953,261000,40.613729415838485,-1.8059596777434743
374691.939189648,261000,36.93392081368326,43.56012995771955
298177.56829741213,261000,91.14222499387978,14.244279041154073
287050.39212316787,261000,45.300425821733654,9.98099315063903
239234.53241170404,261000,36.946092318540444,-8.33925961237393
323615.17595714226,261000,64.60430545261873,23.990488872468298
207461.08492192943,261000,80.09019311125458,-20.512994282785655
182293.42379888069,261000,101.9325338014228,-30.155776322267936
171570.51686434614,261000,71.85825331811817,-34.26416978377543
337902.99391271954,261000,90.9965178923367,29.464748625563043
343610.7013341485,261000,45.22730202732459,31.651609706570316
361622.4504258083,261000,43.21535496699688,38.55266299839399
316321.8371852783,261000,75.30021527485215,21.196106201256054
279558.51738713926,261000,48.55312409131362,7.110543060206613
213581.71404582032,261000,61.8018988578014,-18.167925652942404
225239.69113188147,261000,62.75018687696947,-13.701267765562655
369798.5546792165,261000,43.14247886122116,41.685269992036986
157047.54472121372,261000,45.878145756344885,-39.828526926738036
173684.43489135793,261000,64.7362083460392,-33.454239505226845
339215.226420603,261000,50.926888893257136,29.967519701380457
301026.2258186409,261000,53.98639493464089,15.335718704460117
515810.63797815656,261000,35.12002714215983,97.62859692649677
363047.5415251203,261000,54.300096288565356,39.098674913839204
200552.1042454792,261000,61.79668357877672,-23.160113315908358
479398.8548834212,261000,26.087920443244784,83.67772217755602
402393.8032388465,261000,96.12088954983379,54.173870972738115
340546.1722305477,261000,25.00794226715979,30.477460624730917
444368.07756997715,261000,28.208893287456053,70.25596841761576
255649.85789098826,261000,56.28207978311735,-2.049862877015991
270816.1937036705,261000,55.89496065778855,3.760993756195602
460273.0499108552,261000,45.70200882117522,76.34982755205179
418468.52180556045,261000,41.30332560126743,60.33276697531051
343987.64325480827,261000,52.59143303819736,31.796031898393974
366912.55015312496,261000,26.85190831668437,40.5795211314655
411361.36575913243,261000,65.52560842034843,57.60971868165994
256109.5485525802,261000,64.11449116152045,-1.8737361867508784
136749.53227931776,261000,48.784752244718945,-47.60554318800086
550468.9111184395,261000,60.24514715668374,110.9076287810113
231637.71281777037,261000,47.556487737199575,-11.249918460624379
410019.3971539839,261000,50.72474855605823,57.09555446512793
396240.8700320798,261000,36.814878546417845,51.81642529964744
380894.89680593874,261000,64.15189539896821,45.9367420712409
328421.5559455003,261000,45.42849569607393,25.832013772222346
352794.9697739689,261000,43.71241065154672,35.170486503436365
282679.37494603975,261000,50.292489153356804,8.306273925685728
421616.6968237199,261000,45.756662419993425,61.53896430027582
304849.61400343454,261000,54.22667147590872,16.800618392120516
217729.18448174524,261000,79.9135270780465,-16.578856520404123
293154.95593848673,261000,25.96521078155255,12.31990648984166
407214.98231016455,261000,30.565899813261804,56.021066019220136
182709.39546357162,261000,87.09804550860004,-29.99640020552811
315765.8250262017,261000,44.944048404278426,20.983074722682655
259029.3425987561,261000,50.475689952808715,-0.7550411499018752
303447.38183204434,261000,79.63217085687741,16.263364686607026
338506.2359155958,261000,50.48501369751836,29.695875829730184
183179.34824610475,261000,46.91021772091595,-29.816341668159097
346152.9447369742,261000,43.70552594866004,32.62564932451119
186980.97597959862,261000,35.67348812464883,-28.35977931816145
167187.95024821116,261000,59.982702004223505,-35.94331408114515
413577.2245792032,261000,25.673344967740608,58.458706735326885
365573.54329249973,261000,35.97565205043495,40.06649168295009
209615.45502983558,261000,42.3409235908645,-19.687565122668364
218935.75313007296,261000,53.147732697354435,-16.116569681964382
296805.20427731914,261000,48.800243301639426,13.718469071769784
408122.3664766145,261000,53.27938642161104,56.3687227879749
226266.14909269413,261000,51.520219893787626,-13.307988853373894
381302.0918365862,261000,32.01551511159469,46.092755492944896
352839.43006821064,261000,59.7920908076887,35.18752109893128
362954.4296552751,261000,44.78377612475164,39.062999867921484
261275.0980946951,261000,57.63945400404587,0.10540156884869815
183721.90411159943,261000,72.49381555328806,-29.60846585762474
275457.01084744243,261000,71.84461066314388,5.539084615878327
435204.5049904801,261000,29.33840961874239,66.74502106914946
255892.84173171507,261000,41.93024897760312,-1.9567656200325387
402633.41237265925,261000,29.780830071894563,54.26567523856677
245063.0904971756,261000,48.076090796586364,-6.106095594951873
212362.28769081517,261000,64.42701592768755,-18.63513881577963
330163.17055520497,261000,47.98604124145376,26.49929906329692
347049.7523802207,261000,50.487924091840405,32.96925378552517
371855.2976295914,261000,50.42888537781809,42.47329411095457
303325.7284716007,261000,39.252032972190136,16.216754203678423
455441.91210238397,261000,65.42399084370818,74.49881689746512
228350.28456290468,261000,51.92585940967372,-12.509469516128476
257921.46219618316,261000,68.29994324271206,-1.1795163999298246
312549.4413638689,261000,40.56536430728716,19.750743817574286
252478.65039344894,261000,53.500822972210145,-3.2648849067245425
234408.23069178048,261000,40.8779657097679,-10.18841735947108
201174.25035168006,261000,35.450810288023206,-22.921743160275838
199285.6228197514,261000,67.94176994673046,-23.645355241474554
230747.95607834726,261000,57.2738532008156,-11.590821425920591
306426.25880072906,261000,48.281168971830624,17.404696858516882
248640.8804727187,261000,61.667908217531,-4.735294838038809
530164.9051949137,261000,37.145124300250245,103.12831616663361
265801.62552942353,261000,32.652555589794495,1.8397032679783643
237497.15150346293,261000,58.2385926519576,-9.004922795608074
227989.62815756424,261000,104.54301350682064,-12.647652046910254
240997.1145043848,261000,46.8254713766087,-7.663940802917699
229899.8532431248,261000,38.07980927958815,-11.915765040948358
251556.2114450318,261000,38.88566927153493,-3.6183097911755544
179182.818331006,261000,82.84551970144804,-31.3475791835226
230732.4345879415,261000,69.37489714855458,-11.596768357110534
319344.55429296504,261000,27.793325686001236,22.354235361289287
212551.02166411423,261000,60.54072544209215,-18.562826948615236
547750.4044744084,261000,30.47440994608946,109.86605535417947
188667.5499579312,261000,64.29730175385079,-27.713582391597246
151934.22140393255,261000,58.75382512479335,-41.787654634508606
416354.5678364791,261000,25.489402809241366,59.52282292585407
204160.87877667666,261000,69.22791380942033,-21.77744108173308
341130.33710341196,261000,33.58675336523869,30.701278583682743
315455.61285904393,261000,42.0573803211675,20.86421948622373
223099.68164776472,261000,51.372700411010676,-14.521194770971372
453711.7583352733,261000,26.472900363994405,73.83592273382119
236005.60245045178,261000,83.3088370108903,-9.576397528562534
399942.0573550106,261000,34.84196941696553,53.234504733720534
248936.74357089293,261000,63.40778022227137,-4.621937329159798
439005.37753257365,261000,38.4716584763235,68.201294073783
328978.6171230501,261000,38.10390616416771,26.04544717358241
180495.17372689722,261000,105.36661117480192,-30.84476102417731
389478.7154107309,261000,39.328259423406976,49.22556146005016
387198.727179217,261000,57.86027841779971,48.352002750657846
239321.80507898956,261000,51.01062882244542,-8.305821808816258
222092.2349795686,261000,58.28704057080683,-14.907189663000537
286559.67880796024,261000,48.581684272127234,9.792980386191664
376319.5802814169,261000,44.17829786592003,44.18374723425934
236792.0245350432,261000,54.885060480364125,-9.275086385040922
207238.56332848783,261000,46.166305232645236,-20.598251598280527
244252.56899143706,261000,34.54743769017557,-6.416640233165878
260298.48739974646,261000,45.37307993603682,-0.26877877404350187
255537.4570141635,261000,63.6982301242659,-2.092928347063797
159634.72606338756,261000,34.1304834578429,-38.83726970751435
368193.0184167055,261000,36.723840241588704,41.07012199873773
262664.58038643876,261000,51.646944295425165,0.6377702630033548
212606.03518034576,261000,30.787831562791432,-18.5417489730476
273866.3123705494,261000,59.87991556385765,4.929621597911655
203842.61194977522,261000,99.81988779558866,-21.899382394722135
281893.4402586252,261000,55.83450286122807,8.005149524377469
655755.9599641499,261000,36.20757840981959,151.2474942391379
278278.6355912143,261000,38.906658135717294,6.6201668931855515
332076.661457885,261000,41.34389408030722,27.23243734018582
420152.336710387,261000,37.93085364218314,60.9779067855889
391113.2835342005,261000,54.483877714172436,49.85183277172433
455437.84115333954,261000,34.53776730067837,74.49725714687338
194247.25891687992,261000,63.074317160613404,-25.57576286709582
269550.77300493914,261000,57.548068293131855,3.2761582394402833
199023.253045653,261000,62.342674549155134,-23.745880059136784
338312.0105712475,261000,73.20145690623357,29.621459988983712
137167.3332093351,261000,65.27239274280403,-47.44546620331988
577988.2572445943,261000,22.615411631936166,121.45143955731581
245880.51032683192,261000,36.46977929162506,-5.792907920754053
220755.5120935461,261000,62.31517400557652,-15.419344025461262
421368.29310066276,261000,40.7641521611597,61.44379046002405
286414.7881562416,261000,77.89134286330977,9.737466726529345
236499.58672417465,261000,50.31770262808085,-9.387131523304735
253583.81174019724,261000,50.546840798809946,-2.8414514405374556
218546.99760188238,261000,57.478889029909446,-16.265518160198322
274815.38767659484,261000,45.88820363414113,5.293251983369669
263693.94429561787,261000,57.57423698843112,1.0321625653708306
235719.67214839463,261000,85.41137829686107,-9.685949368431174
213068.40655569165,261000,45.513293950175424,-18.364595189390172
268645.6152862584,261000,61.56246543562134,2.9293545158078156
318889.5849100511,261000,41.90514563761913,22.179917590057883
387614.0683119286,261000,55.734445759717666,48.511137284263825
414716.7051216084,261000,32.70620469487441,58.8952893186239
236952.9485810054,261000,90.30536771954954,-9.213429662450043
214204.48273357825,261000,47.2768329044252,-17.929316960314846
316010.5315305469,261000,60.73708648775745,21.07683200404096
431974.75992386404,261000,33.752861273076384,65.50757085205518
272029.3155814069,261000,98.02475579192516,4.225791410500718
343136.43128687993,261000,47.87773978396873,31.469897044781582
316123.376634101,261000,43.272712537319585,21.12006767590076
378825.6400434194,261000,37.224487179927166,45.143923388283284
337927.11301413836,261000,51.72396682120593,29.47398966058941
319542.264713019,261000,77.96369226240013,22.42998648008391
218051.71035719407,261000,53.15566039089196,-16.45528338804825
313918.59331567655,261000,66.28273784119051,20.275323109454618
353853.49909677164,261000,38.65640044999749,35.57605329378224
343229.1087689944,261000,56.24949986181708,31.50540565861854
419109.54232233856,261000,52.11855251063795,60.57836870587684
238093.1259758139,261000,56.628253904742856,-8.776580085895061
388142.97524383914,261000,39.8636871352124,48.713783618329174
270741.5967315095,261000,41.22499070007639,3.732412540808234
229821.08346276532,261000,54.305495478792935,-11.945945033423246
254427.6442839684,261000,79.92004513085351,-2.518143952502528
222019.53478695336,261000,78.60835712749834,-14.93504414292975
268521.524720003,261000,70.18715026268659,2.8818102375490473
201077.11649943126,261000,69.36934158266068,-22.958959195620206
225205.28192163032,261000,59.99107918078942,-13.714451371022868
342841.3178449256,261000,33.2400571622962,31.3568267605079
298826.16389593424,261000,61.83768967487305,14.492783101890513
367139.96260965103,261000,55.18642875191231,40.66665234086246
266997.74816673703,261000,41.25578392004695,2.297987803347521
231927.23514661877,261000,47.611665838856624,-11.138990365280165
357096.36848910083,261000,61.08408916278878,36.81853198816124
316456.21761390194,261000,23.81499333419945,21.247592955517984
272307.6733576392,261000,58.59399926390584,4.332441899478632
315244.42188835266,261000,38.220642286002864,20.783303405499105
189799.60354132057,261000,81.91338511082854,-27.279845386467215
359094.44435001566,261000,32.74726771895116,37.58407829502516
206355.6824480593,261000,52.025383566433646,-20.936520134843185
280840.6440985862,261000,52.74725431592454,7.601779348117328
203925.68745041432,261000,126.98872287644406,-21.867552700990682
245689.26849467825,261000,35.23389025116618,-5.866180653379979
405199.9903238439,261000,26.709153796047516,55.249038438254374
166705.3584908831,261000,64.39636487987653,-36.128215137592676
219107.38950169308,261000,38.46197355354603,-16.050808620040964
310108.964455698,261000,43.99327972968565,18.815695193754014
262994.6519808812,261000,54.61811678052499,0.7642344754333992
259425.12896465312,261000,63.65306065559753,-0.6033988641175777
300883.39945216785,261000,50.10766783097808,15.280995958685
188206.39015827142,261000,61.12556849494645,-27.89027197001095
400094.64982151735,261000,61.3394484719516,53.292969280274846
512457.449223788,261000,32.823854954891075,96.34385027731341
238252.92659704338,261000,44.51542775105493,-8.715353794236254
588600.365600311,261000,38.30089258625493,125.51738145605785
273039.50245112256,261000,52.63394560632868,4.612836188169565
243960.32326482856,261000,72.02155052052474,-6.528611775927754
220642.76556029904,261000,62.823858588613874,-15.462541930919906
381129.8161917025,261000,43.969300895411756,46.02674949873659
206697.81966974068,261000,60.74072854087633,-20.80543307672771
273771.96042625274,261000,50.34253653219416,4.893471427683043
245923.78440691798,261000,75.9413581321729,-5.776327813441385
327318.5896582554,261000,41.40741907686546,25.409421325002068
487990.7972238564,261000,35.774781721256225,86.96965410875723
201070.8837883189,261000,52.828253770760405,-22.96134720754065
309001.9007289451,261000,45.14459136447611,18.391532846339118
143279.04058103994,261000,63.0935466942348,-45.10381586933336
279722.9161703367,261000,78.77516914773189,7.173531099745867
251537.1529398919,261000,55.628235252832624,-3.625611900424556
262513.55298064044,261000,72.27136679069218,0.5799053565672174
312616.6993066187,261000,43.29204629314219,19.776513144298356
294360.11204749596,261000,92.18811877598488,12.78165212547738
258946.1911339851,261000,59.55129115861746,-0.7868999486647157
395359.66169437714,261000,52.55581703680021,51.478797584052536
189089.20611225255,261000,61.59655766719634,-27.55202830948178
172668.8942474196,261000,67.21172192337826,-33.84333553738713
199471.3221608152,261000,43.736696332043024,-23.57420606865318
241362.4452910051,261000,45.875691708503766,-7.523967321453984
182318.20763618688,261000,84.4194598715766,-30.14628059916211
296975.60170099814,261000,61.79643102509701,13.783755440995456
216745.08447904146,261000,64.48921398276748,-16.955906329869176
247643.4944432886,261000,39.036574133594364,-5.117435079199771
170404.4232447771,261000,76.47884294176698,-34.71094894836126
246626.6754055345,261000,72.92019327253122,-5.507020917419728
251395.79771532814,261000,56.59903293755167,-3.6797709902957325
323835.56825619267,261000,33.5429131402275,24.074930366357343
293232.3187340316,261000,43.206798366102056,12.349547407674933
697058.6551092502,261000,36.97089416923648,167.07228165105371
290904.46850233193,261000,46.53914444131637,11.457650767176986
154158.52080917815,261000,64.89896119828647,-40.93543264016163
320054.92984385916,261000,47.289133831344095,22.62640990186175
314133.4335515605,261000,44.058813317408834,20.357637376076823
240287.31444608484,261000,79.31952002240634,-7.935894848243357
470951.7537822442,261000,53.62057919670711,80.44128497403993
256885.29362013453,261000,52.91854717275132,-1.5765158543545865
229865.31164575648,261000,79.99461671075571,-11.928999369441962
293693.67119124415,261000,55.128023893617524,12.526310801242971
258105.593397354,261000,45.75405222474575,-1.1089680469908012
304933.87431463436,261000,69.26723982902998,16.832902036258375
308474.273303479,261000,66.96586241193492,18.189376744627975
238005.09360531272,261000,43.81232818803627,-8.810308963481715
153709.7917061181,261000,82.46240572064589,-41.10735949957161
212108.5307107122,261000,42.976239306193165,-18.73236371237081
288092.8439192038,261000,34.31247707299705,10.380399969043598
252371.8518677306,261000,44.09825539099701,-3.3058038820955504
371384.19318513834,261000,55.871183750617554,42.29279432380779
229977.93395653737,261000,55.515241538788544,-11.885849058797945
280068.23917962256,261000,63.98407211818531,7.30583876613891
231615.73580174393,261000,55.81839872536179,-11.25833877327819
387273.71634199907,261000,68.39686853961337,48.38073423065099
410362.2212370962,261000,25.00038364055451,57.226904688542604
280041.75253706274,261000,43.84048675030585,7.2956906272271045
434726.95129838324,261000,36.792419423806344,66.56205030589396
349218.89425036544,261000,62.69341726649227,33.80034262466109
609984.1766589221,261000,39.20205613414086,133.71041251299698
273568.39295137126,261000,53.85067516320445,4.815476226579029
335995.4367164927,261000,50.5740300795645,28.73388379942249
429072.32359783485,261000,52.86677686047731,64.39552628269534
250847.6321802028,261000,31.805822346111196,-3.889796099539153
169916.7237502807,261000,62.41275938131356,-34.89780699222961
431072.5385849748,261000,42.45174594793415,65.16189217815128
537211.8014363119,261000,37.23063994127947,105.82827641238003
292086.34602754755,261000,37.075218107134695,11.910477405190631
160262.5316156859,261000,98.34368333228669,-38.59673118172954
702415.9495349871,261000,38.00591032158961,169.1248848793054
230374.75570248257,261000,59.809045935498006,-11.733810075677178
286749.66263042646,261000,59.454074340311635,9.86577112276876
171777.02841448883,261000,93.76345637684723,-34.18504658448704
241403.89654959398,261000,52.6607051356216,-7.508085613182384
359877.00181047583,261000,52.601547894495866,37.88390873964592
236833.3135909316,261000,51.866697933218376,-9.259266823397859
265475.0302175029,261000,41.75534213744362,1.7145709645605005
246314.0209004977,261000,32.88184368116734,-5.62681191551812
185315.9877685576,261000,53.54216325550359,-28.99770583580169
734085.5830948912,261000,40.483481203452826,181.25884409765945
281085.1625155008,261000,68.38544323847432,7.695464565325974
251347.26382996127,261000,43.138592760756204,-3.6983663486738414
170232.72598879292,261000,31.25569513770019,-34.77673333762723
323101.88134666113,261000,37.02878788859225,23.79382427075139
227106.91293302202,261000,69.32993674771114,-12.985857113784668
268299.36287664133,261000,50.80885766678887,2.7966907573338435
151534.27569262788,261000,74.99323000136206,-41.940890539223034
396531.0075424403,261000,38.58280322864579,51.927589096720425
220022.20866218038,261000,66.87217508901115,-15.700303194566906
291753.47132520325,261000,43.97591568624536,11.782939205058717
213117.87438576925,261000,69.81444830396501,-18.34564199778956
342545.41257829627,261000,33.9209475729321,31.24345309513267
253518.44213979202,261000,29.292111985087494,-2.8664972644475006
333914.436938527,261000,32.05673613574177,27.93656587683026
440261.461543564,261000,42.756849648818715,68.68255231554176
337654.2323948948,261000,44.49668428151856,29.36943769919342
309174.50165505434,261000,33.3629867409006,18.45766346936948
289232.14839144406,261000,48.780245288748866,10.816915092507303
200129.91839856553,261000,70.41296661410337,-23.321870345377192
427057.2834695388,261000,43.66280945445792,63.623480256528275
301990.70776404435,261000,46.989710429478095,15.70525201687523
199008.44680582322,261000,109.68471305224543,-23.75155294796045
222452.0510523515,261000,56.20735819636688,-14.769329098715897
413528.4306236484,261000,32.74914739770592,58.44001173319862
161987.5672767977,261000,73.14070967606277,-37.93579797823843
361559.19031604234,261000,48.034207121833056,38.52842540844534
205042.45389700634,261000,51.3298250865128,-21.43967283639604
263200.07825805416,261000,49.53257539934854,0.8429418613234315
437625.82142813277,261000,36.131115048811,67.67272851652596
230848.7332290696,261000,78.63986389847747,-11.552209490777935
210643.42374559573,261000,94.14636265174622,-19.293707377166385
473811.980465768,261000,39.88044788590103,81.5371572665778
390981.1997105111,261000,32.08227377454438,49.80122594272455
251270.3701690007,261000,94.3852478836458,-3.7278275214556706
483751.9040276709,261000,48.97927738236926,85.34555709872448
426723.796516481,261000,48.43227080735884,63.49570747757891
298838.2333489466,261000,58.54326357785139,14.497407413389507
302662.7056151192,261000,93.91456815016724,15.962722457900075
306541.6592391746,261000,94.51171720427196,17.448911585890663
256277.3538509935,261000,87.8900555691228,-1.809442968968007
352290.31918932014,261000,81.41431137693299,34.977133789011546
175148.73170261175,261000,38.532409027364984,-32.893206244210056
362860.47076091816,261000,44.372125061436975,39.02700029153953
229750.1680584425,261000,74.05500201572372,-11.973115686420496
384511.27142285684,261000,32.22576848834486,47.32232621565396
170363.4995932911,261000,61.715626646379484,-34.72662850831758
221655.92550335452,261000,96.02643528228528,-15.074358044691754
445759.9520976486,261000,28.680513361416292,70.78925367725999
471957.20975712326,261000,27.385999521582146,80.82651714832309
277824.3250467696,261000,58.47406359685261,6.446101550486427
473978.26173447754,261000,36.487891581750716,81.60086656493392
353625.89168031863,261000,39.957434337637274,35.48884738709526
141186.23582098173,261000,50.14033712795981,-45.90565677357022
321211.8461859842,261000,30.727507825060638,23.069672868193184
507361.6253969411,261000,29.17721023278393,94.39142735514984
268549.37802592997,261000,45.47828204722036,2.892482002272018
245249.44839389768,261000,41.20304660130462,-6.034694101954913
351625.13730720535,261000,50.4420092485771,34.722274830346876
309244.5242227211,261000,55.09656639829295,18.48449203935675
352991.5244731738,261000,63.168600560698806,35.24579481730796
184654.53223665577,261000,55.68366826323259,-29.251137074078247
195306.66813813223,261000,59.79855173754097,-25.16985895090719
215131.70779757368,261000,60.24001505188157,-17.574058315105873
208091.57125224883,261000,67.33393670469988,-20.27142863898512
261831.11919926698,261000,36.40987294296258,0.31843647481493387
476751.0658078083,261000,34.751177175942495,82.66324360452425
150034.7099392597,261000,81.83362499933862,-42.51543680488135
254607.3848960437,261000,56.47267828326224,-2.4492778176077823
255384.82565759134,261000,46.60003963854245,-2.1514077940263063
149065.5132263691,261000,64.87933862788294,-42.88677654162103
262934.5306577286,261000,73.68738350578026,0.741199485719774
243164.7730991688,261000,45.264990875343386,-6.833420268517706
352913.6241547117,261000,54.40776389165466,35.21594795199683
527493.1176336358,261000,25.61952862368053,102.10464277150794
225987.23410443275,261000,54.47814564779953,-13.414852833550672
239359.8300415828,261000,54.10441034372291,-8.291252857631108
214010.7557665334,261000,42.69381120586771,-18.00354185190291
310250.54990502633,261000,37.1873672114961,18.869942492347253
169215.2412575001,261000,79.84239899981529,-35.166574230842876
246211.87397356424,261000,39.56013698131329,-5.665948669132473
387246.48021265806,261000,53.91896593313529,48.3702989320529
234973.83754084585,261000,49.9196375138147,-9.971709754465191
193179.81039521666,261000,39.304929518631724,-25.984746975012772
190539.43410974598,261000,67.93854018549185,-26.996385398564758
224081.2557560608,261000,74.86635223665537,-14.145112737141458
183766.10232475417,261000,57.121603667570184,-29.591531676339393
320964.55733211804,261000,31.361109251853936,22.97492618088814
225368.9065561213,261000,140.3993394969396,-13.651759940183409
380905.56189061544,261000,54.42845009098458,45.94082831058063
229007.48931971577,261000,47.60704475361163,-12.257666927311968
243247.09629254934,261000,44.911494696702505,-6.801878815115196
249934.73308063476,261000,52.061468573656036,-4.239565869488597
224689.7605536523,261000,91.49276824854266,-13.911969136531685
256479.11254452128,261000,94.41243046982943,-1.7321407875397388
373232.71447498654,261000,45.575936210909425,43.00104002873047
243457.58324241018,261000,62.823921894166254,-6.721232474172344
466881.19340557576,261000,38.23396928628552,78.88168329715546
228714.6996839016,261000,54.14799097402673,-12.36984686440552
416371.95406757353,261000,34.24493768248431,59.52948431707799
329746.20685130707,261000,36.35823432958834,26.339542854906924
398873.68958273594,261000,27.77978563309489,52.825168422504184
159417.22656209263,261000,81.40686153028675,-38.92060284977294
397155.6337613694,261000,33.76154174490119,52.16690948711471
212125.35945046248,261000,62.86442239255667,-18.725915919363032
281843.09537676576,261000,46.09329246665717,7.985860297611404
266828.70771049836,261000,81.98658050350734,2.2332213450185296
154841.70054469418,261000,45.417220042448115,-40.67367795222445
326279.95020438667,261000,42.78680415723728,25.01147517409451
227984.17556401272,261000,56.971070653307706,-12.649741163213516
587263.1497667029,261000,32.55719202510338,125.00503822479038
302215.5643896122,261000,48.660009053710525,15.791403980694321
264995.7343514457,261000,41.83547110609573,1.5309327017033287
287729.38862464565,261000,38.88247508321128,10.241145066914044
225789.6492547544,261000,60.37910527709229,-13.490555841090272
234666.29270231567,261000,58.53321990723413,-10.089543025932695
178301.83159066032,261000,33.889718580401485,-31.685121995915583
238119.84747687686,261000,48.3819410813348,-8.766341962882427
333317.4147376204,261000,55.32033498692328,27.707821738551875
308628.54231759004,261000,47.11534225344273,18.24848364658622
412594.32857403625,261000,33.78680527707703,58.0821182276001
232067.56785206305,261000,49.08812236025406,-11.085223045186572
369727.08216424735,261000,34.19983057442992,41.65788588668481
343618.95733061223,261000,46.38305839908511,31.654772923606217
195131.05756421998,261000,43.19191263652669,-25.237142695701152
491538.66283233464,261000,39.0570551197716,88.32898959093282
386074.8732765072,261000,48.27876223308872,47.92140738563494
373828.56131139083,261000,41.78330839588292,43.22933383578193
372757.6350289146,261000,45.54615094107522,42.819017252457705
337196.52858298225,261000,45.34121287827188,29.19407225401619
188463.39164866513,261000,83.87104996032319,-27.791803966028688
584995.8366647334,261000,30.950605749724968,124.13633588687102
368550.04174800194,261000,52.04016943471239,41.206912547127175
220006.24295521897,261000,66.0820768587442,-15.706420323670892
221205.1238016201,261000,37.101822270498836,-15.247079003210692
260588.03365166485,261000,67.85906714495435,-0.15784151277208694
353555.014284696,261000,45.438313741733,35.4616912968184
446606.69185921975,261000,43.12134120068759,71.11367504184665
284392.84167748736,261000,52.65132818225328,8.962774589075618
262790.5413127489,261000,48.88103161088929,0.6860311543099293
255888.1985632242,261000,38.36215091208645,-1.9585446117914944
224445.96588687628,261000,94.054140038815,-14.005377054836677
183190.6962061292,261000,35.532716563691956,-29.811993790755093
405747.0572292338,261000,39.26784568100064,55.45864261656467
346865.09615870676,261000,50.67745822121965,32.89850427536658
368956.7185095128,261000,35.831579770737235,41.36272739828076
274383.25409243774,261000,68.81025266965193,5.127683560320973
283944.34536109446,261000,84.69930851386268,8.790936919959561
241674.85421126022,261000,73.578809642908,-7.40427041714168
