Final_Value,Total_Return,Annualized_Return
117503.05549723856,0.1750305549723856,0.17503055497238562
80630.8296121482,-0.19369170387851803,-0.19369170387851797
48589.13623195484,-0.5141086376804516,-0.5141086376804516
58040.301993626774,-0.41959698006373225,-0.41959698006373225
63528.718373617994,-0.36471281626382007,-0.36471281626382
48258.94669893287,-0.5174105330106713,-0.5174105330106713
129675.19270771589,0.2967519270771589,0.2967519270771588
94457.24838848937,-0.05542751611510626,-0.05542751611510621
59483.182604560345,-0.4051681739543965,-0.4051681739543965
70888.78962605058,-0.2911121037394942,-0.29111210373949414
72780.12121241106,-0.2721987878758894,-0.27219878787588936
110030.51118890145,0.10030511188901452,0.10030511188901459
63622.24707610293,-0.36377752923897066,-0.36377752923897066
181811.87509772234,0.8181187509772234,0.8181187509772234
73095.93405460093,-0.26904065945399064,-0.2690406594539907
66858.83866910878,-0.3314116133089122,-0.3314116133089122
141479.5541301234,0.414795541301234,0.4147955413012341
182872.44481861577,0.8287244481861576,0.8287244481861578
58689.426542217465,-0.41310573457782535,-0.4131057345778254
41608.51347002652,-0.5839148652997348,-0.5839148652997348
88416.91513542378,-0.11583084864576217,-0.11583084864576221
56149.42722810832,-0.4385057277189168,-0.4385057277189168
81343.75691761111,-0.18656243082388888,-0.1865624308238889
76297.71482131683,-0.23702285178683175,-0.2370228517868317
152730.56972771717,0.5273056972771717,0.5273056972771717
31552.40936140372,-0.6844759063859628,-0.6844759063859628
82260.37493822086,-0.17739625061779138,-0.1773962506177914
103593.24699724428,0.03593246997244278,0.035932469972442815
59603.955564674194,-0.40396044435325806,-0.40396044435325806
104509.0695600283,0.04509069560028307,0.045090695600283004
55354.98166669643,-0.44645018333303566,-0.44645018333303566
97121.67850775347,-0.02878321492246527,-0.028783214922465272
81231.12300222508,-0.1876887699777492,-0.1876887699777492
122787.11530199963,0.22787115301999628,0.22787115301999616
199951.55570812133,0.9995155570812133,0.9995155570812133
142644.68167438486,0.4264468167438486,0.42644681674384866
191054.31055102806,0.9105431055102806,0.9105431055102806
157088.56299561574,0.5708856299561573,0.5708856299561573
33820.85593422079,-0.6617914406577922,-0.661791440657792
36750.83655864344,-0.6324916344135656,-0.6324916344135656
122817.2447031094,0.22817244703109404,0.22817244703109396
118432.62113624036,0.18432621136240357,0.18432621136240357
74396.57645071286,-0.25603423549287135,-0.2560342354928714
66752.31265634204,-0.3324768734365796,-0.3324768734365796
238470.0224391751,1.384700224391751,1.384700224391751
165928.59324823308,0.6592859324823308,0.6592859324823308
72678.91664820141,-0.27321083351798586,-0.2732108335179859
129948.11184411308,0.29948111844113084,0.2994811184411308
79534.07250646815,-0.20465927493531855,-0.20465927493531855
37129.82678908617,-0.6287017321091383,-0.6287017321091384
85184.77540841793,-0.14815224591582069,-0.14815224591582066
61877.961469094116,-0.38122038530905883,-0.3812203853090589
49018.32127051898,-0.5098167872948102,-0.5098167872948103
59090.273168686865,-0.40909726831313137,-0.4090972683131313
35075.129359645376,-0.6492487064035463,-0.6492487064035463
110995.7759617375,0.10995775961737497,0.10995775961737508
147815.18131640364,0.47815181316403643,0.4781518131640363
129455.94502976902,0.2945594502976902,0.29455945029769026
79047.20419674071,-0.20952795803259286,-0.20952795803259283
72249.14666985298,-0.2775085333014702,-0.2775085333014702
94402.37716528379,-0.05597622834716211,-0.055976228347162094
79309.5159372722,-0.206904840627278,-0.20690484062727799
187005.3399984132,0.870053399984132,0.870053399984132
48481.47351218989,-0.5151852648781011,-0.515185264878101
89733.68319082419,-0.10266316809175813,-0.10266316809175813
87002.11480756212,-0.12997885192437883,-0.12997885192437886
65952.25500045405,-0.3404774499954595,-0.3404774499954595
61292.926337669734,-0.38707073662330266,-0.3870707366233026
79861.58661710395,-0.20138413382896048,-0.20138413382896048
67667.06423454543,-0.32332935765454573,-0.32332935765454573
28345.03006902297,-0.7165496993097704,-0.7165496993097703
86591.1519773894,-0.13408848022610603,-0.1340884802261061
122141.92753979092,0.22141927539790923,0.22141927539790918
34710.91245896789,-0.6528908754103211,-0.6528908754103211
130082.32121155372,0.3008232121155372,0.3008232121155372
88641.52674711953,-0.11358473252880474,-0.11358473252880474
29948.00433808871,-0.7005199566191129,-0.7005199566191129
103257.05014242507,0.032570501424250685,0.032570501424250775
64200.14388609812,-0.3579985611390188,-0.35799856113901873
43014.519261646565,-0.5698548073835343,-0.5698548073835343
57634.80678303029,-0.4236519321696971,-0.4236519321696971
131874.26555817877,0.3187426555817877,0.3187426555817876
61629.320140280666,-0.3837067985971933,-0.38370679859719337
91941.81860227794,-0.08058181397722058,-0.08058181397722064
102419.22589378871,0.024192258937887092,0.024192258937887123
81915.53620765662,-0.18084463792343378,-0.18084463792343375
52972.90227881061,-0.4702709772118939,-0.4702709772118939
52603.021692534,-0.47396978307466003,-0.47396978307466
57916.81553204398,-0.42083184467956025,-0.42083184467956025
185170.31422067783,0.8517031422067782,0.8517031422067782
107308.22443079702,0.07308224430797025,0.07308224430797017
43424.83713768957,-0.5657516286231044,-0.5657516286231044
101855.30403767138,0.01855304037671376,0.018553040376713792
45088.57515535826,-0.5491142484464174,-0.5491142484464174
151567.26647185037,0.5156726647185037,0.5156726647185037
145621.64707217898,0.45621647072178984,0.4562164707217897
127540.49971240603,0.2754049971240603,0.2754049971240604
34114.65332898353,-0.6588534667101648,-0.6588534667101646
79877.61517568129,-0.2012238482431871,-0.20122384824318706
65013.88713937896,-0.3498611286062104,-0.34986112860621044
73807.3420100957,-0.261926579899043,-0.261926579899043
81439.96531631239,-0.18560034683687612,-0.1856003468368761
70324.55061239307,-0.29675449387606934,-0.29675449387606934
79759.76999631725,-0.20240230003682752,-0.20240230003682746
128830.78475722735,0.28830784757227346,0.28830784757227357
44442.388728378064,-0.5555761127162193,-0.5555761127162193
115009.53207798694,0.15009532077986937,0.15009532077986942
230240.8618606901,1.3024086186069008,1.302408618606901
150835.70569299944,0.5083570569299944,0.5083570569299944
83756.18829679166,-0.16243811703208338,-0.16243811703208344
93623.3128718894,-0.063766871281106,-0.06376687128110603
99905.08684985143,-0.000949131501485681,-0.0009491315014856783
41616.46984280192,-0.5838353015719808,-0.5838353015719808
96209.12175182744,-0.03790878248172565,-0.03790878248172569
172820.93224552137,0.7282093224552137,0.7282093224552137
149686.96389132075,0.49686963891320746,0.49686963891320746
63200.46591477131,-0.3679953408522869,-0.3679953408522869
38409.09587558599,-0.6159090412441401,-0.6159090412441401
316543.1133643755,2.165431133643755,2.165431133643755
87827.2768651399,-0.12172723134860106,-0.12172723134860108
137258.10642178712,0.3725810642178712,0.37258106421787107
148711.04798111654,0.4871104798111654,0.4871104798111654
74900.43206539309,-0.2509956793460691,-0.25099567934606903
80527.3835237725,-0.194726164762275,-0.194726164762275
78213.01233291773,-0.2178698766708227,-0.2178698766708227
93379.82920874952,-0.06620170791250479,-0.06620170791250479
187017.85128150776,0.8701785128150775,0.8701785128150776
95558.53908039875,-0.044414609196012464,-0.04441460919601248
44675.06421495357,-0.5532493578504643,-0.5532493578504643
63602.95426157658,-0.36397045738423417,-0.36397045738423417
129161.25232282242,0.2916125232282242,0.29161252322822406
90862.84100508306,-0.09137158994916943,-0.09137158994916939
103116.5166453754,0.031165166453754063,0.031165166453754
152455.79216065325,0.5245579216065325,0.5245579216065324
115459.13514724582,0.1545913514724582,0.15459135147245817
137370.35586404052,0.3737035586404052,0.37370355864040516
81979.53889826508,-0.18020461101734925,-0.1802046110173492
74912.62309605753,-0.25087376903942465,-0.2508737690394247
197411.5183054387,0.9741151830543868,0.9741151830543868
70317.64885703714,-0.29682351142962854,-0.2968235114296286
92599.71046386164,-0.07400289536138356,-0.0740028953613836
129880.03653064402,0.2988003653064402,0.29880036530644016
93227.98296434779,-0.06772017035652214,-0.06772017035652211
110143.84248580558,0.1014384248580558,0.10143842485805576
104205.14850859198,0.04205148508591985,0.04205148508591994
288609.2063323955,1.8860920633239548,1.886092063323955
127547.24479997215,0.2754724479997215,0.2754724479997215
92352.49342886385,-0.07647506571136153,-0.07647506571136153
67489.75378872878,-0.32510246211271226,-0.3251024621127122
85325.44079486968,-0.14674559205130325,-0.14674559205130322
100549.02455101506,0.005490245510150562,0.005490245510150649
70555.59358512392,-0.2944440641487608,-0.2944440641487608
38793.6625147668,-0.612063374852332,-0.612063374852332
127841.84248617098,0.2784184248617098,0.27841842486170987
216429.54872558665,1.1642954872558664,1.1642954872558664
54032.703119191516,-0.45967296880808484,-0.45967296880808484
47020.060607769075,-0.5297993939223092,-0.5297993939223092
103853.28040200888,0.03853280402008881,0.03853280402008874
133516.84801768925,0.3351684801768925,0.3351684801768924
60237.751599500734,-0.39762248400499267,-0.39762248400499267
55139.355588893595,-0.44860644411106404,-0.4486064441110641
110997.1199455703,0.10997119945570302,0.1099711994557031
89939.9021086952,-0.10060097891304802,-0.10060097891304798
132987.76711019783,0.32987767110197835,0.3298776711019784
90120.88704135895,-0.09879112958641054,-0.09879112958641056
102122.65780559587,0.02122657805595867,0.021226578055958623
128648.31945520914,0.2864831945520914,0.28648319455209137
68658.12759620634,-0.31341872403793664,-0.3134187240379366
51869.55790458352,-0.4813044209541648,-0.4813044209541648
34065.96922440276,-0.6593403077559723,-0.6593403077559724
50334.21718280513,-0.4966578281719487,-0.4966578281719487
75749.56789176873,-0.24250432108231268,-0.24250432108231268
68716.5921038486,-0.31283407896151405,-0.31283407896151405
96510.82476622253,-0.03489175233777467,-0.03489175233777464
80856.98364030996,-0.19143016359690038,-0.19143016359690035
115112.67337493441,0.15112673374934413,0.15112673374934404
75656.48481553039,-0.24343515184469608,-0.2434351518446961
147357.5316625836,0.47357531662583613,0.4735753166258361
139692.11619634856,0.39692116196348565,0.3969211619634856
29893.29623850999,-0.7010670376149001,-0.7010670376149002
84210.40932048683,-0.15789590679513174,-0.15789590679513177
47323.02367240879,-0.5267697632759121,-0.5267697632759121
53151.012885962475,-0.46848987114037527,-0.4684898711403752
196167.08700877387,0.9616708700877388,0.9616708700877388
59277.35985635709,-0.4072264014364291,-0.4072264014364291
108968.54280155674,0.08968542801556745,0.08968542801556745
62764.76381298446,-0.37235236187015536,-0.3723523618701554
91655.15371780677,-0.08344846282193233,-0.0834484628219323
51221.390181872935,-0.48778609818127067,-0.4877860981812706
150491.54697891854,0.5049154697891854,0.5049154697891853
45845.053016055506,-0.541549469839445,-0.541549469839445
200652.70669707624,1.0065270669707624,1.0065270669707624
94194.87731712744,-0.05805122682872563,-0.058051226828725655
35177.196641785624,-0.6482280335821438,-0.6482280335821438
296391.795405212,1.9639179540521197,1.9639179540521199
55751.777246342754,-0.44248222753657246,-0.4424822275365725
141589.6475538989,0.4158964755389889,0.4158964755389889
119652.36444825969,0.19652364448259688,0.19652364448259685
109833.16765112417,0.09833167651124168,0.09833167651124164
178400.20298819678,0.7840020298819678,0.7840020298819677
76018.50862985109,-0.23981491370148914,-0.2398149137014891
63560.74866992598,-0.3643925133007402,-0.3643925133007402
88779.31811557357,-0.11220681884426434,-0.11220681884426431
40346.72212059475,-0.5965327787940525,-0.5965327787940524
174470.0520048533,0.7447005200485329,0.7447005200485328
122032.91519712914,0.22032915197129144,0.22032915197129133
52968.41857554308,-0.4703158142445692,-0.47031581424456914
77072.25520546747,-0.22927744794532526,-0.22927744794532523
94836.80825202978,-0.05163191747970224,-0.051631917479702194
158119.01639908616,0.5811901639908617,0.5811901639908617
103141.87348802094,0.031418734880209374,0.0314187348802093
77238.54073096086,-0.22761459269039144,-0.22761459269039142
85167.56876394602,-0.14832431236053978,-0.14832431236053978
100999.69179715653,0.009996917971565272,0.009996917971565322
107005.72929628688,0.07005729296286882,0.07005729296286889
31564.49250686246,-0.6843550749313754,-0.6843550749313754
82715.01790183045,-0.17284982098169552,-0.17284982098169555
60377.571856063805,-0.39622428143936195,-0.39622428143936195
66246.91679525151,-0.33753083204748485,-0.3375308320474849
83767.13283981833,-0.16232867160181674,-0.16232867160181674
86551.99506747189,-0.13448004932528115,-0.13448004932528113
79203.92828233057,-0.20796071717669432,-0.2079607171766943
184836.59188263988,0.8483659188263989,0.8483659188263988
77406.99082222344,-0.22593009177776563,-0.22593009177776557
44614.92097288714,-0.5538507902711286,-0.5538507902711285
102931.0018146515,0.029310018146515068,0.029310018146515127
63079.53787134396,-0.36920462128656045,-0.3692046212865604
88078.950444218,-0.11921049555781996,-0.11921049555781993
57648.08634036398,-0.4235191365963602,-0.4235191365963602
67804.36546312629,-0.3219563453687371,-0.3219563453687371
135324.91195555846,0.35324911955558463,0.3532491195555847
36309.21607266176,-0.6369078392733825,-0.6369078392733825
65728.93402342733,-0.34271065976572673,-0.3427106597657268
75528.72621685798,-0.24471273783142022,-0.24471273783142022
90243.98781871538,-0.09756012181284619,-0.09756012181284623
29615.61546901141,-0.703843845309886,-0.7038438453098859
43150.96701853974,-0.5684903298146026,-0.5684903298146026
127281.05423747616,0.27281054237476154,0.27281054237476154
153828.59666482703,0.5382859666482702,0.5382859666482702
144371.9107124576,0.44371910712457613,0.4437191071245761
52939.95619077293,-0.4706004380922707,-0.4706004380922707
66219.07624658418,-0.33780923753415815,-0.33780923753415815
101505.03089237801,0.015050308923780103,0.01505030892378012
75950.89382349027,-0.24049106176509727,-0.24049106176509727
123406.89259668178,0.23406892596681778,0.23406892596681783
85274.89801974139,-0.1472510198025861,-0.14725101980258604
73529.73051303024,-0.2647026948696976,-0.26470269486969755
121284.18321576103,0.21284183215761032,0.21284183215761043
85299.34546692924,-0.1470065453307076,-0.14700654533070756
105168.70160855526,0.0516870160855526,0.051687016085552706
70323.53905506905,-0.2967646094493095,-0.2967646094493095
48333.14216475091,-0.5166685783524909,-0.5166685783524909
116055.06036890131,0.16055060368901308,0.16055060368901297
104126.94656151724,0.04126946561517238,0.04126946561517242
116353.98597525204,0.16353985975252042,0.1635398597525204
66032.92832473121,-0.3396707167526879,-0.3396707167526879
63790.33499117818,-0.36209665008821823,-0.36209665008821823
117873.10006102332,0.17873100061023317,0.17873100061023317
37349.61071078192,-0.6265038928921808,-0.6265038928921809
98357.57949262542,-0.016424205073745833,-0.016424205073745868
82349.64145927122,-0.17650358540728775,-0.17650358540728772
51158.62218653752,-0.48841377813462483,-0.48841377813462483
89042.28120814382,-0.10957718791856183,-0.10957718791856186
52154.344945480174,-0.47845655054519826,-0.4784565505451983
31033.123187291614,-0.6896687681270839,-0.6896687681270839
53781.22585025557,-0.4621877414974443,-0.46218774149744435
98837.8142607295,-0.011621857392704988,-0.011621857392704937
92081.97730617292,-0.07918022693827079,-0.07918022693827076
118725.01287078831,0.18725012870788313,0.18725012870788316
87462.9715624589,-0.125370284375411,-0.12537028437541098
149837.5220516983,0.49837522051698296,0.4983752205169829
50624.11028346334,-0.4937588971653666,-0.4937588971653666
240783.22095937844,1.4078322095937843,1.4078322095937845
149287.699391105,0.4928769939110501,0.49287699391105
57677.37870731652,-0.42322621292683477,-0.4232262129268348
76530.33804233321,-0.23469661957666788,-0.23469661957666788
132667.53138816412,0.32667531388164117,0.32667531388164117
63395.11704358098,-0.36604882956419016,-0.36604882956419016
65027.547046952604,-0.34972452953047395,-0.34972452953047395
56596.05160162316,-0.43403948398376835,-0.43403948398376835
146304.53306584037,0.4630453306584037,0.4630453306584037
66605.20627587604,-0.33394793724123956,-0.3339479372412396
355170.75153817225,2.5517075153817226,2.5517075153817226
102382.95788350479,0.023829578835047868,0.02382957883504777
130539.57711910632,0.30539577119106326,0.3053957711910633
39587.153555658806,-0.604128464443412,-0.604128464443412
55092.622749980175,-0.44907377250019825,-0.4490737725001982
107149.50564880122,0.0714950564880122,0.07149505648801213
57097.4247502362,-0.429025752497638,-0.42902575249763797
73529.35351693482,-0.2647064648306518,-0.26470646483065186
202241.5463682195,1.0224154636821952,1.022415463682195
84530.63560666758,-0.15469364393332422,-0.1546936439333242
113167.04456124878,0.1316704456124878,0.13167044561248775
123875.17207230827,0.23875172072308268,0.2387517207230827
61321.29766200721,-0.38678702337992793,-0.3867870233799279
106733.86277103833,0.06733862771038329,0.06733862771038335
172276.28554021206,0.7227628554021206,0.7227628554021206
91240.98278906518,-0.0875901721093482,-0.08759017210934816
33543.0775626811,-0.6645692243731889,-0.664569224373189
184869.29077298575,0.8486929077298575,0.8486929077298575
45867.00946847843,-0.5413299053152157,-0.5413299053152157
68897.2141405928,-0.311027858594072,-0.311027858594072
104671.4815083356,0.04671481508335593,0.04671481508335584
193824.3644506529,0.9382436445065291,0.9382436445065292
48737.341535070926,-0.5126265846492908,-0.5126265846492908
82440.25167676233,-0.1755974832323767,-0.17559748323237667
95218.10715281978,-0.04781892847180221,-0.04781892847180225
150145.0535319886,0.5014505353198861,0.5014505353198861
66917.93003296178,-0.3308206996703822,-0.3308206996703822
58316.753198690894,-0.41683246801309104,-0.41683246801309104
73649.39535531789,-0.26350604644682113,-0.2635060464468211
40709.16315370032,-0.5929083684629968,-0.5929083684629968
49864.89639175361,-0.5013510360824639,-0.5013510360824639
123685.93327373698,0.23685933273736984,0.2368593327373698
48183.9317074156,-0.518160682925844,-0.518160682925844
38470.996069812696,-0.6152900393018731,-0.615290039301873
89692.93182444124,-0.10307068175558758,-0.10307068175558753
61761.01501907846,-0.38238984980921537,-0.3823898498092154
48168.94223020638,-0.5183105776979362,-0.5183105776979362
71198.98184175933,-0.28801018158240665,-0.28801018158240665
50500.20928432596,-0.4949979071567404,-0.4949979071567404
87860.67033202246,-0.12139329667977537,-0.12139329667977539
97688.16695668694,-0.023118330433130614,-0.023118330433130607
71403.5715749516,-0.28596428425048404,-0.28596428425048404
97612.17842125041,-0.023878215787495865,-0.023878215787495827
49067.741718619436,-0.5093225828138056,-0.5093225828138057
33125.13999044784,-0.6687486000955215,-0.6687486000955216
69369.71587587734,-0.3063028412412266,-0.30630284124122653
64548.68965450674,-0.3545131034549326,-0.3545131034549326
63052.96726065701,-0.3694703273934299,-0.3694703273934299
180374.29935489738,0.8037429935489737,0.8037429935489737
78253.84557979104,-0.21746154420208957,-0.21746154420208952
132853.2374893089,0.328532374893089,0.32853237489308906
126286.67446711533,0.2628667446711533,0.26286674467115323
106849.17133276381,0.06849171332763813,0.06849171332763815
34910.34173251866,-0.6508965826748134,-0.6508965826748134
80792.56635042389,-0.19207433649576108,-0.1920743364957611
84358.42490830031,-0.15641575091699692,-0.1564157509169969
163987.57178557245,0.6398757178557245,0.6398757178557246
136814.61691985207,0.36814616919852067,0.3681461691985206
95910.38930173732,-0.04089610698262681,-0.0408961069826268
72001.76839802274,-0.2799823160197725,-0.2799823160197725
88163.51142452426,-0.11836488575475741,-0.11836488575475745
261806.28188843178,1.6180628188843178,1.6180628188843178
62797.905844590394,-0.37202094155409604,-0.37202094155409604
108670.51326292916,0.08670513262929162,0.08670513262929158
229930.49362970877,1.2993049362970877,1.2993049362970877
102194.0679088378,0.02194067908837795,0.021940679088378046
108483.92194697572,0.08483921946975723,0.08483921946975714
39771.92091525486,-0.6022807908474515,-0.6022807908474515
95562.16224401236,-0.04437837755987639,-0.04437837755987639
47966.1254122961,-0.520338745877039,-0.520338745877039
60697.70299058709,-0.3930229700941291,-0.3930229700941291
60327.08822061842,-0.3967291177938158,-0.3967291177938158
22033.533827439467,-0.7796646617256052,-0.7796646617256053
72291.34234139239,-0.2770865765860761,-0.27708657658607616
40972.021161556295,-0.5902797883844371,-0.5902797883844371
144430.19215410942,0.4443019215410942,0.44430192154109416
78850.02121641046,-0.2114997878358954,-0.2114997878358954
89114.80191947932,-0.10885198080520685,-0.10885198080520686
85918.95162757499,-0.1408104837242501,-0.1408104837242501
73831.99171797576,-0.2616800828202424,-0.26168008282024235
73429.49803914921,-0.26570501960850784,-0.2657050196085079
50244.925833494235,-0.49755074166505764,-0.49755074166505764
91680.27017904495,-0.0831972982095505,-0.08319729820955046
100012.45469355283,0.00012454693552834214,0.00012454693552843565
70728.3255079715,-0.292716744920285,-0.292716744920285
75075.81046127623,-0.24924189538723773,-0.24924189538723773
142588.93723219333,0.42588937232193336,0.42588937232193325
43090.309483176454,-0.5690969051682354,-0.5690969051682355
82687.69896121504,-0.17312301038784964,-0.1731230103878496
103979.9485016396,0.03979948501639607,0.039799485016396074
142676.4201965304,0.42676420196530407,0.4267642019653042
88874.40768528677,-0.11125592314713227,-0.11125592314713229
74594.51958218656,-0.25405480417813436,-0.2540548041781344
87052.41083483431,-0.12947589165165685,-0.12947589165165685
41994.824082160056,-0.5800517591783995,-0.5800517591783995
52170.67792880881,-0.47829322071191194,-0.47829322071191194
125519.95599082226,0.2551995599082226,0.25519955990822263
89283.81934470922,-0.1071618065529078,-0.10716180655290786
106017.29897548046,0.06017298975480458,0.06017298975480467
82998.40674468383,-0.1700159325531617,-0.17001593255316172
46035.51389478139,-0.5396448610521861,-0.5396448610521861
123199.06495314356,0.23199064953143564,0.23199064953143567
105294.42257001088,0.0529442257001088,0.052944225700108705
50096.20134652158,-0.4990379865347842,-0.49903798653478426
97155.97903678165,-0.028440209632183543,-0.028440209632183522
60420.4444402097,-0.395795555597903,-0.395795555597903
127727.57219362078,0.27727572193620786,0.27727572193620786
222482.43958610395,1.2248243958610394,1.2248243958610394
32776.10002979034,-0.6722389997020967,-0.6722389997020966
67044.87590299967,-0.32955124097000327,-0.3295512409700033
57168.29052426813,-0.4283170947573187,-0.4283170947573187
95742.46668210234,-0.04257533317897658,-0.04257533317897655
91381.8723225316,-0.08618127677468394,-0.0861812767746839
104282.51859068901,0.04282518590689011,0.04282518590689022
80508.12151118525,-0.19491878488814748,-0.1949187848881475
77116.85434234321,-0.22883145657656787,-0.2288314565765679
43765.28374126462,-0.5623471625873538,-0.5623471625873537
88696.05562441777,-0.11303944375582228,-0.11303944375582231
121740.84049686627,0.21740840496866265,0.21740840496866265
76371.9346656128,-0.23628065334387197,-0.23628065334387194
49191.27875684504,-0.5080872124315496,-0.5080872124315496
71186.45254334078,-0.28813547456659216,-0.28813547456659216
92642.00190657603,-0.07357998093423972,-0.07357998093423967
89394.58335088808,-0.10605416649111925,-0.1060541664911192
72064.506635903,-0.27935493364096997,-0.27935493364096997
70281.72453684485,-0.2971827546315515,-0.2971827546315515
94545.00010295288,-0.054549998970471206,-0.05454999897047119
127373.21268063631,0.2737321268063631,0.27373212680636305
43355.93706863646,-0.5664406293136355,-0.5664406293136355
32612.375464703066,-0.6738762453529693,-0.6738762453529694
100231.98719011691,0.0023198719011690992,0.0023198719011690017
120043.6518236937,0.20043651823693698,0.20043651823693698
110066.78192736652,0.10066781927366522,0.1006678192736652
76530.29444269657,-0.2346970555730343,-0.23469705557303433
110500.49722422117,0.10500497224221166,0.10500497224221172
113483.33010296781,0.1348333010296781,0.13483330102967805
151653.3699583216,0.5165336995832159,0.5165336995832159
94386.5040897117,-0.056134959102883006,-0.05613495910288302
111846.49840522867,0.11846498405228674,0.11846498405228667
52424.05445841678,-0.4757594554158322,-0.4757594554158322
51411.14110341663,-0.4858885889658337,-0.48588858896583365
87556.78049935344,-0.12443219500646563,-0.12443219500646563
120228.84193904261,0.20228841939042613,0.2022884193904262
47849.15823723484,-0.5215084176276515,-0.5215084176276517
72788.19090721436,-0.2721180909278564,-0.27211809092785644
85501.36413802652,-0.14498635861973483,-0.14498635861973486
76598.34023744854,-0.23401659762551455,-0.23401659762551452
96246.04541494575,-0.03753954585054249,-0.03753954585054253
109414.71118983474,0.09414711189834736,0.09414711189834746
90775.56813022234,-0.09224431869777662,-0.0922443186977766
91595.09867100618,-0.08404901328993816,-0.08404901328993819
315637.8229029867,2.156378229029867,2.156378229029867
135523.65515626463,0.35523655156264633,0.35523655156264633
103576.9810888244,0.03576981088824396,0.03576981088824405
132809.32407657758,0.32809324076577584,0.32809324076577595
64978.526088834216,-0.35021473911165785,-0.3502147391116578
145902.7797016271,0.45902779701627094,0.45902779701627083
151765.1548116025,0.517651548116025,0.5176515481160249
62051.44919229125,-0.37948550807708753,-0.3794855080770875
96964.08440440749,-0.030359155955925088,-0.030359155955925088
53055.997062107155,-0.4694400293789284,-0.4694400293789285
88116.01581730894,-0.11883984182691056,-0.11883984182691054
61462.16028127052,-0.38537839718729483,-0.38537839718729483
81846.90127805747,-0.1815309872194253,-0.1815309872194253
71593.0495752701,-0.28406950424729904,-0.28406950424729904
110836.92629253844,0.10836926292538439,0.10836926292538429
101655.24578649273,0.016552457864927272,0.016552457864927206
109423.34580519701,0.09423345805197009,0.09423345805197014
27138.077350182895,-0.728619226498171,-0.728619226498171
71350.87937472938,-0.2864912062527062,-0.2864912062527062
153402.54968058955,0.5340254968058955,0.5340254968058955
99214.50082590674,-0.0078549917409326,-0.007854991740932626
131368.625846501,0.31368625846501,0.31368625846500997
75075.2108825229,-0.24924789117477106,-0.24924789117477109
115406.93147429719,0.15406931474297192,0.15406931474297192
145433.99139409783,0.4543399139409783,0.4543399139409783
78184.08984823107,-0.21815910151768927,-0.21815910151768925
228800.86748922497,1.2880086748922497,1.2880086748922497
137615.37225758628,0.37615372257586277,0.3761537225758629
63890.31927074935,-0.3610968072925065,-0.3610968072925065
133155.8643832563,0.33155864383256295,0.33155864383256306
114980.03303995161,0.1498003303995161,0.14980033039951612
139818.0102606052,0.39818010260605197,0.39818010260605186
51045.850184837116,-0.48954149815162884,-0.48954149815162884
90925.15560700156,-0.09074844392998435,-0.09074844392998438
139558.6169026023,0.3955861690260231,0.39558616902602317
116756.07363274456,0.16756073632744564,0.16756073632744561
32361.868711743562,-0.6763813128825644,-0.6763813128825644
49145.0489650422,-0.508549510349578,-0.508549510349578
83230.40367899301,-0.16769596321006988,-0.16769596321006985
65035.27848251805,-0.3496472151748195,-0.34964721517481945
123539.69783028254,0.23539697830282544,0.23539697830282535
101432.67974963984,0.014326797496398359,0.014326797496398314
156574.9316337647,0.565749316337647,0.565749316337647
29147.253889928492,-0.7085274611007152,-0.7085274611007151
80083.00437234085,-0.19916995627659154,-0.1991699562765915
123262.04788556045,0.23262047885560444,0.23262047885560455
97205.82444562319,-0.027941755543768085,-0.0279417555437681
95199.216828851,-0.04800783171149,-0.048007831711490034
48209.77771601024,-0.5179022228398976,-0.5179022228398975
66294.17776270006,-0.3370582223729994,-0.3370582223729994
221666.35871456523,1.2166635871456524,1.2166635871456521
145614.5523324786,0.45614552332478603,0.456145523324786
48875.21556743417,-0.5112478443256583,-0.5112478443256583
70633.67950583779,-0.2936632049416221,-0.2936632049416221
63735.286937491546,-0.3626471306250845,-0.3626471306250846
74312.56251249286,-0.25687437487507137,-0.25687437487507137
177319.96944504342,0.7731996944504341,0.7731996944504342
108799.31270492557,0.08799312704925571,0.08799312704925577
99747.58698244413,-0.0025241301755586755,-0.0025241301755586365
71679.96209787019,-0.28320037902129813,-0.28320037902129813
48207.133615771905,-0.517928663842281,-0.5179286638422809
115506.01718355536,0.15506017183555362,0.15506017183555354
156069.70325204605,0.5606970325204604,0.5606970325204605
114839.86011786903,0.1483986011786903,0.1483986011786902
56255.15098972547,-0.4374484901027453,-0.4374484901027452
68180.27225352652,-0.3181972774647348,-0.3181972774647348
131077.21258803975,0.3107721258803975,0.3107721258803975
56378.46180634876,-0.43621538193651244,-0.43621538193651244
98196.51944567615,-0.018034805543238473,-0.01803480554323844
89722.82019710727,-0.1027717980289273,-0.10277179802892733
49629.54097557725,-0.5037045902442275,-0.5037045902442275
103554.81626044735,0.03554816260447347,0.03554816260447358
39993.434440767014,-0.6000656555923298,-0.6000656555923298
74041.25263478955,-0.25958747365210455,-0.25958747365210455
150115.77796348502,0.5011577796348502,0.5011577796348501
158736.1530207063,0.5873615302070629,0.5873615302070629
111554.95183675044,0.11554951836750435,0.11554951836750438
134082.9729404755,0.34082972940475503,0.3408297294047551
126192.60115277271,0.2619260115277271,0.2619260115277271
42645.083148061596,-0.5735491685193841,-0.5735491685193841
202560.4590169263,1.025604590169263,1.0256045901692628
192964.9364098006,0.929649364098006,0.9296493640980061
109634.17621118453,0.09634176211184531,0.09634176211184542
80757.05653336788,-0.19242943466632118,-0.19242943466632123
64193.08364261348,-0.3580691635738652,-0.3580691635738652
133963.56272050578,0.3396356272050578,0.3396356272050578
66174.19242682701,-0.3382580757317299,-0.33825807573172995
97514.8505105535,-0.024851494894464993,-0.02485149489446503
83320.52796959812,-0.16679472030401885,-0.16679472030401887
45202.25334567636,-0.5479774665432364,-0.5479774665432364
86261.35567931023,-0.13738644320689766,-0.13738644320689763
160804.97913701145,0.6080497913701145,0.6080497913701146
235359.97747635792,1.3535997747635793,1.353599774763579
57526.596621585966,-0.4247340337841403,-0.4247340337841403
179090.18397651069,0.7909018397651069,0.7909018397651069
122710.77224216759,0.22710772242167587,0.22710772242167576
92419.40281322143,-0.0758059718677857,-0.0758059718677857
105032.29667924147,0.050322966792414665,0.05032296679241477
54044.18816442798,-0.4595581183557202,-0.45955811835572025
39715.87690617922,-0.6028412309382079,-0.6028412309382079
77220.78120915008,-0.22779218790849917,-0.2277921879084992
56430.77493158113,-0.4356922506841887,-0.4356922506841887
80657.74189342083,-0.19342258106579174,-0.1934225810657918
215268.39608748257,1.1526839608748256,1.1526839608748256
127835.14682070422,0.2783514682070422,0.27835146820704226
213066.1128172678,1.130661128172678,1.1306611281726782
78387.6183767354,-0.21612381623264607,-0.2161238162326461
107426.30113682512,0.07426301136825117,0.0742630113682512
35281.42513182535,-0.6471857486817465,-0.6471857486817465
133687.26632182527,0.3368726632182527,0.3368726632182526
99376.84224256943,-0.006231577574305702,-0.006231577574305702
97019.26592088089,-0.02980734079119109,-0.029807340791191073
104720.1700822602,0.047201700822602,0.047201700822602
60694.46300555085,-0.3930553699444915,-0.3930553699444914
103782.13459441245,0.03782134594412448,0.03782134594412456
132528.6505842466,0.32528650584246616,0.3252865058424661
72567.57547937363,-0.27432424520626375,-0.27432424520626375
81122.16100241328,-0.18877838997586718,-0.18877838997586716
138920.67194028807,0.3892067194028807,0.38920671940288076
113792.044816241,0.13792044816241003,0.13792044816241011
55214.698094484476,-0.44785301905515523,-0.4478530190551553
107658.02239683253,0.0765802239683253,0.07658022396832531
96611.54131057867,-0.03388458689421328,-0.03388458689421325
52225.738299336175,-0.4777426170066382,-0.4777426170066382
181995.47497670696,0.8199547497670696,0.8199547497670696
82413.372987883,-0.17586627012116995,-0.17586627012116995
98888.51423722289,-0.011114857627771126,-0.011114857627771091
99048.72666396436,-0.00951273336035636,-0.009512733360356407
232847.72404125216,1.3284772404125216,1.3284772404125218
166409.59722149937,0.6640959722149937,0.6640959722149937
62454.56951775556,-0.3754543048224444,-0.37545430482244435
212729.36631352842,1.1272936631352841,1.1272936631352843
115571.46139635271,0.1557146139635271,0.15571461396352704
142647.51140558592,0.42647511405585914,0.42647511405585914
119826.86826250206,0.1982686826250206,0.19826868262502062
93869.37294532242,-0.061306270546775773,-0.06130627054677573
78935.54294555838,-0.2106445705444162,-0.2106445705444162
122312.54741090366,0.22312547410903658,0.2231254741090365
54148.94273822348,-0.45851057261776523,-0.4585105726177652
80967.306535404,-0.19032693464595998,-0.19032693464595996
59530.75292273114,-0.4046924707726886,-0.40469247077268866
92378.34004778841,-0.07621659952211586,-0.0762165995221159
76159.81473530496,-0.23840185264695044,-0.23840185264695046
44927.19189350079,-0.550728081064992,-0.550728081064992
53821.00687492317,-0.4617899312507683,-0.4617899312507683
95360.75010327004,-0.04639249896729962,-0.04639249896729958
67423.47662926538,-0.32576523370734617,-0.3257652337073462
47952.27752142767,-0.5204772247857233,-0.5204772247857232
77426.83177374623,-0.22573168226253765,-0.2257316822625377
124858.33506643855,0.2485833506643855,0.24858335066438553
69861.67773430857,-0.3013832226569143,-0.3013832226569143
146231.56443093024,0.46231564430930244,0.4623156443093024
100036.2828397908,0.0003628283979080152,0.00036282839790802157
155211.24549154955,0.5521124549154954,0.5521124549154954
161499.74006474458,0.6149974006474458,0.6149974006474457
79199.28601564505,-0.20800713984354952,-0.20800713984354957
65716.28663849375,-0.34283713361506246,-0.3428371336150625
60221.3669340651,-0.397786330659349,-0.397786330659349
73688.36308779844,-0.2631163691220156,-0.26311636912201564
149471.89660724194,0.49471896607241944,0.4947189660724194
123786.78689339603,0.23786786893396028,0.23786786893396017
39037.345851213926,-0.6096265414878608,-0.6096265414878608
44682.75877465576,-0.5531724122534424,-0.5531724122534424
83804.11816976362,-0.1619588183023638,-0.1619588183023638
66894.21977132713,-0.3310578022867287,-0.33105780228672865
117654.68557426993,0.17654685574269927,0.17654685574269924
103556.24975590264,0.03556249755902638,0.035562497559026296
92065.16268175276,-0.07934837318247243,-0.07934837318247245
51025.08213984656,-0.4897491786015344,-0.48974917860153433
95312.94812947714,-0.046870518705228605,-0.046870518705228625
82647.00071011673,-0.17352999289883272,-0.17352999289883275
115196.4959297585,0.15196495929758502,0.1519649592975849
67914.72590868603,-0.3208527409131397,-0.32085274091313976
103580.51858983474,0.03580518589834741,0.03580518589834747
64181.95707553896,-0.3581804292446104,-0.35818042924461047
203559.8126364269,1.035598126364269,1.035598126364269
80024.90143949147,-0.1997509856050853,-0.1997509856050853
117434.4343878592,0.17434434387859205,0.1743443438785921
67728.5942539198,-0.322714057460802,-0.32271405746080195
180234.32501797477,0.8023432501797477,0.8023432501797476
89280.27639416636,-0.10719723605833642,-0.10719723605833642
66110.21273126105,-0.33889787268738947,-0.33889787268738947
169947.60955890917,0.6994760955890917,0.6994760955890917
71166.56183768106,-0.2883343816231894,-0.28833438162318936
236468.18998207923,1.3646818998207924,1.3646818998207921
50689.61336146241,-0.4931038663853759,-0.49310386638537584
103640.26675169638,0.036402667516963846,0.03640266751696375
101334.87636203234,0.013348763620323443,0.013348763620323334
197129.7397564603,0.971297397564603,0.9712973975646031
73194.17541545247,-0.26805824584547533,-0.26805824584547533
55126.744578104466,-0.44873255421895536,-0.4487325542189553
48942.11661010098,-0.5105788338989902,-0.5105788338989902
120129.28522418386,0.20129285224183854,0.20129285224183846
89708.45405552072,-0.1029154594447928,-0.10291545944479275
101547.02180619877,0.015470218061987688,0.015470218061987673
73024.74080607727,-0.2697525919392273,-0.2697525919392273
49436.297854193435,-0.5056370214580657,-0.5056370214580657
127035.45405162132,0.27035454051621316,0.2703545405162131
72070.72873670938,-0.27929271263290617,-0.2792927126329062
79733.18136654366,-0.20266818633456335,-0.2026681863345634
190242.4141993171,0.9024241419931711,0.9024241419931711
68588.17693766832,-0.3141182306233168,-0.3141182306233168
142258.87460891614,0.4225887460891614,0.4225887460891615
151216.75839645232,0.5121675839645232,0.5121675839645232
112438.62092796303,0.12438620927963027,0.12438620927963018
43567.57457544957,-0.5643242542455043,-0.5643242542455043
157448.31054988064,0.5744831054988064,0.5744831054988064
98431.49371003537,-0.01568506289964629,-0.01568506289964633
64736.20130144698,-0.3526379869855302,-0.35263798698553017
42827.80593445996,-0.5717219406554004,-0.5717219406554004
182282.41284281833,0.8228241284281833,0.8228241284281834
60863.57480189633,-0.39136425198103675,-0.39136425198103675
77750.50711718723,-0.22249492882812774,-0.2224949288281277
85202.82742550537,-0.1479717257449463,-0.14797172574494633
81764.19196999777,-0.18235808030002226,-0.18235808030002232
63459.59564928814,-0.36540404350711864,-0.36540404350711864
146540.88413097063,0.46540884130970633,0.4654088413097064
56941.67259701832,-0.43058327402981683,-0.4305832740298168
53435.775789909436,-0.46564224210090566,-0.46564224210090566
302324.7405645032,2.023247405645032,2.023247405645032
151949.17621301184,0.5194917621301185,0.5194917621301185
59301.1325411582,-0.406988674588418,-0.40698867458841803
52546.15002888818,-0.4745384997111182,-0.47453849971111817
57846.066559019106,-0.42153933440980895,-0.42153933440980895
40844.734285330094,-0.591552657146699,-0.5915526571466991
71234.77324837899,-0.28765226751621015,-0.2876522675162101
194141.99464867343,0.9414199464867342,0.9414199464867343
52281.06216521753,-0.47718937834782466,-0.4771893783478247
123456.61229916761,0.2345661229916761,0.234566122991676
201217.08601313987,1.0121708601313986,1.0121708601313988
120834.31861537904,0.20834318615379044,0.20834318615379055
65303.1153698214,-0.34696884630178604,-0.34696884630178604
89528.50526971105,-0.10471494730288948,-0.10471494730288944
80989.40524940287,-0.19010594750597126,-0.19010594750597132
56924.30350829447,-0.4307569649170553,-0.4307569649170553
79395.81858336764,-0.2060418141663236,-0.2060418141663236
33063.20290457826,-0.6693679709542173,-0.6693679709542174
110579.80201971132,0.10579802019711322,0.10579802019711315
67382.08399158869,-0.3261791600841131,-0.3261791600841131
207042.6732540045,1.070426732540045,1.070426732540045
64513.75127065886,-0.3548624872934114,-0.3548624872934114
76883.69502753598,-0.23116304972464016,-0.2311630497246402
89634.64577892951,-0.10365354221070491,-0.10365354221070489
176384.1465040967,0.7638414650409668,0.7638414650409668
93264.04643174581,-0.0673595356825419,-0.06735953568254194
76025.21062882384,-0.23974789371176158,-0.23974789371176153
83767.8342408514,-0.162321657591486,-0.16232165759148598
30226.638747925794,-0.6977336125207421,-0.6977336125207421
90066.21162589267,-0.09933788374107332,-0.09933788374107333
75924.85290167133,-0.2407514709832867,-0.24075147098328675
84913.27805701373,-0.15086721942986275,-0.1508672194298627
155060.85435232177,0.5506085435232176,0.5506085435232178
122422.89149695289,0.22422891496952885,0.2242289149695289
66014.85301675116,-0.3398514698324884,-0.3398514698324884
127587.39655161576,0.2758739655161576,0.2758739655161577
114077.8421418018,0.14077842141801797,0.14077842141801789
49327.62279535566,-0.5067237720464434,-0.5067237720464435
165056.38575884272,0.6505638575884272,0.6505638575884272
90515.79065224074,-0.09484209347759257,-0.09484209347759254
119318.53164090717,0.19318531640907166,0.19318531640907177
159663.67960672796,0.5966367960672796,0.5966367960672796
212639.1597700236,1.1263915977002361,1.126391597700236
117724.25714779737,0.17724257147797368,0.17724257147797373
82287.8052135265,-0.17712194786473498,-0.177121947864735
131728.49370781594,0.3172849370781594,0.3172849370781594
91190.20917574056,-0.08809790824259442,-0.08809790824259445
40465.77787720518,-0.5953422212279482,-0.5953422212279482
96411.80618988145,-0.03588193810118551,-0.03588193810118556
184135.49482097116,0.8413549482097116,0.8413549482097116
120279.63807864393,0.20279638078643925,0.20279638078643925
110167.59807370826,0.10167598073708257,0.10167598073708262
124014.96048175804,0.2401496048175804,0.2401496048175804
123110.76019631408,0.23110760196314076,0.23110760196314084
93946.39429549883,-0.06053605704501169,-0.06053605704501175
36325.795390815845,-0.6367420460918416,-0.6367420460918416
89459.14401254787,-0.1054085598745213,-0.10540855987452136
151990.8688461801,0.5199086884618009,0.5199086884618009
61095.59417930189,-0.3890440582069811,-0.3890440582069812
56706.05013254861,-0.43293949867451387,-0.43293949867451387
198754.0587395735,0.9875405873957349,0.9875405873957348
63993.93008947749,-0.3600606991052251,-0.3600606991052251
102593.41129493284,0.02593411294932841,0.02593411294932846
121071.07713089546,0.21071077130895458,0.21071077130895466
219750.48584783226,1.1975048584783226,1.1975048584783226
130296.66316181986,0.3029666316181986,0.3029666316181985
79611.82454960053,-0.20388175450399473,-0.2038817545039947
137285.8605844789,0.37285860584478914,0.37285860584478914
51702.03593376098,-0.48297964066239024,-0.4829796406623902
59287.56132624363,-0.4071243867375637,-0.4071243867375637
106915.20180978793,0.06915201809787934,0.0691520180978793
79972.33920689895,-0.20027660793101051,-0.20027660793101054
76147.331073901,-0.23852668926098994,-0.23852668926098997
53059.68927388409,-0.4694031072611591,-0.4694031072611591
147937.44951659007,0.47937449516590075,0.4793744951659007
59761.88809697589,-0.4023811190302411,-0.4023811190302411
96183.83193491441,-0.03816168065085585,-0.0381616806508559
61247.34250853973,-0.3875265749146027,-0.38752657491460263
111755.66878534165,0.11755668785341651,0.11755668785341644
56496.46460976264,-0.43503535390237363,-0.4350353539023736
91481.5364890227,-0.08518463510977294,-0.08518463510977292
81069.15603232224,-0.18930843967677763,-0.18930843967677768
94983.77204565106,-0.050162279543489424,-0.050162279543489396
86313.48469282484,-0.13686515307175157,-0.1368651530717515
81778.46439179202,-0.1822153560820798,-0.18221535608207984
182733.60686483808,0.8273360686483807,0.8273360686483808
100792.52692982602,0.007925269298260245,0.007925269298260318
82059.50566192089,-0.17940494338079108,-0.17940494338079105
70010.96354283563,-0.29989036457164375,-0.29989036457164375
94382.20813433228,-0.05617791865667721,-0.056177918656677206
122768.98176733144,0.2276898176733144,0.22768981767331442
41458.13210867692,-0.5854186789132308,-0.5854186789132308
73100.00613643823,-0.2689999386356177,-0.2689999386356178
62622.65396117559,-0.3737734603882441,-0.3737734603882441
62875.09405559592,-0.37124905944404085,-0.37124905944404085
121294.77266395377,0.21294772663953773,0.21294772663953765
131625.1387142692,0.31625138714269213,0.3162513871426922
75725.57641955023,-0.24274423580449772,-0.24274423580449778
55591.18035961991,-0.4440881964038009,-0.4440881964038009
278690.61144264106,1.7869061144264107,1.7869061144264107
71527.14603814845,-0.2847285396185155,-0.2847285396185155
68604.24935663815,-0.3139575064336185,-0.3139575064336185
61567.52822161905,-0.38432471778380944,-0.3843247177838095
94698.46309662457,-0.05301536903375425,-0.053015369033754256
70488.6736421076,-0.2951132635789239,-0.295113263578924
39808.89653507534,-0.6019110346492466,-0.6019110346492466
59120.98349964954,-0.40879016500350457,-0.4087901650035046
96464.33470999042,-0.0353566529000958,-0.03535665290009582
155406.81465907124,0.5540681465907125,0.5540681465907125
58660.11029154474,-0.4133988970845526,-0.4133988970845526
100567.22536793644,0.005672253679364366,0.005672253679364303
63574.275576790285,-0.36425724423209715,-0.36425724423209715
53575.42191165637,-0.4642457808834363,-0.46424578088343627
89788.07667503005,-0.10211923324969946,-0.10211923324969951
80879.88755355364,-0.19120112446446363,-0.1912011244644637
105531.88613616377,0.05531886136163768,0.05531886136163777
71885.41193820843,-0.2811458806179157,-0.2811458806179157
95343.82461550384,-0.04656175384496164,-0.04656175384496164
102998.59007678239,0.029985900767823915,0.029985900767823814
78355.77019604892,-0.2164422980395108,-0.21644229803951076
114266.28378892559,0.1426628378892559,0.14266283788925582
168934.53922898934,0.6893453922898933,0.6893453922898933
122328.33245027198,0.22328332450271976,0.2232833245027197
96965.86983901779,-0.030341301609822114,-0.03034130160982207
85727.88409486263,-0.1427211590513737,-0.14272115905137372
130485.0554769447,0.30485055476944706,0.3048505547694471
90097.03046897285,-0.09902969531027149,-0.0990296953102715
291295.89452460175,1.9129589452460176,1.9129589452460176
63901.63645077556,-0.36098363549224444,-0.36098363549224444
88421.58571689914,-0.11578414283100864,-0.11578414283100869
135073.14354215903,0.3507314354215903,0.35073143542159024
56246.96706844446,-0.4375303293155554,-0.43753032931555547
90703.97792835676,-0.09296022071643238,-0.0929602207164324
71027.87471154974,-0.2897212528845026,-0.28972125288450257
55856.405363844664,-0.44143594636155337,-0.44143594636155337
152294.0832360309,0.5229408323603092,0.5229408323603091
134264.82570258132,0.3426482570258132,0.34264825702581314
89418.69370085363,-0.10581306299146366,-0.10581306299146365
54960.48667597585,-0.4503951332402415,-0.4503951332402415
69595.52585104397,-0.30404474148956023,-0.3040447414895603
46228.182448376494,-0.537718175516235,-0.537718175516235
117654.48395413486,0.17654483954134864,0.1765448395413487
149002.04802641284,0.4900204802641284,0.49002048026412837
77200.12760660793,-0.2279987239339207,-0.22799872393392073
37593.76552772958,-0.6240623447227042,-0.6240623447227043
78191.5019477697,-0.21808498052230293,-0.21808498052230296
79411.18628624982,-0.20588813713750176,-0.20588813713750176
120680.16441581547,0.20680164415815466,0.2068016441581546
88271.59739602744,-0.11728402603972558,-0.11728402603972554
85767.38297319184,-0.14232617026808161,-0.1423261702680816
153317.51443607034,0.5331751443607035,0.5331751443607033
154801.9421309139,0.5480194213091389,0.5480194213091389
87455.54156326283,-0.12544458436737171,-0.12544458436737171
135524.51762036758,0.3552451762036758,0.3552451762036759
63921.882653018234,-0.36078117346981764,-0.36078117346981764
47763.36008173076,-0.5223663991826925,-0.5223663991826923
122700.06575408054,0.2270006575408054,0.22700065754080545
108497.39848868415,0.0849739848868415,0.0849739848868416
108466.68350622362,0.0846668350622362,0.08466683506223616
84405.69915698348,-0.1559430084301652,-0.15594300843016518
105007.54783852151,0.0500754783852151,0.05007547838521509
87633.54359398634,-0.12366456406013662,-0.1236645640601366
46797.14674636682,-0.5320285325363318,-0.5320285325363318
190364.138720252,0.90364138720252,0.90364138720252
170373.1352548197,0.7037313525481971,0.703731352548197
98330.10000567716,-0.016698999943228408,-0.016698999943228432
75584.05525114608,-0.24415944748853916,-0.24415944748853913
40230.543491382305,-0.5976945650861769,-0.5976945650861769
68335.52159712589,-0.31664478402874113,-0.3166447840287411
89479.32300578816,-0.1052067699421184,-0.10520676994211842
77113.66747984555,-0.2288633252015445,-0.2288633252015445
96674.8103645795,-0.033251896354204946,-0.03325189635420489
57941.124278585434,-0.4205887572141457,-0.4205887572141457
84328.44535094089,-0.15671554649059108,-0.15671554649059105
181220.60129863216,0.8122060129863216,0.8122060129863216
73337.08675860798,-0.26662913241392017,-0.26662913241392017
95742.73936154907,-0.04257260638450927,-0.042572606384509326
97484.56537396395,-0.02515434626036047,-0.025154346260360505
47113.55242710448,-0.5288644757289552,-0.5288644757289552
56728.904325096904,-0.432710956749031,-0.43271095674903093
32792.17611997354,-0.6720782388002646,-0.6720782388002646
60886.506129241316,-0.39113493870758687,-0.39113493870758687
93218.15986946395,-0.06781840130536046,-0.06781840130536043
73912.1376591937,-0.260878623408063,-0.260878623408063
107884.56679391651,0.07884566793916514,0.07884566793916514
59480.423088494266,-0.40519576911505734,-0.4051957691150574
33942.537865224316,-0.6605746213477568,-0.6605746213477568
97277.48822204364,-0.027225117779563587,-0.0272251177795636
109289.84482640201,0.09289844826402012,0.09289844826402005
82005.5944181945,-0.17994405581805506,-0.17994405581805506
58749.475288353104,-0.41250524711646896,-0.41250524711646896
124053.11754940014,0.24053117549400135,0.24053117549400138
57399.573730977114,-0.42600426269022884,-0.42600426269022884
75720.77078112832,-0.2427922921887168,-0.24279229218871679
40623.14668519832,-0.5937685331480168,-0.5937685331480168
33446.1753861601,-0.665538246138399,-0.665538246138399
53969.81908643581,-0.4603018091356419,-0.4603018091356419
62254.96545335575,-0.3774503454664425,-0.3774503454664425
87737.8630704502,-0.12262136929549801,-0.12262136929549805
78935.20609082059,-0.2106479390917941,-0.21064793909179413
97321.5785537623,-0.026784214462376985,-0.026784214462377
63388.72891516718,-0.3661127108483282,-0.3661127108483282
77971.77026912796,-0.22028229730872045,-0.2202822973087204
114465.04047001505,0.14465040470015053,0.14465040470015045
64106.881027902884,-0.35893118972097116,-0.35893118972097116
75052.98401316981,-0.24947015986830184,-0.2494701598683019
69380.19419721985,-0.3061980580278015,-0.3061980580278014
71200.96348267239,-0.2879903651732761,-0.28799036517327603
108942.102262515,0.08942102262515007,0.08942102262515017
46034.57625975564,-0.5396542374024436,-0.5396542374024436
62006.0910601962,-0.379939089398038,-0.379939089398038
161621.8658574337,0.616218658574337,0.616218658574337
168350.08474495707,0.6835008474495707,0.6835008474495707
59521.858581724155,-0.4047814141827585,-0.4047814141827585
102104.6585603834,0.021046585603833955,0.02104658560383399
73029.33604756942,-0.2697066395243058,-0.26970663952430585
60218.26577610749,-0.3978173422389251,-0.3978173422389252
81267.9676582099,-0.18732032341790095,-0.18732032341790095
155336.74729307913,0.5533674729307912,0.5533674729307914
87756.31450916277,-0.12243685490837233,-0.1224368549083723
151766.48960084646,0.5176648960084645,0.5176648960084647
92006.81222545933,-0.07993187774540668,-0.07993187774540667
108870.90770025729,0.08870907700257288,0.08870907700257291
59271.42608611255,-0.4072857391388745,-0.40728573913887445
45212.62797682674,-0.5478737202317326,-0.5478737202317325
52671.7822746672,-0.473282177253328,-0.473282177253328
66043.03486791879,-0.3395696513208121,-0.33956965132081207
231338.57935118486,1.3133857935118487,1.3133857935118485
156126.1130266182,0.561261130266182,0.5612611302661821
101498.72087823629,0.014987208782362867,0.014987208782362815
73444.83728492836,-0.2655516271507164,-0.26555162715071634
58992.133319181885,-0.41007866680818117,-0.41007866680818117
69055.32887540502,-0.30944671124594986,-0.3094467112459498
64291.90271524195,-0.3570809728475805,-0.35708097284758045
131925.84514249538,0.3192584514249538,0.3192584514249539
35676.24602167277,-0.6432375397832722,-0.6432375397832724
142814.24003524557,0.4281424003524557,0.42814240035245565
209071.02228415053,1.0907102228415053,1.0907102228415053
157060.65188729262,0.5706065188729262,0.5706065188729263
118018.65456077414,0.18018654560774142,0.1801865456077414
29298.299133104752,-0.7070170086689525,-0.7070170086689525
96101.57912199287,-0.03898420878007135,-0.03898420878007136
55504.468377743564,-0.44495531622256435,-0.44495531622256435
60560.41178597614,-0.39439588214023863,-0.3943958821402386
81085.61995207028,-0.1891438004792972,-0.18914380047929724
76509.71354529179,-0.23490286454708215,-0.2349028645470821
421640.90850145184,3.216409085014518,3.2164090850145186
86007.01199223747,-0.13992988007762527,-0.1399298800776253
83464.1781939553,-0.16535821806044695,-0.16535821806044693
92099.14663463937,-0.07900853365360629,-0.07900853365360627
86126.89485587747,-0.13873105144122527,-0.13873105144122533
35226.337759373004,-0.64773662240627,-0.64773662240627
59137.407185736425,-0.40862592814263576,-0.40862592814263576
225664.46152870287,1.2566446152870288,1.2566446152870285
79455.23136614708,-0.20544768633852917,-0.20544768633852917
184588.58154263673,0.8458858154263673,0.8458858154263673
70714.32904161508,-0.29285670958384913,-0.29285670958384913
40160.25136925766,-0.5983974863074234,-0.5983974863074234
301451.13936900976,2.0145113936900976,2.0145113936900976
92604.30122322412,-0.07395698776775883,-0.07395698776775883
128991.06830464902,0.28991068304649015,0.28991068304649015
46010.54064550162,-0.5398945935449838,-0.5398945935449838
92736.89155591988,-0.0726310844408012,-0.07263108444080124
93234.7079774143,-0.06765292022585694,-0.0676529202258569
58091.0171791165,-0.419089828208835,-0.419089828208835
87648.16744036127,-0.1235183255963873,-0.12351832559638731
46010.10787565384,-0.5398989212434616,-0.5398989212434616
161649.8584090101,0.616498584090101,0.6164985840901012
112196.00603648085,0.12196006036480846,0.12196006036480855
158051.73272926605,0.5805173272926605,0.5805173272926605
41407.77925361551,-0.5859222074638449,-0.5859222074638448
141546.56635765205,0.4154656635765205,0.41546566357652037
55921.16756231019,-0.4407883243768981,-0.4407883243768981
95303.71031972615,-0.04696289680273854,-0.046962896802738574
313363.1185475817,2.133631185475817,2.133631185475817
58292.562375233276,-0.41707437624766724,-0.4170743762476672
80377.25486015371,-0.19622745139846287,-0.19622745139846287
131413.11673436078,0.3141311673436078,0.3141311673436078
83700.9864696326,-0.16299013530367404,-0.162990135303674
295761.89412216947,1.9576189412216947,1.9576189412216949
90300.90010004026,-0.09699099899959736,-0.0969909989995974
149810.48147554768,0.49810481475547685,0.49810481475547674
42850.664541224345,-0.5714933545877565,-0.5714933545877565
90738.00338105373,-0.09261996618946272,-0.09261996618946267
62413.58246240057,-0.3758641753759943,-0.37586417537599426
64016.60113477,-0.35983398865230004,-0.3598339886523
51292.5290137468,-0.48707470986253204,-0.487074709862532
159889.78385154242,0.5988978385154242,0.5988978385154242
73743.71172289575,-0.2625628827710425,-0.26256288277104245
88538.52862964067,-0.1146147137035933,-0.11461471370359333
64647.39752759285,-0.35352602472407146,-0.35352602472407146
82224.9209692312,-0.177750790307688,-0.17775079030768803
104923.55663722458,0.04923556637224581,0.04923556637224591
58473.125419179196,-0.41526874580820805,-0.41526874580820805
90203.6882118498,-0.09796311788150197,-0.09796311788150192
97151.10829148797,-0.028488917085120337,-0.028488917085120358
176990.92566346403,0.7699092566346404,0.7699092566346404
119329.13851631404,0.19329138516314037,0.19329138516314037
43057.58818588224,-0.5694241181411777,-0.5694241181411777
83333.3597766831,-0.16666640223316906,-0.1666664022331691
61797.11459368412,-0.3820288540631588,-0.3820288540631588
107921.28100367887,0.07921281003678872,0.07921281003678882
117686.23738898747,0.17686237388987472,0.1768623738898747
146288.54244854744,0.4628854244854744,0.4628854244854743
49827.394949309026,-0.5017260505069098,-0.5017260505069097
112860.00332081533,0.12860003320815333,0.12860003320815339
183095.50929000546,0.8309550929000545,0.8309550929000546
51497.23857608823,-0.48502761423911767,-0.48502761423911767
76849.18245989774,-0.2315081754010226,-0.23150817540102264
141239.26181611652,0.4123926181611652,0.41239261816116524
82351.8236307489,-0.176481763692511,-0.176481763692511
56926.40234211914,-0.43073597657880863,-0.4307359765788086
223529.11280327657,1.2352911280327656,1.2352911280327659
68009.08886930913,-0.31990911130690874,-0.3199091113069087
55152.0769301973,-0.44847923069802703,-0.448479230698027
64010.283474192634,-0.35989716525807364,-0.3598971652580737
83106.62890487401,-0.16893371095125986,-0.16893371095125986
117799.64844544863,0.17799648445448635,0.17799648445448635
109805.87190233622,0.0980587190233622,0.09805871902336216
73321.29343547384,-0.2667870656452616,-0.26678706564526156
142454.65070107306,0.42454650701073054,0.4245465070107306
123034.1884967051,0.23034188496705102,0.2303418849670511
50449.793819101455,-0.49550206180898543,-0.4955020618089855
78248.94330676869,-0.21751056693231308,-0.21751056693231308
144157.23939341962,0.4415723939341962,0.44157239393419623
45219.132578441226,-0.5478086742155878,-0.5478086742155878
70264.97255218374,-0.2973502744781626,-0.29735027447816265
114700.43219358214,0.14700432193582136,0.14700432193582125
55817.36968767828,-0.44182630312321725,-0.44182630312321725
62429.899291177295,-0.37570100708822707,-0.37570100708822707
187353.17761145494,0.8735317761145495,0.8735317761145494
48715.36832241632,-0.5128463167758368,-0.5128463167758368
52484.81575022933,-0.4751518424977067,-0.4751518424977067
113860.68249411996,0.13860682494119958,0.13860682494119958
72613.67563764146,-0.27386324362358544,-0.2738632436235855
52171.10609121134,-0.4782889390878866,-0.4782889390878866
160553.31278603006,0.6055331278603006,0.6055331278603007
47779.19935885002,-0.5222080064114998,-0.5222080064114998
67930.61601641549,-0.32069383983584515,-0.3206938398358451
54796.07544867464,-0.45203924551325364,-0.4520392455132536
39742.866133350035,-0.6025713386664997,-0.6025713386664997
159291.97671455322,0.5929197671455323,0.5929197671455322
124203.46323917966,0.24203463239179662,0.24203463239179657
107320.85290635009,0.07320852906350091,0.07320852906350095
90985.5865920779,-0.09014413407922096,-0.09014413407922095
50464.62074975408,-0.4953537925024592,-0.49535379250245914
107524.03077807053,0.07524030778070534,0.07524030778070534
38973.743943604255,-0.6102625605639574,-0.6102625605639574
