Date,Close/Last,Open,High,Low
5/24/2025,108191,108349,108236,107230
5/23/2025,108121,111121,108335,106905
5/22/2025,111129,111749,111779,111039
5/21/2025,111831,106841,111831,109282
5/20/2025,107030,105767,107198,106211
5/19/2025,105681,103631,106808,105561
5/18/2025,103927,103296,107081,103765
5/17/2025,103263,103514,103412,103114
5/16/2025,103477,104029,103546,102627
5/15/2025,104080,102764,104450,103473
5/14/2025,102884,103586,103867,102781
5/13/2025,103570,101726,104116,103475
5/12/2025,101658,104089,102795,101510
5/11/2025,104075,104031,105032,103711
5/10/2025,104113,103226,104931,103477
5/9/2025,103178,102460,103267,102837
5/8/2025,102442,99154.5,103271,102366
5/7/2025,98987.3,96510.2,99153.1,96901.9
5/6/2025,94440.5,94772.1,94927.7,94051.5
5/5/2025,94510.3,94062.2,94927.7,94051.5
5/4/2025,94119.1,95737.2,94819.5,93590.8
5/3/2025,96120.2,96889.9,96922.2,96110.4
5/2/2025,96398.9,97109,96922.2,96317.9
5/1/2025,97165.1,94780.9,97232,96481.6
4/30/2025,94799.5,95009.5,95025,94168.1
4/29/2025,94976.9,94662.6,94986.2,94154
4/28/2025,94767.3,93855.2,95436.8,94461.4
4/27/2025,93829.5,94154.5,93953.8,92818.9
4/26/2025,94183.8,94750.1,95324.4,94081.7
4/25/2025,94759.5,93316.2,95207,94562.3
4/24/2025,93381.3,92689.3,94421,92867.2
4/23/2025,92757.8,93171.5,93785.1,92739.1
4/22/2025,93077.5,88157.5,93839.7,92621.1
4/21/2025,88153.5,87166.7,88826.5,87105.2
4/20/2025,87237,85167.5,87602.5,85148.8
4/19/2025,85139.1,84881.2,85321,85048.8
4/18/2025,84882.7,84829.8,84971.7,84366.5
4/17/2025,84808.9,83995.3,85106.1,84733.4
4/16/2025,83976.7,83718.1,84475.9,83822.8
4/15/2025,83711.5,85379.3,83949.1,83143.5
4/14/2025,85329.6,84563.9,85401.1,84357.1
4/13/2025,84582.1,85453.8,85521.9,83705.2
4/12/2025,85526.4,82967.7,85999.5,84749.9
4/11/2025,83084.1,80812.4,83558.1,82828
4/10/2025,80775.1,81754,80805.4,79004.2
4/9/2025,81683.2,75051.1,82737.5,81482.2
4/8/2025,75210.7,79894.6,76830.7,74657.3
4/7/2025,79783,77701.4,80839.8,78860.2
4/6/2025,77425.3,83334.7,79315.6,77364.5
4/5/2025,83285.7,83643.5,83731.7,83184.6
4/4/2025,83724,82803,84249.3,83472.9
4/3/2025,82806.9,83474.4,83396.3,82621.3
4/2/2025,83465.9,84568,83908.9,82193.8
4/1/2025,84595.6,82961.3,85249.6,84528.7
3/31/2025,83003,81520.7,83238.2,82435.8
3/30/2025,81573.8,83099.5,82408,81300.1
3/29/2025,82450.5,84410.4,84603.4,81668.2
3/28/2025,84234.7,86794.6,84603.4,83727.6
3/27/2025,86798.8,87663.6,87507.5,86764.3
3/26/2025,87641.4,87153.8,87751.4,86808
3/25/2025,87079.2,86523.6,87877.9,87079.2
3/24/2025,86501.2,86557.9,87680.4,86363.4
3/23/2025,86390.1,84207.5,86609.5,85541.6
3/22/2025,84249.1,84251.2,84275.4,83812.7
3/21/2025,84222.6,84446.9,84329.7,83987.3
3/20/2025,84476,85893.1,84831,84176
3/19/2025,85863.2,83047.5,87419,85658
3/18/2025,82962.4,83145.6,83243.7,82557.5
3/17/2025,83746.5,83054.2,84019.1,83722.6
3/16/2025,83665.4,84341.5,83665.4,82565.1
3/15/2025,84295.1,84492.8,84364.6,83753.5
3/14/2025,84479,81891.2,84679.5,83974.2
3/13/2025,81809.9,83576.2,82241.1,80833.2
3/12/2025,83632.9,82123,84292,83357.2
3/11/2025,82222.1,79510,83750.2,82146.1
3/10/2025,79647.5,82045.6,79813.6,76677.1
3/9/2025,82197.8,86124.6,82697,80122.6
3/8/2025,86027.7,86459,86498.6,85959.8
3/7/2025,86485.8,87663.8,86886.8,85264.6
3/6/2025,87609.3,92283.4,90978.9,84864.3
3/5/2025,92242.8,86887.7,92245.1,89994.6
3/4/2025,87008,83380.9,87870.1,86429.4
3/3/2025,83745.7,92846.7,86756.4,82558.2
3/2/2025,92940.1,85747.2,94266.1,92454.3
3/1/2025,85827,84290.5,86546.3,83837.3
2/28/2025,86074.4,84290.5,86546.3,83837.3
2/27/2025,80505,84737.3,84876.3,79535.1
2/26/2025,85147,88142,85401.8,84085.5
2/25/2025,88825.9,91843,89375.3,88136.2
2/24/2025,92095.2,96251.6,92523.1,91014.6
2/23/2025,95343.7,96654.9,96497.9,95118.7
2/22/2025,96437.7,96178.6,96655.2,96383.1
2/21/2025,96376.2,98242.3,96463.8,95801.1
2/20/2025,98206.6,96856.1,98509.9,98096.6
2/19/2025,97194.1,96644.8,97347.7,96441.9
2/18/2025,95439.1,95638,95930,95057.5
2/17/2025,95985.7,96035.1,96319.9,95559.7
2/16/2025,96115.5,97532.8,96612.6,96041.2
2/15/2025,97526.4,97665.4,97706.5,97431.6
2/14/2025,97556.3,96753.8,97973.2,97252.5
2/13/2025,96789,96932.8,97222.4,96399
2/12/2025,97003.8,95543.2,98079.6,97003.8
2/11/2025,95525.6,98070.9,96259.8,95128.9
2/10/2025,98069.6,96938.9,98115.4,97434
2/9/2025,96852.7,96218.7,97297.8,96369
2/8/2025,96623.3,95981.2,96862.8,95716.1
2/7/2025,96402.1,97460.6,96862.8,96237.1
2/6/2025,97467.5,97623.4,97872.2,96424.2
2/5/2025,97631.2,98042.5,97824,96510.6
2/4/2025,98213.4,100069,98890.5,97183.6
2/3/2025,100151,92749.8,101693,100151
2/2/2025,93027.2,99539.8,97686,91695.8
2/1/2025,100785,102142,102771,100748
1/31/2025,102381,104005,102771,102138
1/30/2025,104197,105498,105001,103959
1/29/2025,105361,102007,105364,103388
1/28/2025,102070,102920,102275,101342
1/27/2025,102979,100400,103362,101356
1/26/2025,100482,105153,103235,100447
1/25/2025,105214,104644,105400,104521
1/24/2025,104861,104657,105256,104390
1/23/2025,104563,102031,104719,102760
1/22/2025,102011,105580,103789,101597
1/21/2025,105559,102316,106266,105366
1/20/2025,102312,102228,103190,100193
1/19/2025,102381,104947,102733,99676
1/18/2025,104860,103581,105416,104014
1/17/2025,103429,101480,104661,102729
1/16/2025,101217,99604.9,102089,99956.2
1/15/2025,99589.9,97187.2,100812,99301.1
1/14/2025,97183,95120.1,97702.7,96501.9
1/13/2025,94984.1,94552.9,95268.4,94359.5
1/12/2025,94524.3,94583.6,95906.9,93902.2
1/11/2025,94609.7,94061.8,94694.4,94297.1
1/10/2025,93910.4,93771,94723.6,93847.8
1/9/2025,93724,94428.6,93857.3,92474.1
1/8/2025,94312,96276.6,95323.1,93527.7
1/7/2025,96207.2,101689,97266.4,96145.8
1/6/2025,101787,99469.9,102678,101548
1/5/2025,99318.1,98355.8,99425.4,97932.3
1/4/2025,98383.3,97993.8,98511.7,98048.2
1/3/2025,97948.5,96793.3,98297.5,97808.9
1/2/2025,96766,95664.6,97292.9,96647.7
1/1/2025,95886,93527.3,95962.4,94381.2
12/31/2024,93631.3,92429.3,94425.3,93470
12/30/2024,92408.6,93260.9,92863.2,92036.2
12/29/2024,93468.7,95157.9,94220.2,93360.1
12/28/2024,95097,94561.7,95315.4,94811.1
12/27/2024,94534,96395.4,94669.2,94124.7
12/26/2024,96343.7,98958.1,96553.8,95391.1
12/25/2024,98395.5,98019.1,99922.5,98324
12/24/2024,98263.5,94345,98839.7,97722.3
12/23/2024,94142.8,96014.2,94855.1,93566.2
12/22/2024,95836.2,96985.3,96487.5,93751.2
12/21/2024,96219.2,97585.2,97422.2,96194.9
12/20/2024,97570.7,97300.6,97809.8,97190
12/19/2024,97414.3,100651,97803.2,95995.2
12/18/2024,100811,103889,101269,98909.9
12/17/2024,103696,106504,106478,103605
12/16/2024,106484,104675,106961,105686
12/15/2024,104508,102358,106569,104296
12/14/2024,102202,101686,102834,101235
12/13/2024,101700,100003,102633,101150
12/12/2024,100051,100677,100351,99214.2
12/11/2024,100656,97543.2,101828,100345
12/10/2024,97560.2,97024.7,97622.7,95689.5
12/9/2024,96719.3,99417.2,98131.6,95587.8
12/8/2024,99736,99165.8,100317,99354.5
12/7/2024,99939.7,100412,100442,98969
12/6/2024,99566.7,97881,100442,99099.3
12/5/2024,97954.1,103316,98795.8,96452
12/4/2024,103127,95998.3,103719,97949.1
12/3/2024,95833.3,95918.8,96606.5,95344.2
12/2/2024,95942.4,96728,96228.7,95407.8
12/1/2024,96642,96486.5,98082,96137.3
11/30/2024,96403.9,96688.1,96667.5,95721.8
11/29/2024,96672.1,96258.8,97461.9,96371.5
11/28/2024,96407.6,95760.2,96825.4,95405.7
11/27/2024,95649.2,92538.4,96549,94867.1
11/26/2024,92549.2,94300.6,93179.1,91795.5
11/25/2024,94440.2,97814.6,94909.3,92827.3
11/24/2024,97706.5,98188.2,98051.9,96953.4
11/23/2024,98096.2,98622.3,98552.6,97644
11/22/2024,98429.4,98804.5,98927.2,98341.8
11/21/2024,98817,97487.4,99289.3,97868.9
11/20/2024,96865.2,92147.2,96904.8,94063.8
11/19/2024,92191.1,91506.8,92419.7,91517.4
11/18/2024,91376,90445.6,91805.7,90378.7
11/17/2024,90532,90384.4,90916.6,89674.2
11/16/2024,90469.5,91274.6,90883.9,89387.7
11/15/2024,91239.9,87443.8,91673.9,90863.5
11/14/2024,87221.6,90100.6,88463.7,87118.8
11/13/2024,90015.6,87216,90523.2,89375.1
11/12/2024,86313.8,88474.4,88533.4,86313.8
11/11/2024,88728.2,81468,89436.1,86742.6
11/10/2024,81361.7,79079.2,81792.4,80231.8
11/9/2024,76383.3,76371.8,76793.8,75732.5
11/8/2024,76369.6,75849.1,76629.3,76147
11/7/2024,75901.8,74730.5,76359.5,75599
11/6/2024,74675.1,74457.1,75995.3,74627.8
11/5/2024,74552.9,68335.7,74954.6,69323
11/4/2024,68346,69038.4,68489.7,67473.6
11/3/2024,69121,68378.6,69483.4,68257.5
11/2/2024,68423,69660.6,69383.6,67882.5
11/1/2024,69671.2,69557.6,69896.9,69478.7
10/31/2024,69369.8,72551.6,70445.2,68860.5
10/30/2024,72354.7,72339.2,72589.8,72043.8
10/29/2024,72233.8,71181.8,72772.6,72016.4
10/28/2024,70943.7,67724.5,71521,69753.2
10/27/2024,67706.1,67279.1,68102.9,67673.6
10/26/2024,67032.2,66690.8,67119.5,66924.6
10/25/2024,66884.2,67995.5,67007,66443.8
10/24/2024,68017.3,67216.5,68266.6,67832.2
10/23/2024,67266.7,67074.9,67588,66510.6
10/22/2024,67342.3,67494,67441.1,67134.3
10/21/2024,67362.9,68936.7,67684,66609.4
10/20/2024,68883.8,68187.5,69490.8,68599.2
10/19/2024,68165.6,68448.7,68444.7,67443.9
10/18/2024,68498.7,67555.8,68688.8,68306.6
10/17/2024,67633.2,67604.5,68201.3,67190.9
10/16/2024,67656.3,67096.7,67933.5,67416.8
10/15/2024,67171.2,65392.1,67557.2,66766.6
10/14/2024,65448.3,64277.3,66317.5,65379
10/13/2024,64052.6,62703.2,64186.6,62463.7
10/12/2024,62707.2,62565.8,63284.6,62680
10/11/2024,62538,60612.4,63037.9,62486.1
10/10/2024,60659.6,60857.1,60698.5,60080.6
10/9/2024,60888.8,62389.1,60947.5,60370.7
10/8/2024,62369.5,62624.1,62479.3,62010.1
10/7/2024,62596.4,63529.7,62802,62166.9
10/6/2024,63510.8,61886.2,63958.3,62670.2
10/5/2024,61920.9,61861.7,62145.7,61889.5
10/4/2024,61931.3,60950.6,62192.7,61705.7
10/3/2024,60970,61463.2,61269.6,60469.3
10/2/2024,61336.2,61748.2,61371.1,60544
10/1/2024,61774.4,63722.2,61877.5,60752.2
9/30/2024,63686.5,64546.9,63734.1,63007.7
9/29/2024,64520.2,65817.3,65607,64215.2
9/28/2024,65756.2,65989,65980.8,65654.8
9/27/2024,66069.1,65373.5,66232.5,65732.7
9/26/2024,65355,63502.3,65355,64839.2
9/25/2024,63503.9,64456.8,63537.2,62693.3
9/24/2024,64401.6,63125.5,64788.5,64018.9
9/23/2024,63130,64350.8,63394.4,62740.8
9/22/2024,64414.3,63108.5,64723.4,62650
9/21/2024,63084.3,62889.9,63441.2,62836.9
9/20/2024,62952.5,63705.7,63285.7,62829.2
9/19/2024,63563.7,62116,63563.7,62624.8
9/18/2024,62087.1,60513.2,62539.8,61596.5
9/17/2024,60579.3,58056,60755,59911.2
9/16/2024,58111.1,58576.1,58342.4,57630.2
9/15/2024,58562,60160,59204.3,58138.6
9/14/2024,60145.7,60295,60268.2,59994.1
9/13/2024,60350.7,58053,60609.4,60293.7
9/12/2024,57907.8,57946.6,58240.7,57882.8
9/11/2024,58259.2,56926.3,58445.7,57335.5
9/10/2024,56777.6,56777.3,57726.1,56704.8
9/9/2024,56595.3,55119.8,57059.9,56584.5
9/8/2024,55184.9,54340.2,55337.4,54740.2
9/7/2024,54179,52865.6,54819.2,53754.3
9/6/2024,53836.6,56593.9,54066.6,53754.3
9/5/2024,56680.2,57123.4,56844.8,55996.7
9/4/2024,57118.7,56653.4,58318.9,56956.4
9/3/2024,56734.5,59109.7,57929.8,55732.1
9/2/2024,59131.2,57757.5,59799.7,59046.8
9/1/2024,57647,58526.1,57736.6,57185.8
8/31/2024,58604.2,59237.3,59058.7,58289.1
8/30/2024,59254.6,59036.3,59447,59084
8/29/2024,59076.9,59143.5,59480.7,58923.6
8/28/2024,59192.7,62764.5,59649.3,58932.1
8/27/2024,59309.4,62920.6,59448.3,58932.1
8/26/2024,62960,64118.4,63201.4,62671
8/25/2024,64095.5,64108.3,64472.5,63812.9
8/24/2024,64210.3,63635.4,64458.9,63643.2
8/23/2024,63817.1,60597,64178,63643.2
8/22/2024,60581.8,60552.2,60922.2,60354.4
8/21/2024,60445.6,59299.9,61213.1,59815.8
8/20/2024,59233.1,60604.6,59512.4,58831.1
8/19/2024,60587.7,58743.2,60878.5,59382.1
8/18/2024,58731.8,59340.4,58760.8,58274.7
8/17/2024,59515.1,59154.9,60210.3,59395.3
8/16/2024,59041.2,57892.4,59387.4,58825.5
8/15/2024,57900.2,58443.1,58374.2,57129.1
8/14/2024,58475.9,60966,59047.2,58076.7
8/13/2024,61064.2,59030.1,61268.5,60437.2
8/12/2024,58960.6,58511.4,59908.7,58890
8/11/2024,58554.6,61097.5,59072.8,58283.4
8/10/2024,61116.2,60441.2,61361.6,60902.1
8/9/2024,60507.3,61365.8,61344.5,60322.5
8/8/2024,61285.7,57079.9,61712.3,60818.5
8/7/2024,57209.1,56883.1,57635.7,54786.9
8/6/2024,56789.1,55682.9,57260.5,55641.3
8/5/2024,55701.4,53942.4,56228.6,53998.2
8/4/2024,54162.3,60731.1,58291.4,52659.8
8/3/2024,60379.5,61989,62184.2,59914.6
8/2/2024,61813.9,64598.8,61847.5,60532.9
8/1/2024,64471.7,63941.2,65567.1,63697.1
7/31/2024,64036.6,66070.9,64827.6,63763.1
7/30/2024,66047,66609.6,66395.5,65912.2
7/29/2024,66545.2,69350.6,66868.2,65896.9
7/28/2024,69349.9,67945.1,69762,68178.7
7/27/2024,68039.2,67802,68279,67392.9
7/26/2024,67792.4,67049.9,68080.2,67647
7/25/2024,67092,64113.7,67438.5,65764.3
7/24/2024,63991.8,66054.4,65615.9,63914.4
7/23/2024,66054.5,67649.9,66105.3,65481.1
7/22/2024,67486.8,67051.3,68468.9,67484.7
7/21/2024,67923.6,67292.3,68468.9,67787.9
7/20/2024,67192.6,66583.4,67395.4,66977
7/19/2024,66670.6,63814.4,66825.6,66257.4
7/18/2024,64290.3,64700.2,64365,63326.1
7/17/2024,64919.9,65621.9,65040.1,63923.3
7/16/2024,65758,64762.8,66051.5,64975.5
7/15/2024,64773.5,62653.1,64953.4,64457.3
7/14/2024,62704.3,59483.5,62745.4,60678.8
7/13/2024,59388.6,57813.8,59837.8,59207.9
7/12/2024,57861.7,56918,57976.9,57770.6
7/11/2024,56919.7,57566.6,57563.2,56575.7
7/10/2024,57454.5,58181.8,58350.3,57095
7/9/2024,58151,57167.8,58152.7,57376.9
7/8/2024,57200.8,55174.9,57299.2,56306.3
7/7/2024,55155.5,57969.3,56017,54320
7/6/2024,57860.7,56592.1,58258.7,57860
7/5/2024,56399.9,55226.5,56975.7,56198
7/4/2024,55337.8,59102.9,57471.1,55109
7/3/2024,59045.5,60957.5,60463,58055.4
7/2/2024,60947.2,63118.8,62263.6,60756.9
7/1/2024,63111.8,63426.4,63257,62794
6/30/2024,63434,60888.4,63786.8,62583.4
6/29/2024,60917.5,60738.1,61061.8,60757.7
6/28/2024,60745,61814.6,60979.2,60382.8
6/27/2024,61805.1,61006.2,62175.4,61478
6/26/2024,61028.5,61934.9,61206.4,60786.4
6/25/2024,61963.8,61299.1,62469.4,61652.7
6/24/2024,61376.3,62857.1,61585.5,60262.2
6/23/2024,62914.2,64420,63357.1,62732.8
6/22/2024,64460.6,64319.4,64518.9,64261
6/21/2024,64275.7,64512.9,64335.6,63944
6/20/2024,64696.4,65179,65054.9,64638.5
6/19/2024,65294.2,65464.7,65706.4,64843.9
6/18/2024,65430.8,65483.4,65561.2,64843.9
6/17/2024,65502.2,66231.8,66571.2,64589.4
6/16/2024,66290.6,66139.5,66893,66243.9
6/15/2024,66039.1,65735.1,66446.4,65895.1
6/14/2024,66235,66736.2,66274.7,65976.2
6/13/2024,66738.9,67455.8,67018,66495.9
6/12/2024,67322.9,67403.4,68384.6,67014.5
6/11/2024,67389.8,68456.9,67577.8,66911.5
6/10/2024,68320.5,69612.3,69573.3,67969.3
6/9/2024,69611.8,69259.7,69798.1,69426
6/8/2024,69275,69439.3,69337.4,69136.7
6/7/2024,69485.6,70990.7,69514.7,69295.1
6/6/2024,70979.2,71053.3,70998,70668
6/5/2024,71053.7,70838.6,71237.8,70910.1
6/4/2024,70873.9,69136.7,71224.5,70433.2
6/3/2024,69154.6,68408.1,69361.6,68707.9
6/2/2024,68441.3,67712.6,68778.1,67616.8
6/1/2024,67796.6,67715,67893.3,67641.1
5/31/2024,67715.5,68535.6,67746.5,67449.6
5/30/2024,68611.5,68093.5,68705.8,68292.7
5/29/2024,68144.4,68670.2,68183,67462.6
5/28/2024,67796,68392.8,69560.7,67496.1
5/27/2024,67914.3,68872.3,69560.7,67795.6
5/26/2024,68839.7,69073.2,69283.6,68480.4
5/25/2024,69124.7,68754.3,69310.6,68849.1
5/24/2024,68759.5,67876.9,68889.9,68516.1
5/23/2024,67910.7,69436.6,68002,67635.1
5/22/2024,69337,69952.2,69594.4,69166.3
5/21/2024,69917.4,71272.9,70343.9,69829.5
5/20/2024,71369.6,66676,71872,70754.4
5/19/2024,66680.9,67169.1,66755.5,66076.5
5/18/2024,67151.9,66951.7,67284.6,66843.6
5/17/2024,66930.2,65595.8,67048.7,66752.3
5/16/2024,65646.9,65984.6,65834.2,65121.7
5/15/2024,66032.2,61945.6,66643.9,65817
5/14/2024,61915.9,62479.7,62018,61357.5
5/13/2024,62403.7,61172.3,63102.6,62386.1
5/12/2024,61071.9,60929.7,61790,60779
5/11/2024,60905.6,60723.8,61101.1,60806.6
5/10/2024,60745.9,62916.1,61076.9,60673.4
5/9/2024,62864.3,61678.5,63090.7,62669.2
5/8/2024,61717.8,62895.6,61773.6,61152
5/7/2024,62945.3,63239.5,62950,62166.2
5/6/2024,63238.4,63875.3,63955.5,62918.3
5/5/2024,63816.5,63238,64459.5,63722
5/4/2024,63203.2,62710.5,64143.8,62923.9
5/3/2024,62703.2,59727.3,63515.4,62599.1
5/2/2024,57921.5,57131.4,58560.2,56989.8
5/1/2024,57526.5,60241.3,58560.2,56989.8
4/30/2024,60222.8,63646.4,60827.5,59590.2
4/29/2024,63650.4,62249.1,64700.2,63142.8
4/28/2024,62655,64016.8,63331.8,62469.7
4/27/2024,64057.3,63081.4,64346.1,63457.9
4/26/2024,63127.6,64370.4,63916.7,62507.7
4/25/2024,64366.3,64281,64635,63927.7
4/24/2024,64341.2,66597.6,64728.3,63901.7
4/23/2024,66615.3,66450,66882.6,66396.6
4/22/2024,66515.8,65711.6,67180,66499.9
4/21/2024,66003.1,65190.7,66018.1,64527.5
4/20/2024,64674.8,64377,65375.6,63131.7
4/19/2024,63899.8,61787.5,64139.3,63131.7
4/18/2024,61830.2,61657,63480.5,59693.3
4/17/2024,61995.9,63844.6,62171.5,60970.8
4/16/2024,63778.5,63401.8,64289.5,63608.5
4/15/2024,62919.1,65158.6,63890,62802.5
4/14/2024,65253.9,63085.6,65875.2,64983.4
4/13/2024,63152.3,66528.9,64307.9,62174.7
4/12/2024,66980.3,70985,67133,65784.7
4/11/2024,70856.7,70851.6,70972.9,70005.4
4/10/2024,69202.6,69231.1,69574.9,67570
4/9/2024,68721.1,71723.5,71737.2,68615
4/8/2024,71262.2,69451.6,71737.2,70902.3
4/7/2024,69393,69419.5,69788.6,69110.5
4/6/2024,69409.1,67797.7,69739.7,68849.4
4/5/2024,67740.6,67872.1,68053.3,67467.2
4/4/2024,67649.3,65749,68692.2,67472.8
4/3/2024,65674,66227.2,66349,65541
4/2/2024,66135.4,66712.8,66135.4,64559
4/1/2024,69828.9,71332,71329.3,68175.9
3/31/2024,70615.8,69918.6,71329.3,70543.6
3/30/2024,69926.6,69781,70143.2,69576.6
3/29/2024,69820,70446.8,70158.9,69736.1
3/28/2024,70447.1,69302.4,70907,70315.6
3/27/2024,69240.4,70382.1,69913.7,68956.9
3/26/2024,70443.3,70438.6,70714.1,69839.3
3/25/2024,70508.4,67322.5,70603.1,69754.8
3/24/2024,66979.5,63980.1,67288.3,66395
3/23/2024,64118.4,63570.4,64684,63938.1
3/22/2024,63389,65968.6,64324.3,63074.9
3/21/2024,65947.2,66746.4,66133.9,65151.8
3/20/2024,66467.4,61826.5,68161.7,66463.6
3/19/2024,62394,65860.5,63397.2,61859.5
3/15/2024,68361.4,73589.3,72398.1,67105.8
3/14/2024,68937.1,73257.1,72398.1,67110.1
3/13/2024,73237.7,72034.3,73285.3,72530.5
3/12/2024,72074.4,71606.2,72193.5,71338.4
3/11/2024,71670.1,68600.2,72467.1,71519.9
3/10/2024,68506.2,69169.7,68966.1,67452.8
3/9/2024,69484.5,68298.6,69676.4,68250.3
3/8/2024,68289.5,67152.1,68343.7,67923.9
3/7/2024,67072.9,65862.1,67270.9,66787.8
8/10/2023,29476.1,29610.8,29489.8,29443.4
8/9/2023,29579.8,29713.4,29653.6,29562.4
8/8/2023,29706.4,29189.1,29882,29666
8/7/2023,29199.3,29154.2,29253.3,29137.7
8/6/2023,29152.3,29058.7,29215.2,29011.8
8/5/2023,29056.4,29082.7,29074.8,29032.3
8/4/2023,29085.5,29155.9,29139.3,29061.5
8/3/2023,29142.2,29174.8,29241.8,29109.1
8/2/2023,29155.2,29627.2,29266.1,29127.1
8/1/2023,29671.7,28835.3,30025.9,29660.5
7/31/2023,28847.9,29418.7,29343.1,28834.5
7/30/2023,29437.3,29316.3,29502.3,29264.9
7/29/2023,29382.4,29258.9,29400.1,29299
7/28/2023,29371.9,29252.4,29394.2,29299
7/27/2023,29215.2,29405.9,29294.4,29188.6
7/26/2023,29436.8,29243.8,29450.3,29307.9
7/25/2023,29250.5,29107.9,29394.4,29109.7
7/24/2023,29116.7,29717.3,29184.1,29058.7
7/23/2023,29699,29847.4,30098.2,29678.2
7/22/2023,29854.3,29908.6,29893.7,29735.7
7/21/2023,29926,29898.5,29986.8,29901.6
7/20/2023,29910.6,29950,29945.5,29741.7
7/19/2023,29943.2,30059.5,30044.8,29895.8
7/18/2023,30070.6,30077.7,30077.8,29842.3
7/17/2023,30087.2,30314.2,30242.4,30084.6
7/16/2023,30306.6,30192,30335.9,30197.2
7/15/2023,30225.8,30297.1,30333.9,30075.4
7/14/2023,30323.5,31462.5,30395.4,30246.9
7/13/2023,31425.4,30298.2,31602.6,31343.2
7/12/2023,30285.9,30591.4,30434.4,30279.7
7/11/2023,30595.4,30482.5,30654.3,30500.2
7/10/2023,30466.5,30158,30598.5,30367.8
7/9/2023,30179.2,30289.6,30242.4,29969.1
7/8/2023,30312.4,30277.1,30404.7,30252.1
7/7/2023,30281,30138.6,30379.9,30262.4
7/6/2023,30114,30499.9,30161,29757.4
7/5/2023,30502.8,30834,30559,30353.6
7/4/2023,30849.8,31262.2,30861.7,30756.3
7/3/2023,31241.8,30756.8,31326.5,31101.8
7/2/2023,30779.8,30544.1,30790.4,30594.4
7/1/2023,30505,30424.4,30650.1,30481.5
6/30/2023,30393.8,30664,30530.6,30377.6
6/29/2023,30722.2,30175.2,30858.1,30354.6
6/28/2023,30151.9,30453.5,30243.8,30051.3
6/27/2023,30460.8,30371.6,30703.4,30362.5
6/26/2023,30370.1,30299.5,30485.7,30231.3
6/25/2023,30285.5,30752.1,30543.1,30012.8
6/24/2023,30768,30749.2,30768,30474.1
6/23/2023,30742.5,30010.7,30793.8,30434.3
6/22/2023,30013.6,30296.3,30046.6,29822.6
6/21/2023,30299.3,28710.4,30497.8,29899
6/20/2023,28724.6,26893.1,28985.5,28270.5
6/19/2023,26915.9,26391.3,27152.7,26798.7
6/18/2023,26411.3,26546.1,26465.9,26295.1
6/17/2023,26539.8,26258.4,26543,26410.5
6/16/2023,26262.8,25559.3,26362.7,26183.5
6/15/2023,25564.2,25061.9,25591.9,25451.4
6/14/2023,25083.1,25987,25205.7,25040.9
6/13/2023,25982.2,26058.4,26051.2,25914.1
6/12/2023,26083.8,25795,26138.6,25824
6/11/2023,25796.6,25730.4,26006,25635
6/10/2023,25742.6,26329.8,25862.3,25728.2
6/9/2023,26336.1,26490.7,26525.1,26298.9
6/8/2023,26495.3,26341.5,26592,26326.7
6/7/2023,26298.4,26909.2,26470.6,26231.3
6/6/2023,26892.5,25733,27342,26730.6
6/5/2023,25729.8,26845.4,25791,25611.1
6/4/2023,26859.9,27062.3,27125.5,26817.4
6/3/2023,27062.6,27146.2,27096.7,26956.1
6/2/2023,27141.6,27007.5,27246,27114
6/1/2023,26943.2,26781.7,26980,26541.3
5/31/2023,26777.9,27658.3,27340.9,26662.3
5/30/2023,27689.8,27835.5,27825,27606.6
5/29/2023,27830.7,27972.8,27925.7,27605.5
5/28/2023,28060.6,27188.4,28431.2,28057.8
5/27/2023,27161.9,26754.6,27172.4,26788.5
5/26/2023,26765.4,26436.6,26775.2,26639
5/25/2023,26438,26186.9,26534.7,26384.4
5/24/2023,26192.6,26785.5,26381.8,25892.5
5/23/2023,26759.1,27371.1,27220.7,26686.4
5/22/2023,27381.4,26645.8,27414.3,26804.1
5/21/2023,26650.7,27178.1,26780.7,26546.1
5/20/2023,27193,26867.7,27257.1,27066.5
5/19/2023,26867.4,26802.9,26899.3,26831.3
5/18/2023,26839.2,27352.9,26914.8,26751.2
5/17/2023,27358.6,27073.2,27467,27296.5
5/16/2023,27102.3,27083,27215.1,26984.1
5/15/2023,27115.5,27168.1,27295.3,26881.9
5/14/2023,27232.4,26868,27284.3,26752.1
5/13/2023,26845.8,26783.5,26850.6,26609.9
5/12/2023,26823.7,26636.6,26974,26695.6
5/11/2023,26615,27445,27044,26559.2
5/10/2023,27451.8,27691,27607.4,27402.7
5/9/2023,27692.2,27639.5,27808.4,27627.2
5/8/2023,27592.7,28203.9,27745.6,27552.9
5/7/2023,28184,28806.3,28627.8,28056.2
5/6/2023,28811.3,29357.3,29122,28754.8
5/5/2023,29357.6,29197.3,29816.4,29353.1
5/4/2023,29179.9,29100.2,29490.5,28825.3
5/3/2023,29027.6,28525.8,29187,28956
5/2/2023,28536.4,28040.2,28682.7,28370.3
5/1/2023,28020.7,28563.2,28142.7,27928.2
4/30/2023,28560.9,29179.8,29329.6,28432.6
4/29/2023,29193.7,29367.6,29235.1,29095
4/28/2023,29367.8,29420.1,29400.8,29217.4
4/27/2023,29405,28875,29587.1,29334.2
4/26/2023,29030,28311.6,29414,28392.4
4/25/2023,28336.5,27390.1,28460.3,28258.5
4/24/2023,27344.5,27734.5,27576.2,27332.7
4/23/2023,27746.2,27601.1,27978.8,27434
4/22/2023,27556.2,27234.7,27815,27492.1
4/21/2023,27334,28245.8,27336.9,27165.7
4/20/2023,28304.8,28848.1,28353.4,28109.2
4/19/2023,28846.4,30212.8,28992.9,28606
4/18/2023,30207.2,29450.7,30408.4,30153.3
4/17/2023,29477.7,29984.1,29490,29149.2
4/16/2023,29983.4,30254.2,30312.2,29786.1
4/15/2023,30260.9,30379.1,30322.9,30134.6
4/14/2023,30390,30695.1,30586.5,30302.3
4/13/2023,30706.5,30079.6,30836.8,30327.6
4/12/2023,30068.5,29931.1,30153.7,29864.5
4/11/2023,29921.3,30112.9,30327.6,29851.1
4/10/2023,30081.8,28280.7,30375.1,29597.8
4/9/2023,28285.6,28034.8,28422.1,28264.7
4/8/2023,28044.8,28027.6,28086.2,27932.6
4/7/2023,28013.4,28042.7,28048.9,27863.8
4/6/2023,28044.7,28136.1,28102.5,27936.5
4/5/2023,28074,28547.3,28173.5,27903
4/4/2023,28525.8,27860.6,28744.4,28100.8
4/3/2023,27878.4,27756.5,27945.8,27668.9
4/2/2023,27762.7,28476.1,28194.7,27608.9
4/1/2023,28466.3,28473.7,28795.1,28285.6
3/31/2023,28562,28172.9,28795.1,28415.7
3/30/2023,28169.1,28477,28353.3,27927.5
3/29/2023,28541.6,27369,29160.4,28181.2
3/28/2023,27351.2,26975,27456.7,27249.8
3/27/2023,26976.7,27900.5,27170.1,26847.8
3/26/2023,27914.5,27529.7,28023.3,27795.3
3/25/2023,27515.1,27612.8,27638,27429.1
3/24/2023,27575,28195.1,27665.1,27432.2
3/23/2023,28229.5,27343.1,28374.5,28152.6
3/22/2023,27367.1,28167.3,27431.5,27144.6
3/21/2023,28174.3,27788,28246.4,27960.7
3/20/2023,27762.7,27269.6,27930.6,27679.9
3/19/2023,27191.3,27110,28050.6,27170.5
3/18/2023,27172.8,27297,27185.8,26914
3/17/2023,27332.1,25602.5,27659.1,27132.6
3/16/2023,25681.5,24370.8,25884.1,24900.1
3/15/2023,24249,24838.3,24432,24147.9
3/14/2023,24727.5,24281.1,25040.3,24331.5
3/13/2023,24361.2,22193.1,24453.5,23994.6
3/12/2023,22234.7,20384,22542.5,21904.3
3/11/2023,20391.8,20347.7,20507.2,20325.3
3/10/2023,20345.9,19879.5,20669.5,20142.8
3/9/2023,19904.6,21738.1,20362,19813.7
3/8/2023,21737.3,22144.6,21802.3,21682.8
3/7/2023,22128.8,22478,22274.3,22092.8
3/6/2023,22464.8,22343.3,22535.1,22384
3/5/2023,22344.1,22449.4,22494.8,22320.2
3/4/2023,22439.3,22340.6,22636.7,22213.5
3/3/2023,22328.5,22378.5,22390.3,22326.3
3/2/2023,22352.6,23538.6,23473.4,22051.9
3/1/2023,23515.4,23797.2,23780.5,23435.5
2/28/2023,23801.1,23414.8,23801.1,23025.3
2/27/2023,23408.4,23491.5,23543.6,23360.2
2/26/2023,23474.6,23187.7,23634.3,23440.9
2/25/2023,23172,23124.5,23249.6,23066
2/24/2023,23107.5,23948.2,23215.3,23051
2/23/2023,23980,24518.1,24123.4,23893.8
2/22/2023,24455.8,24153.4,24590.4,24127.6
2/21/2023,24137.2,24902.1,24474.3,23894.7
2/20/2023,24877.8,24478.3,25081.2,24785.1
2/19/2023,24461.5,24714.4,24534.8,23868.6
2/18/2023,24690.9,24628.5,24765.3,24623.6
2/17/2023,24635.8,23806.8,24772.4,24531.4
2/16/2023,23765.6,24643.9,23883.3,23373
2/15/2023,22112,21696.7,22198.5,22050.8
2/14/2023,22111.1,21706.7,22198.5,22050.8
2/13/2023,21716,21834.9,21808.1,21681.3
2/12/2023,21831.9,21781.3,21856.7,21656.9
2/11/2023,21767.7,21688,21879.4,21764.5
2/10/2023,21682.7,21795.5,21714.6,21605.3
2/9/2023,21801.7,22566.2,21933.6,21722.6
2/8/2023,22574.3,23248.5,23003.6,22425.6
2/7/2023,23246.1,22881.9,23425.1,23233
2/6/2023,22872.6,22872.7,22922,22748.2
2/5/2023,23385.6,23343.1,23423.4,23253.9
2/4/2023,23360.1,23337.1,23370,23253.9
2/3/2023,23334.3,23513.8,23461.2,23317.5
2/2/2023,23525.8,23881.7,23581.9,23418
2/1/2023,23905.7,23136.1,24207.2,23694.4
1/31/2023,23128.5,22859.2,23171.7,23031.9
1/30/2023,22842.7,23715.6,22900.6,22724.9
1/29/2023,23338.2,22977.3,23533.5,22973.3
1/28/2023,23127.8,23093.1,23456.4,22973.3
1/27/2023,23096.9,22774.4,23182.3,23048
1/26/2023,22819.3,23124.4,23072.1,22602.9
1/25/2023,23174.5,22646.9,23259.5,23055.2
1/24/2023,22652.7,23073.6,22714.2,22366.3
1/23/2023,23087.1,22669.9,23139.2,22878.9
1/22/2023,22744,22756.9,22802,22663.8
1/21/2023,22840.4,22596.9,22959.7,22634.3
1/20/2023,22614.6,20992.6,22724.8,22461.1
1/19/2023,21053,20809.3,21181,21018.6
1/18/2023,20813.9,21273.2,20858,20669.7
1/17/2023,21286.3,21157.2,21371.2,21136.4
1/16/2023,21157.3,21151.8,21289.6,20926.2
1/15/2023,21147.6,20698.8,21414.7,20802.1
1/14/2023,20686.5,20894,20996,20590.4
1/13/2023,20913.7,18833.1,21185.6,19898.6
1/12/2023,18853.9,18217.3,18882.8,18723.8
1/11/2023,18220.2,17414,18298.8,17915.5
1/10/2023,17410.7,17218,17499.1,17371.1
1/9/2023,17216.1,17226.3,17232.6,17151.7
1/8/2023,17234.3,16935.2,17244.2,17107.1
1/7/2023,16936.1,16937.9,16953.7,16913.8
1/6/2023,16942.6,16822.1,16979.6,16932.3
1/5/2023,16818.3,16837.1,16871.2,16804.9
1/4/2023,16836.8,16861.3,16875.1,16813.6
1/3/2023,16875,16684.9,16890.9,16656.5
1/2/2023,16685.2,16634.2,16704.7,16652.1
1/1/2023,16638.3,16517.6,16699.7,16551
12/31/2022,16520.3,16550.1,16557.2,16510.8
12/30/2022,16544.8,16611.4,16613.6,16543.1
12/29/2022,16607.5,16568.5,16644.4,16585
12/28/2022,16571.1,16661.1,16584.8,16496.6
12/27/2022,16661.8,16891.7,16737.1,16585.7
12/26/2022,16884.8,16877.2,16964,16844.9
12/25/2022,16876.3,16826.1,16914.2,16822
12/24/2022,16819.6,16828.6,16850.8,16816.2
12/23/2022,16830.6,16839,16845.8,16777.8
12/22/2022,16830,16836.4,16889,16774.1
12/21/2022,16849.6,16794.4,16858.3,16811.2
12/20/2022,16810.9,16804,16919.4,16798.1
12/19/2022,16790.3,16711.7,16849.4,16400.7
12/18/2022,16728.7,16763,16809.5,16642
12/17/2022,16764.3,16706.3,16797.3,16709.1
12/16/2022,16715.5,17425.8,16723.2,16587
12/15/2022,17403,17726.9,17427.3,17351.8
12/14/2022,17693.6,17783.1,17846.1,17600
12/13/2022,17762.1,17151.3,17834.3,17753.2
12/12/2022,17163.6,16917.9,17234.4,17123.4
12/11/2022,16927.6,17153.9,17093.2,16878.5
12/10/2022,17170.7,17154,17174.4,17123.3
12/9/2022,17156.1,17201.5,17164.2,17121.3
12/8/2022,17193.2,16823.7,17288.6,17192.9
12/7/2022,16823,17040.1,16881.5,16789
12/6/2022,17020.4,16999.6,17126.7,17015.1
12/5/2022,17010.7,17374.9,17097.4,16966.3
12/4/2022,17255,17005.6,17306.3,17080.9
12/3/2022,17014,16934.5,17132.6,17010.8
12/2/2022,17013.2,16901.4,17132.6,17012.9
12/1/2022,16923.6,17147.5,17039.7,16867.6
11/30/2022,17140.9,16865.4,17222.6,17099.8
11/29/2022,16847,16283.4,17061.1,16433.2
11/28/2022,16462.9,16208.1,16471.2,16100.1
11/27/2022,16194.2,16526.7,16481.4,16060.8
11/26/2022,16556.4,16628.4,16595.4,16450.1
11/25/2022,16627.1,16385.8,16686.3,16511.2
11/24/2022,16399.2,16697.2,16611.8,16399.2
11/23/2022,16695.9,16501.4,16785.6,16539.9
11/22/2022,16508.8,15817.8,16576.3,16162.3
11/21/2022,15836.8,16147.7,15937.1,15751.7
11/20/2022,16711.8,16638.3,16749.3,16670.4
11/18/2022,16633.8,16691.2,16846.3,16553
11/17/2022,16691.2,16549.5,16739.7,16425.8
11/16/2022,16533.1,16882.7,16993.4,16408.2
11/15/2022,16916.5,16768.5,16993.4,16775.2
11/14/2022,16767.9,15989.4,16880.2,16543.9
11/13/2022,15943.1,16860.1,16394.7,15898.6
11/12/2022,16881.3,16756,16946.5,16779.3
11/11/2022,16789.3,17070.6,17100.8,16779.4
11/10/2022,17046.5,16492.6,17679.4,16897.9
11/9/2022,16396.8,18244.6,16523.8,15799.3
11/8/2022,18234.1,19667.3,18583.8,18007.4
11/7/2022,19676.9,20889.6,20667.5,19576
11/6/2022,20887,21229.2,21055.4,20827.7
11/5/2022,21242.5,21445.3,21360.4,21206.8
11/4/2022,21404.1,20325.8,21464.7,21084.1
11/3/2022,20319.9,20307.3,20324.3,20184.6
11/2/2022,20310.6,20520.6,20337.1,20123.5
11/1/2022,20535.6,20490.2,20548.5,20416.4
10/31/2022,20487,20519.1,20581.7,20450.3
10/30/2022,20515.2,20772.9,20670,20438.4
10/29/2022,20777,20755.3,20836.9,20706.3
10/28/2022,20749.1,20295,20802.4,20561.9
10/27/2022,20259.2,20745.4,20326.8,20201.6
10/26/2022,20742.9,20252.9,20836,20646.2
10/25/2022,20269.4,19341.4,20299.1,20062.9
10/24/2022,19343.9,19391.2,19359.3,19251
10/23/2022,19393,19198.6,19588.6,19350.1
10/22/2022,19198,19155.3,19218.6,19168.6
10/21/2022,19135.2,19049.9,19178.7,19116.1
10/20/2022,19054.3,19052.1,19122.9,19003.9
10/19/2022,19039.8,19291.5,19163,18935.6
10/18/2022,19291.4,19491.7,19692.9,19102.8
10/17/2022,19555.5,19204.7,19617.2,19487.5
10/16/2022,19197.8,19110.6,19307.2,19164.7
10/15/2022,19123.9,19194.3,19162.6,19066
10/14/2022,19209.2,19815.7,19218.7,19138.3
10/13/2022,19825.5,19087.6,19933.9,19342.4
10/12/2022,19099.7,19048.9,19168.4,19039.9
10/11/2022,19052.6,19044.3,19127.3,19031.3
10/10/2022,19049.5,19451.1,19134.6,18962.7
10/9/2022,19448.4,19373.4,19520.7,19408.9
10/8/2022,19344.1,19507.2,19450,19334.3
10/7/2022,19539.7,19981.9,19612.2,19516.8
10/6/2022,19998.9,20361.4,20051.4,19947.8
10/5/2022,20331.7,20188.3,20436.7,20145.4
10/4/2022,20199.9,19598.4,20353.8,20163.4
10/3/2022,19581.2,19163.9,19709.8,19506.4
10/2/2022,19179.2,19310.5,19251,19001.3
10/1/2022,19309.4,19414.5,19342.5,19250.1
9/30/2022,19402.5,19397.2,19480.3,19362.2
9/29/2022,19343.9,19504.2,19688.5,19325
9/28/2022,19528.7,18742.2,19587.8,19316
9/27/2022,18692,20103.3,19232.3,18505.3
9/26/2022,20119.9,18875.4,20287.3,19194.5
9/25/2022,18866.5,19053.1,18943.1,18735
9/24/2022,19042.9,19122.8,19051.2,18914.3
9/23/2022,19098.5,19384.8,19310.6,19048.2
9/22/2022,19408.3,18686.6,19463.5,19236.3
9/21/2022,18703.8,19023.7,18772.4,18371
9/20/2022,19013.7,19364.8,19052,18843.9
9/19/2022,19356.8,18772.6,19626.3,19183.9
9/18/2022,18806.8,19995,19508.5,18712.8
9/17/2022,19956.2,19879.5,20113.7,19956
9/16/2022,19893.1,19745,20055.8,19774.2
9/15/2022,19737.5,20029.4,19799.3,19602.3
9/14/2022,20025.5,20320,20265.5,19942.8
9/13/2022,20351.8,22231.6,20503.7,20069
9/12/2022,22218.7,21654,22431.3,22072.6
9/11/2022,21612.1,21545.9,22296.4,21581.6
9/10/2022,21518.5,21311.9,21679.6,21472.3
9/9/2022,21317.8,19925.2,21380.7,21170.4
9/8/2022,19838.5,19218.9,19851.9,19294.1
9/7/2022,19228.4,18739.4,19376.6,19169.6
9/6/2022,18722.1,19781.8,18866.7,18548.4
9/5/2022,19761.9,19882.5,20169.3,19687.4
9/4/2022,19896.2,19773.4,20042.9,19818.6
9/3/2022,19761.7,19897.1,19855.4,19756.7
9/2/2022,19902.8,20166.2,20043.8,19875.9
9/1/2022,20183.9,20015.8,20232.5,19960.6
8/31/2022,20007.8,20408,20202.7,19931
8/30/2022,20389.3,20267.9,20435.5,19793.4
8/29/2022,20257.7,19858,20295.6,20120.9
8/28/2022,19844.7,19996.6,19931.4,19551.2
8/27/2022,19999.1,20206.8,20134.1,19927.8
8/26/2022,20238.9,21554.4,20343.6,20144.7
8/25/2022,21521.6,21328.8,21632.5,21324.7
8/24/2022,21468.2,21259.4,21632.5,21324.7
8/23/2022,21239.8,21229.7,21551.1,21171.1
8/22/2022,21285.7,21419,21458.2,21271.2
8/21/2022,21380.6,21250.8,21489.9,21077.4
8/20/2022,21186.6,21146.8,21322.4,21126.1
8/19/2022,21135.4,22814,21170.7,20813.5
8/18/2022,22783.2,23457.8,23202.3,22718.2
8/17/2022,23447.6,23988.2,23512.3,23297.7
8/16/2022,24018.2,24045.7,24077,23834.6
8/15/2022,24101.5,24920.6,24240.8,23858.9
8/14/2022,24832.1,24602.8,25205.7,24193.8
8/13/2022,24589.3,24666.5,24623.4,24352.9
8/12/2022,24744.9,24008.3,24787.5,24337.5
8/11/2022,23997.1,24268.1,24090,23765.2
8/10/2022,24353.8,22913.8,24481.3,23923.3
8/9/2022,22876.6,23833.5,23150.5,22714.7
8/8/2022,23813.3,23305.4,23866.2,23636.4
8/7/2022,23307,22990.5,23339.8,23160.6
8/6/2022,22999.6,23266.8,23048,22852.3
8/5/2022,23202.8,23050.6,23344.4,23167
8/4/2022,23158.2,23073.1,23188.4,22593.5
8/3/2022,23069.8,22842.6,23214.5,22794.4
8/2/2022,22852.4,22853.6,23060,22698.6
8/1/2022,22876.7,23375.4,23412.7,22790.9
7/31/2022,23361,23741.9,23459.1,23265.9
7/30/2022,23706.7,23801.6,23864.6,23548.9
7/29/2022,23813.7,23918.9,23956.5,23698
7/28/2022,23924,23120.7,23938.7,23711.8
7/27/2022,23139.2,21074.1,23418.2,22714.1
7/26/2022,21068.7,21144.8,21279.8,21047.5
7/25/2022,21143.6,21863.6,21322.3,20916.6
7/24/2022,21802.8,22332,22653.3,21802.7
7/23/2022,22333.2,22838.2,22664.6,22311
7/22/2022,22883.4,22912.3,22896,22591.3
7/21/2022,22910.9,22774.2,23344.4,22873.6
7/20/2022,22841.5,23434.3,23403.8,22680.9
7/19/2022,23430.7,21891.7,23502,22965.9
7/18/2022,21835.6,21296.7,22910.2,21835.6
7/17/2022,21265.2,21324.6,21360.8,20770.6
7/16/2022,21344.5,20744.5,21445.1,21091.8
7/15/2022,20757.6,20614,20857.4,20617.4
7/14/2022,20547.4,20224.6,20811.3,20393.4
7/13/2022,20221.4,19468.9,20405.5,20187.9
7/12/2022,19475.1,19941.1,19544.6,19267.3
7/11/2022,19924.2,20547.9,19993.7,19794.8
7/10/2022,20615.7,21297.3,20855,20467.6
7/9/2022,21298.5,21608.9,21599.2,21190.7
7/8/2022,21603.8,22121.5,21681.3,21440.2
7/7/2022,22102,20473.8,22482.1,21580.9
7/6/2022,20460.6,19942,20584.2,20390.7
7/5/2022,19948,20301.9,20360.7,19785.3
7/3/2022,19078,19235.2,19342.5,18794.4
7/2/2022,19273.8,19119.1,19297.3,19172.6
7/1/2022,19103.7,19733.7,19369.2,19067.7
6/30/2022,19854.4,20072.4,20785.6,19668.6
6/29/2022,20064.8,20291,20155.1,19955.1
6/28/2022,20240.5,20731.9,20384.2,20180.5
6/27/2022,20718.4,21173.9,20862.8,20538
6/26/2022,21132.9,21425.2,21178.6,20937.3
6/25/2022,21419.2,21296.1,21531.1,21293.8
6/24/2022,21320.3,21068.9,21373.2,21132.7
6/23/2022,21069.2,20210.3,21316,20982.2
6/22/2022,20259.8,20312.8,20578.7,19907.5
6/21/2022,20277.3,20611.9,20720.2,20276.2
6/20/2022,20637.4,19990.2,20764.8,20371.7
6/19/2022,20078.6,18276.9,20607.1,19658.8
6/18/2022,18462.4,20429.8,19169.5,18230.1
6/17/2022,20420.4,20375,20744.7,20311
6/16/2022,20395.9,22205.1,21017.6,20244.1
6/15/2022,22213,21448,22942.1,22187.8
6/14/2022,21648.5,22099.2,22254.6,21545.8
6/13/2022,22022.8,25533.1,22771.4,20860.9
6/12/2022,25522.6,27573.1,26857.6,24978.3
6/11/2022,27622.2,29268.7,28534.8,27313.1
6/10/2022,29268.5,30116.2,29304.3,29046.4
6/9/2022,30159.6,30290,30325.6,29663.2
6/8/2022,30271.8,30009.4,30317.3,30070.9
6/7/2022,30095.8,29572.5,31312.1,29879
6/6/2022,29567.6,31248,31370.3,29235
6/5/2022,31193.9,29755.6,31222.9,29888.6
6/4/2022,29746.8,29564.4,29890.6,29684
6/3/2022,29565,30543.2,29758,29493.2
6/2/2022,30486.2,29814.9,30674.8,30367.7
6/1/2022,29716.8,31801.2,29890.9,29620.7
5/31/2022,31631,31689,31969.9,31627.9
5/30/2022,30598.9,29149.5,30833.7,29307.2
5/29/2022,30301.8,28901.1,30375.3,29307.2
5/28/2022,28939.3,28694.9,29041.2,28838.7
5/27/2022,28789.8,28983.3,28826.4,28537.2
5/26/2022,29045.8,29808.2,29377.1,28848.8
5/25/2022,29787.1,30179.2,29868.9,29518
5/24/2022,30162.7,29301.9,30191.9,29551
5/23/2022,29281,30157.8,29310.6,29069.3
5/22/2022,30149.6,29352.7,30423.7,30059.8
5/21/2022,29360.2,29250.2,29535.3,29360.2
5/20/2022,29187.4,30168.6,29328.1,28953.9
5/19/2022,30209.3,29180.6,30735.1,30126.2
5/18/2022,29202.1,29834.8,29281.8,28682.1
5/17/2022,29840.9,30361.1,30687.9,29802.4
5/16/2022,30426.4,30312.8,30488.1,29804.3
5/15/2022,30298,29722.1,31312.4,30211.2
5/14/2022,29700.5,29568.9,30226.3,29554.4
5/13/2022,29540.2,30567.5,29788.8,29223.9
5/12/2022,30636.3,28383.7,30713.2,28755
5/11/2022,28757.2,31204.8,30136.7,28503.5
5/10/2022,31290.5,30655.3,31661,30652.7
5/9/2022,30665.4,33557,31380.7,29831
5/8/2022,33582,34478,34227,33296
5/7/2022,34461,35813,35497,34228
5/6/2022,35866,36431,36051,35757
5/5/2022,36405,39736,36646,36155
5/4/2022,39727,38017,39791,39555
5/3/2022,38004,38500,38098,37660
5/2/2022,38523,38705,38603,38312
5/1/2022,38699,38045,38807,38387
4/30/2022,38005,38652,38077,37397
4/29/2022,38649,39512,38775,38549
4/28/2022,39487,39345,39919,39299
4/27/2022,39352,38333,39698,39164
4/26/2022,38379,40549,38476,37869
4/25/2022,40536,39254,40724,40398
4/24/2022,39255,39787,39505,38695
4/23/2022,39801,39464,39829,39421
4/22/2022,39441,40502,39852,39433
4/21/2022,40549,41711,40655,40258
4/20/2022,41669,41409,41780,41339
4/19/2022,41359,40701,41550,41235
4/18/2022,40710,39820,41271,40613
4/17/2022,40430,40424,40531,40129
4/16/2022,40299,40425,40432,40129
4/15/2022,40432,40208,40691,40414
4/14/2022,40155,41332,40173,39781
4/13/2022,41314,40071,41494,41062
4/12/2022,40095,39717,40267,39581
4/11/2022,39695,42108,39845,39293
4/10/2022,42079,42783,42418,41791
4/9/2022,42786,42391,42893,42605
4/8/2022,42419,43612,42468,42129
4/7/2022,43572,43326,43697,43304
4/6/2022,43297,45180,43559,42747
4/5/2022,45228,46654,45512,44417
4/4/2022,46622,46025,46788,46430
4/3/2022,46110,45962,46442,45772
4/2/2022,46201,46366,47212,45641
4/1/2022,46541,44597,47212,46096
3/31/2022,44525,47100,45652,44261
3/30/2022,47109,47470,47438,46980
3/29/2022,47475,47347,47475,46601
3/28/2022,47350,47060,47631,47087
3/27/2022,47016,44739,47561,46672
3/26/2022,44652,44425,44950,44511
3/25/2022,44380,43984,44471,44090
3/24/2022,43969,42738,44400,43883
3/23/2022,42797,42118,43284,42683
3/22/2022,42145,42257,42552,41930
3/21/2022,42263,40855,42490,40893
3/20/2022,40887,41961,41471,40530
3/19/2022,41988,41804.4,42301,41804
3/18/2022,41575.3,40528.3,41998.4,41529.6
3/17/2022,40498.2,41006.2,40935.6,40272.9
3/16/2022,41003.8,39160.8,41379.8,40825.1
3/15/2022,39177.4,38773.8,41701.6,38996.6
3/14/2022,38729.5,38172.4,39786.1,38658
3/13/2022,38109.1,39189.3,38294.7,37613.6
3/12/2022,39181.1,39093.5,39272.3,38733.1
3/11/2022,39188.2,38515.4,39289.9,38666.5
3/10/2022,38491,39543.1,39431.9,38236.4
3/9/2022,39648,41637,42029.1,39466.2
3/8/2022,41623.2,38558,41793.9,38663.3
3/7/2022,38487.5,37931.7,38935,37886.6
3/6/2022,37951.3,39468.9,38543.2,37597.7
3/3/2022,42449.2,43912.8,44077.2,41840.8
3/2/2022,43300.1,44252.7,44041.7,43258.7
3/1/2022,44336.6,43350,44730.7,43857.6
2/28/2022,43331.5,37818.6,43638.6,42890.9
2/27/2022,37827.8,38610.6,38336.3,37458.9
2/26/2022,38608.2,39420,39255,38230.9
2/25/2022,39443.6,38927.2,40094.5,39166.3
2/24/2022,38756.5,34912.1,38991,38167
2/23/2022,35078.8,37760.5,37417.3,34594.1
2/22/2022,37982.8,36576.5,38329.9,37598.7
2/21/2022,36714.9,38935.8,37421.1,36399.6
2/20/2022,39234,39533.9,39320.6,38226.8
2/19/2022,39622.6,40140,40120.3,39588.5
2/18/2022,40169.6,40693.8,40284,39940.6
2/17/2022,40652.1,43635,40928.6,40318
2/16/2022,43692.1,43900.1,44167.1,43376.3
2/15/2022,43852.7,43492.8,44552.9,43692.2
2/14/2022,43483.8,41967.6,43732.5,42460.1
2/13/2022,41909.3,42207.6,42170.6,41591.3
2/12/2022,42202.7,42291,42495.3,42080
2/11/2022,42275.7,43108,42480.7,42179.9
2/10/2022,43052.3,43802.1,43705.9,42643.7
2/9/2022,43607.8,43469.5,44398.2,43594.8
2/8/2022,43555.2,44370.6,44305.3,43202.1
2/7/2022,44287.8,42839.2,44304.4,43585.5
2/6/2022,42793.1,41551.6,42922.9,41695.4
2/5/2022,41521.7,41467.3,41641.2,41321.1
2/4/2022,41450.2,37301.6,41873.6,41201.1
2/3/2022,37334.7,36915.5,37420.8,37041.1
2/2/2022,36961.3,38469,37043.1,36773.4
2/1/2022,38467.8,38564.9,38853.8,38399.7
1/31/2022,38539.1,36915.8,38644.7,38189.4
1/30/2022,36958.5,38120.7,37923.8,36672.8
1/29/2022,38040.5,37834.2,38274.7,37796.4
1/28/2022,37844.5,37214,37977,37465.4
1/27/2022,37151.3,35947.3,37452.8,36662.4
1/26/2022,35905.8,37784.3,37067.9,35543.2
1/25/2022,36391.9,33701.2,36717.6,35729.3
1/24/2022,36013.2,35121.4,36691.3,35976.4
1/23/2022,35095.6,35227.4,36268.6,35095.6
1/22/2022,35245.4,36286.7,35516.8,34821.4
1/21/2022,36303.9,38809.5,36749.8,36082.4
1/20/2022,38853.1,41902.4,41104.6,38300.8
1/19/2022,41929.2,41715.7,42072.7,41658.9
1/18/2022,41705.1,42041.6,42492,41609.5
1/17/2022,42026.6,42623.5,42420.3,41931.5
1/16/2022,42721.7,43035.1,43179.6,42610.7
1/15/2022,43069.7,42937.5,43150,42873.1
1/14/2022,42878.6,42687.5,43179,42759.6
1/13/2022,42747.6,43632.1,42824.4,42380.9
1/12/2022,43618.7,42628.4,44039.1,43437.3
1/11/2022,42576.5,42325.5,42968.4,42476.7
1/10/2022,42191,42198.5,42377.3,41582
1/9/2022,42346.2,41809.4,42764.4,41260.9
1/8/2022,41976.8,41902.2,42168.4,41396.8
1/7/2022,41950.2,41656.7,42226.8,41551.3
1/6/2022,41628.5,43051,43127.7,41070
1/5/2022,42947.9,46398.9,43772.3,42615.8
1/4/2022,46439.5,46096.5,46536.5,45750.1
1/3/2022,46069.1,46825.2,46517.6,45967.2
1/2/2022,46819.5,46919.1,47292,46740.9
1/1/2022,47043.6,46709.5,47753.3,47043.6
12/31/2021,46762.2,47204.7,46925.4,46217.5
12/30/2021,47315.3,46503.3,47451.6,46835.4
12/29/2021,46773,48006.7,46922,46003
12/28/2021,47862.4,49821.4,48121.7,47484.8
12/27/2021,49151.8,51012.7,50703.8,48743.7
12/26/2021,51003.8,49701.7,51129.7,50459
12/25/2021,49819.5,50836.9,50663.2,49631.7
12/24/2021,50890.6,51038.4,51131.9,50633.8
12/23/2021,51052,48371.2,51521.4,50657.1
12/22/2021,48475.2,49227,48723.4,48089.3
12/21/2021,49302.3,48577,49540.3,48617.7
12/20/2021,48589.7,46990.8,48797.6,46654
12/19/2021,47133.6,47322.3,48068.4,46438.4
12/18/2021,48000.5,46418.4,48068.4,46438.4
12/17/2021,46421.2,47925.9,46493.4,45513.4
12/16/2021,47915.7,48756.4,47997.2,47500.5
12/15/2021,48788.9,48243.2,49256.4,48603.9
12/14/2021,48249.7,47007,48670,47868.7
12/13/2021,46988.2,49041.3,47210.1,46338.3
12/12/2021,49007.3,48864,50196.1,48483.9
12/11/2021,48922.7,48546.4,49652.7,48917.4
12/10/2021,48434.8,48205.8,48669.8,46834
12/9/2021,48234.5,49819.8,48751.2,47473.8
12/8/2021,49730.4,50230.2,50790.2,49501.1
12/7/2021,50189.3,50916.3,50799.1,50090.9
12/6/2021,50907.7,49004.9,51351.1,50378.7
12/5/2021,49059,48957.6,49457.2,48317.2
12/4/2021,48367.5,55320.6,53847.2,42587.8
12/3/2021,51422.3,56598.7,53847.2,51422.3
12/2/2021,56546.4,56509.6,56752.2,56116.3
12/1/2021,56496.9,57081.6,57377.5,55807.9
11/30/2021,57078.1,57209.6,57671.5,56715
11/29/2021,57219.4,57263.2,57961.1,56819.6
11/28/2021,57371.9,54045,58228.5,57157.7
11/27/2021,53998,54496.1,54804.3,53735.5
11/26/2021,54553.2,57900.3,54622.7,53654.3
11/25/2021,57815.7,57746.4,59151.1,57696.6
11/24/2021,57272.3,56402.5,58262.9,57127.1
11/23/2021,56578.8,56932.2,57697.4,56171.3
11/22/2021,56902.1,57399.8,57243.9,56024.2
11/21/2021,57290,58679,58719.7,57203.6
11/20/2021,58654.6,58543.1,59771.9,58598.5
11/19/2021,58425.7,55903.4,58982.4,57963
11/18/2021,56147.5,59862.2,57502.4,55626.3
11/17/2021,59941.3,59037.2,60936.9,59661.5
11/16/2021,58999.1,61258.5,60398.7,58584
11/15/2021,61418.5,65776.6,63605.6,60375.5
11/14/2021,65736.6,64743.7,66160.7,65514.9
11/13/2021,64749.6,63701,65289.1,64397.2
11/12/2021,63800.9,64921.3,64417,63584.4
11/11/2021,65005.4,64642,65449.7,64158.4
11/10/2021,64556.4,66644.3,65042.2,64121.9
11/9/2021,66627.7,68277.9,67357.6,66263.9
11/8/2021,68205.4,65181.3,68493.3,67169.7
11/7/2021,65164.5,62194.2,65575.3,63276.4
11/6/2021,62091.7,61132.9,62307.7,61347.2
11/5/2021,61078.6,62242.1,61289.5,60828.8
11/4/2021,62139.5,62439.2,62326.3,60856.7
11/3/2021,62464,63211.6,63077.6,62293.8
11/2/2021,63041.7,61091.8,63508.6,62810.7
11/1/2021,61098.7,59952.3,61523.4,60651.5
10/31/2021,60086.2,61699.2,61733.9,60019.3
10/30/2021,61648.6,61667.6,62393.7,61617.3
10/29/2021,61707.2,61661.1,62338.5,61646.6
10/28/2021,61558.1,58791.6,62009.1,60322.2
10/27/2021,58791.1,60536.2,58946.1,58128.1
10/26/2021,60708.6,62738.2,60830.4,60159.3
10/25/2021,62688.4,61955.9,63275.1,62647.9
10/24/2021,62094.3,61197.5,62214.4,60655.8
10/23/2021,61253.3,61133.6,61469.9,60829.3
10/22/2021,61162.7,62840.3,61243.3,60434.1
10/21/2021,63145,65070.5,63305.5,62152.8
10/20/2021,64998.5,63847.2,66004.7,64125.9
10/19/2021,63918.7,62603.8,64343.4,63750.8
10/18/2021,62643.6,62126.1,62954,61692.9
10/17/2021,62055.5,61133.8,62563.5,61415.4
10/16/2021,61159,61624,61333.9,60511.2
10/15/2021,61426.5,59435.5,61736.8,61123.2
10/14/2021,59323.5,58071.6,59417.7,56874.8
10/13/2021,58168.4,56279.9,58506.5,57149.8
10/12/2021,56297.4,56673.3,56537.3,55845.3
10/11/2021,56704.4,56505.4,57480.6,56438.3
10/10/2021,56534.9,55076.9,56681.6,54457.8
10/9/2021,54868.6,54583.6,55169.9,54100.8
10/8/2021,54637.5,53802.5,54681.9,53711.7
10/7/2021,53810.6,54818.2,54418.1,53716.1
10/6/2021,54966.6,51537.3,55325.2,54162.7
10/5/2021,51540.8,49302.5,51604.6,50993
10/4/2021,49210.2,47486.7,49760.2,49060.1
10/3/2021,47498.3,47882.1,48285,47398.7
10/2/2021,47662.7,47533.6,47800.5,47123
10/1/2021,47548,43621.5,48226.6,47509.1
9/30/2021,43467.3,43627.3,44011.5,43292.9
9/29/2021,43446.4,42162.2,43495.4,41416.7
9/28/2021,42092.6,42553.8,42108.5,40815
9/27/2021,43863.5,41960.3,44293.2,42949.7
9/26/2021,43889.5,42199.8,44293.2,42949.7
9/25/2021,42234.2,42634.9,42737.6,41943.9
9/24/2021,42654.1,44289,42944,42073.8
9/23/2021,44365.4,44070,44977.5,44336.6
9/22/2021,43959.2,42051.4,44162.9,43090.1
9/21/2021,42206.2,42684.5,42393.4,40585.7
9/20/2021,42686.2,45584.9,43035.6,40401.5
9/19/2021,45526.3,47840.2,47323.9,45310.7
9/18/2021,47940.9,47926.1,48341.9,47650.8
9/17/2021,47526.6,48032.7,47572,47070.5
9/16/2021,47876.3,47625.4,48095.8,47466.5
9/15/2021,47545.5,47091.9,48181.9,47358.8
9/14/2021,47097.4,45193.2,47396,46953.7
9/13/2021,45281.7,44845,45353.8,44718.7
9/12/2021,44973.6,45319.6,46269.8,44830
9/11/2021,45308.7,45190.1,45338.8,44755.2
9/10/2021,45023.2,46721.5,45476.1,44766.6
9/9/2021,46604.7,45973.9,47021.6,46287.7
9/8/2021,45904.5,46444.2,46341.9,45609
9/7/2021,46533.2,52649.9,47316.9,46329.3
9/6/2021,52639.6,51601.2,52885.3,52388.6
9/5/2021,50129.3,50099.3,50285.9,49492.4
9/4/2021,49716.3,50280.5,50285.9,49705.6
9/3/2021,50267.4,49485.2,50346.3,49603.1
9/2/2021,49446.8,49567,49497.3,48377.3
9/1/2021,49571.7,47050.5,49870.3,48612.9
8/31/2021,46918.2,47151.5,47289.5,46533.1
8/30/2021,47177,47964.3,47204.9,46709.3
8/29/2021,47944.6,48231.9,48886,47822.7
8/28/2021,48258.5,48862.5,49621.7,48101.9
8/27/2021,48880.7,46822.3,49289.4,48846.4
8/26/2021,46867.7,47263.6,49347.8,46584
8/25/2021,47967.1,47993.2,49347.8,47898.8
8/24/2021,48000.6,49341.6,48277.5,47669.8
8/23/2021,49352.5,50263.4,49685.2,48812.4
8/22/2021,50226.5,48807.3,50329.4,49099
8/21/2021,48736.4,48834.5,49164.1,48623.7
8/20/2021,48901.9,47056.5,49334,48744.8
8/19/2021,47048,44073.6,47377.9,46646.8
8/18/2021,44177.2,45048.2,45184.6,44086.7
8/17/2021,44959,46393.3,45133.9,44230
8/16/2021,46399.9,47375.4,46589.1,45323.2
8/15/2021,47497.9,46870.1,48002.4,46814.1
8/14/2021,47015.6,47546,47344.1,46928
8/13/2021,47500.4,44950.2,47826.5,47408.6
8/12/2021,44962.2,45916.8,45012.1,44242.4
8/11/2021,46123.5,45585.1,46213.8,45432.5
8/10/2021,45600.4,45714.8,45983,45367.9
8/9/2021,45689.8,43504.9,46663.4,45659.4
8/8/2021,43552.4,44327.7,43958.6,42824.1
8/7/2021,44307.8,43712.7,44749.5,43842.5
8/6/2021,43672.9,40223.3,43707.4,42611
8/5/2021,40166.6,39433.6,40979,39967.4
8/4/2021,39431.3,37972.1,39834.2,39202.6
8/3/2021,38054.8,38653.8,38555.5,37904.4
8/2/2021,38569.7,39789.5,39766.6,38543.5
8/1/2021,39782.5,42446.5,40078.5,39306.9
7/31/2021,42281.8,41818,42361.8,41123.8
7/30/2021,41914.8,39981.7,42285.3,41645.5
7/29/2021,39976.3,39657.8,40245.6,39769.8
7/28/2021,39740.4,39845,40205.2,39340.8
7/27/2021,39831.3,36552,40296.4,38946.6
7/26/2021,36914.2,38072.6,37514.9,36427.4
7/25/2021,38138,33824.8,39639.9,35236.7
7/24/2021,34234.5,33670.3,34302.5,33956.8
7/23/2021,33611.3,32591.5,33776.7,33412.9
7/22/2021,32537.4,31941.1,32746.2,32215
7/21/2021,31960.1,29841.3,32352.3,31803.1
7/20/2021,29849.9,29609.5,29901.8,29519.3
7/19/2021,29619.3,31553.7,31040.8,29574
7/18/2021,31577.7,32151.5,31838.7,31462.8
7/17/2021,32132.1,31310.2,32408.2,31490.2
7/16/2021,31326.6,31899.8,31616.8,31207.8
7/15/2021,31906.4,32760.4,32016.9,31581.1
7/14/2021,32711.8,32543.1,33157,32657.7
7/13/2021,31785,33075.9,32778.8,31695.8
7/12/2021,33139.4,34267.6,33220.4,32839.5
7/11/2021,34504.4,33535.6,34507.9,34077.1
7/10/2021,33461.4,33725,33794.9,33434.4
7/9/2021,33827.8,32747,34221,33678
7/8/2021,32956.6,33372.9,32993.5,32367
7/7/2021,33359.6,34444.3,33923.2,33095.9
7/6/2021,34428.1,33923.3,34495.7,33966.6
7/5/2021,33883.2,34371.6,34157.4,33669.5
7/4/2021,34334.7,34742.8,35300.5,34309.2
7/3/2021,34771.6,33299,34909.8,33363.3
7/2/2021,33396,32909.5,33895.1,33363.3
7/1/2021,32895.6,34155.1,33925.9,32778.7
6/30/2021,34202.6,35071.7,35030.7,34174.5
6/29/2021,35254.7,34584.1,36089.5,35148.9
6/28/2021,34555.3,34396.1,35125.8,34247.6
6/27/2021,34458.7,33152.6,34884,34319.5
6/26/2021,33189.6,32000,33192.3,32041.7
6/25/2021,32063.6,35103.5,32214.2,31360.1
6/24/2021,35098.7,32612.9,35490.9,34304.2
6/23/2021,32466.3,33989.2,33798.6,32376.2
6/22/2021,33811.7,33028.2,34236.2,31736.5
6/21/2021,33025.6,34691,33181.2,31216
6/20/2021,34681,35531.9,35708.4,34676.1
6/19/2021,35636.2,35084.1,35788.1,35176.2
6/18/2021,34963.5,37925.6,36283.5,34845.5
6/17/2021,37940.2,38862.5,38166,37231.8
6/16/2021,38834.5,40031.8,38963.7,38231.4
6/15/2021,40023.9,40403.5,40167.5,39645.3
6/14/2021,40479.3,38995.2,40838.1,39920
6/13/2021,38826.4,34881.8,39784.6,38769.9
6/12/2021,34950.8,35585.4,35903.9,34876.1
6/11/2021,35339.5,36758.6,37437.3,35335.8
6/10/2021,36665.9,36955.5,37177.3,36003.3
6/9/2021,37012.9,32881,37595.3,36759.8
6/8/2021,32952.3,32819.6,33502.8,32428.6
6/7/2021,32869,36384,34047.8,32447
6/6/2021,36404.7,36002.2,36754.6,35576.3
6/5/2021,35968.9,37400.3,36225.5,35421.5
6/4/2021,37419.3,37928.2,37811.3,36666.8
6/3/2021,37877.1,37636,39255.4,37442.6
6/2/2021,37581.7,36479.5,37812.7,37193.6
6/1/2021,36395.6,36699.5,36856.2,35981.1
5/31/2021,36617.3,34503.3,37850.3,36539.1
5/30/2021,34408.7,34780.3,35931.9,34330.2
5/29/2021,34670.7,36465.5,34773.6,33441
5/28/2021,36324.7,38279,36717.8,35651.4
5/27/2021,37973.8,37616.5,38844.1,37790.4
5/26/2021,37470,39562.9,39249,37190.8
5/25/2021,39444.5,38360.3,39497.3,37847
5/24/2021,38288.4,35268.6,39740.8,37875.1
5/23/2021,35298.3,37460.4,35863.1,34715.3
5/22/2021,37436.4,36979.4,38248.7,36822.9
5/21/2021,36906.3,40710.8,38056.8,36606.7
5/20/2021,40779.5,38170.6,42108.3,40521.5
5/19/2021,38220.1,40491.1,38573.3,35010.4
5/18/2021,40569,45042.4,43516.6,40164.2
5/17/2021,44847.2,44482,45231.4,43186.8
5/16/2021,43493.4,48167.2,46545.4,43072.5
5/15/2021,47875.9,50046.3,48323.8,46574.6
5/14/2021,49762.8,49176.2,50640.9,49303.7
5/13/2021,49391.5,50260.7,50387.3,49258
5/12/2021,49715.2,57762.7,50843,46331.1
5/11/2021,57752.6,55164.2,57753,56597.1
5/10/2021,55126.4,59400.6,56384.2,54550.4
5/9/2021,59352.4,58585.3,59426.6,58066
5/8/2021,58976.3,58110.5,59227,58391.4
5/7/2021,58058.1,55732,58412.9,56972.2
5/6/2021,55920,56835.9,57080.7,55533.7
5/5/2021,56860.9,55024.5,57560.8,56623.5
5/4/2021,55085.6,55745.7,55088.1,53872.5
5/3/2021,55470.2,57953.7,57201.3,54735.3
5/2/2021,57961.5,56532.2,58261.4,56562.4
5/1/2021,56591,58189.8,57868.4,56556.1
4/30/2021,58188.8,53706,58449.4,57528.9
4/29/2021,53667,54270.4,53802.7,53088.7
4/28/2021,54165.8,54818.7,55173.7,54164.4
4/27/2021,55019.8,53505.3,55718.8,54871.9
4/26/2021,53527.9,52388.1,54120.6,53431.1
4/25/2021,52265.6,49690.8,52420.9,48815.9
4/24/2021,49705.9,50128.7,50438.8,49658.6
4/23/2021,50207,50294.7,51183,49380.6
4/22/2021,50197.1,53456.3,52099.9,48788.3
4/21/2021,53351.4,55256.9,54606.2,52585.9
4/20/2021,55500.5,54709,56764.4,55447.9
4/19/2021,54759.9,57060.2,55776.8,54404.6
4/18/2021,57230.4,55371.5,57275.2,55767
4/17/2021,53728.9,62404.8,60362.1,51817.6
4/16/2021,62376.3,62936.8,62509.1,61155.6
4/15/2021,63063.3,63055.8,63518.5,62738.3
4/14/2021,63001.1,63715.3,63347.3,62361.7
4/13/2021,63809,60496.3,63818.7,63080.7
4/12/2021,60535.5,60350.4,61068.3,59839.4
4/11/2021,60211.2,60267.1,60311.3,59598.2
4/10/2021,60319.8,59206.4,60667.1,59640.8
4/9/2021,59119.4,58010.7,59149.9,57900
4/8/2021,58081.2,56565.9,58391.3,57832.9
4/7/2021,56580.9,57900.4,56674.6,55721.6
4/6/2021,57907.1,58611.7,58192.7,57286.9
4/5/2021,58800.4,57452.1,59487,58662
4/4/2021,57555.1,57541.4,58355,57497.6
4/3/2021,57325.1,59216.6,57448.9,56470.6
4/2/2021,59205.3,59676.4,59414,58948.5
4/1/2021,59733.7,59083.4,60134.9,58496.3
3/31/2021,58995.8,58673.7,59309.8,58738.9
3/30/2021,58534.6,57320,59030.2,58429.8
3/29/2021,57141,55344.1,57752.7,57128.3
3/28/2021,55393.9,55791.9,55899.4,55002.9
3/27/2021,56133.6,54786.9,56174.8,55645.5
3/26/2021,54751.7,51667.2,55532.1,54551.8
3/25/2021,52428.5,52189.3,52669.2,51306.1
3/24/2021,52136.7,54447.1,52763,51561.3
3/23/2021,54444.7,54517.9,54716.8,53579.1
3/22/2021,54577,57558.1,55287.5,53842.1
3/21/2021,57316.4,57809.8,57443.4,56357.5
3/20/2021,57754.5,58419.7,58583.8,57471.4
3/19/2021,58296.2,57773,58877.5,57863
3/18/2021,57859.3,58724.5,57876.5,56305.1
3/17/2021,58727.6,55489.5,59489.4,58621.9
3/16/2021,55835.2,54277.3,57121,55683.4
3/15/2021,54269.4,60347.5,56024.1,53342.6
3/14/2021,60375.5,61350.2,60459.9,58859
3/13/2021,61218.9,56865.6,61673.7,60755.8
3/12/2021,56485.1,56702.6,57271.8,56118.8
3/11/2021,56710.6,55812.7,58052.3,56545.9
3/10/2021,55667.1,53694.3,56461,55168.1
3/9/2021,53565.5,53714.1,55772.3,53187.5
3/8/2021,53878.4,50450.8,54077.9,51941.3
3/7/2021,50411.2,49485.6,51801.1,50141.4
3/6/2021,49501.2,48467.1,49881.4,48890.6
3/5/2021,48447.7,46677.4,49132.7,48166.4
3/4/2021,47132,49029.8,48363.6,46370.1
3/3/2021,49278.1,49126.2,51757.7,49111.5
3/2/2021,49207.5,49161.1,49309.1,48159.2
3/1/2021,49053,46464.4,50191.9,48662.2
2/28/2021,46566.6,44403.5,46809.5,45008.8
2/27/2021,44741,47686.9,46582,44346.9
2/26/2021,47762.9,47011.8,48018.5,46205.2
2/25/2021,47020,49651.9,47749.1,46051.2
2/24/2021,49822.7,50783,50857.8,49597.9
2/23/2021,50884.3,50636.7,51299.1,47031.7
2/22/2021,50379,55807.3,54115,50161.2
2/21/2021,55531.8,56715.9,57480.5,55128.5
2/20/2021,56537.3,55829.6,56895.2,55502.7
2/19/2021,55941.9,51162.8,56552.6,55415.1
2/18/2021,51137.3,52170.7,51925.3,50816.8
2/17/2021,52070.7,49360.2,52524,51731.3
2/16/2021,49273.4,49349.4,50209.6,49018.1
2/15/2021,49224.3,46875.7,49951,47044.4
2/14/2021,46784.5,47558.1,48936.5,45786.1
2/13/2021,47564.1,47840,47698.3,47051.9
2/12/2021,47856.3,47309.6,48097.3,47271
2/11/2021,47123.7,44648.8,48927.4,46950.9
2/10/2021,44618.5,46022.3,44993.5,44041
2/9/2021,46010.7,46841.3,46865.5,45652.1
2/8/2021,46400.5,38596.3,47405.3,45603.3
2/7/2021,38611.7,38328.5,39123.6,38057
2/6/2021,37990.1,39208.2,39611.9,37987.2
2/5/2021,39259.4,37284.7,39653.1,38275.3
2/4/2021,37299.4,37696.7,37488.4,36640
2/3/2021,37634.5,36618.4,38298.5,37375.9
2/2/2021,36609.2,33904.7,36843.5,35401.5
2/1/2021,33869.6,33554.3,34150.4,33462.4
1/31/2021,33580.3,34031.8,33937.7,32324.9
1/30/2021,33930.3,33512,34348.3,33687.3
1/29/2021,33424.5,33762.7,34920.9,32908.5
1/28/2021,33093.1,31342,34325.8,32839.8
1/27/2021,31258.1,31887.7,31602,29911.9
1/26/2021,31721.7,32027.9,32545.4,31556.2
1/25/2021,32007.5,33397.7,32820.1,31493.3
1/24/2021,33348.7,32838.3,33739.5,32205.1
1/23/2021,32659.8,32598.5,32702.9,31692.5
1/22/2021,32635.2,30933.8,32994.1,32088.2
1/21/2021,30812.8,34249.9,31380,28871.2
1/20/2021,34462.6,35261.1,35591.1,34256.8
1/19/2021,35386.8,36332.8,36384.4,34857
1/18/2021,36406.6,35132.9,37270.5,36360.3
1/17/2021,34976.6,35857.6,36195.2,34890.7
1/16/2021,35955.7,36582.2,36723.7,35592.7
1/15/2021,36549.4,38459.4,37608.6,36022.9
1/14/2021,38569.2,37485.3,39715,38354.6
1/13/2021,37370.9,33179.3,38133.2,36772.1
1/12/2021,33168.2,35278.4,34297,32451.9
1/11/2021,34771.4,35567.4,35490,33729.6
1/10/2021,35633.7,40378.2,38217.2,33688.8
1/9/2021,40390.8,40236.9,41362.4,40149.7
1/8/2021,40378.7,38721.8,40950.2,39556.7
1/7/2021,38713.3,37492.9,39701.2,36613.4
1/6/2021,37490,35320.3,37714.8,36494.1
1/5/2021,35228.7,30918.3,35739.4,33408.3
1/4/2021,31381.1,33288.9,32846.9,30460.5
1/3/2021,33328.7,33238.9,33587.5,32453.1
1/2/2021,32861.6,29382.6,32884.7,32029.6
1/1/2021,29400.6,29245,29496.7,29008
12/31/2020,29238.8,29024.8,29482.3,28724.3
12/30/2020,28940.6,27903.6,29298.8,28334.2
12/29/2020,27838.5,26443.7,28192.6,27377
12/28/2020,26381.2,26847.4,27089.4,26205.1
12/27/2020,26946.1,26715.1,27331.6,26144.3
12/26/2020,26710.9,24811.2,26937.5,26438.4
12/25/2020,24911.2,23603.6,25011,24515.1
12/24/2020,23577.7,23023.4,23814.1,23445.3
12/23/2020,22977.4,23470,23253.2,22737.3
12/22/2020,23516.6,22948.2,24028.9,23500.7
12/21/2020,22954.2,23912.5,23060.8,22481
12/20/2020,23901.2,23410,24101.9,23321.1
12/19/2020,23300.3,23047.1,23843.6,23098.9
12/18/2020,23083.2,22867.7,23229.1,22923.1
12/17/2020,22947.3,21786.2,23241.3,22493.9
12/16/2020,21837.6,19335,22148.4,21243.1
12/15/2020,19381.2,19484.8,19491.7,19299.7
12/14/2020,19309.3,19265.1,19556.3,19250.3
12/13/2020,19083,18790.9,19326.2,19007
12/12/2020,18867.2,18277.1,18883.6,18716.8
12/11/2020,18384,17962.6,18390.1,18025.1
12/10/2020,17984,18400.6,18288.3,17733.8
12/9/2020,18455.5,18153.8,18551.8,18339.6
12/8/2020,18217.9,19182.5,18371.5,18053
12/7/2020,19178.5,19290,19236,19141.1
12/6/2020,19288.8,19191.3,19424.6,19166.9
12/5/2020,19203.7,18816.8,19340.1,19141
12/4/2020,18884.1,19170.8,18921.3,18507.1
12/3/2020,19288.2,19040.9,19529.5,19140.2
12/2/2020,19065.4,18519.1,19295,18954.6
12/1/2020,18507.3,19380.4,18954.5,18346.7
11/30/2020,19466.8,18535,19717.6,19366.8
11/29/2020,18511.3,17771.7,18616.7,18186
11/28/2020,17791.7,16969.4,17864,17530.4
11/27/2020,16938.7,17070.3,17191.5,16915.9
11/26/2020,17071.3,17757.1,17450.3,17037.8
11/25/2020,17777.1,18690.9,18894.9,17279.7
11/24/2020,18779.6,18448.2,19216.6,18769.4
11/23/2020,18423.7,18461.3,18527.7,18230
11/22/2020,18453.4,18593.9,18516.7,18016
11/21/2020,18582.4,18583.1,18751.5,18367.6
11/20/2020,18614.6,18195,18966,18467.5
11/19/2020,18180,17847.3,18225.4,17758.4
11/18/2020,17843.5,18377.9,18054.8,17594.6
11/17/2020,18376.8,16672.6,18393.2,17613.2
11/16/2020,16648.2,16032.5,16825.9,16562
11/15/2020,16004.3,15937.4,16042.1,15870.7
11/14/2020,15924.2,16149.6,16102.3,15879.5
11/13/2020,16116.8,16405.1,16328.2,16111.2
11/12/2020,16395.1,15666.2,16474.1,16270.7
11/11/2020,15659.1,15372.5,15712.1,15483.5
11/10/2020,15385.2,15385.1,15497.5,15281
11/9/2020,15396.9,15385.7,15431.2,15192.7
11/8/2020,15395.6,14967.7,15598.4,15364.2
11/7/2020,15030.2,15556.5,15106.5,14720.7
11/6/2020,15498.7,15463.3,15754.4,15471.1
11/5/2020,15548.2,14293.3,15955.2,15433
11/4/2020,14292.5,13908.9,14358.6,14099.7
11/3/2020,13897.3,13419.7,14034.5,13704.8
11/2/2020,13419,13698.9,13640.2,13321.2
11/1/2020,13666.5,13677.2,13828.4,13655
10/31/2020,13659,13491.7,13889.5,13659
10/30/2020,13471.3,13434,13731.5,13441.7
10/29/2020,13452.7,13280.8,13655.7,13363.1
10/28/2020,13266.6,13785,13308.6,13180.8
10/27/2020,13799.5,13082.2,13851.7,13637.3
10/26/2020,13090,13100.9,13125.2,13050.3
10/25/2020,13101.3,13298.6,13129.3,12982.5
10/24/2020,13303.9,12972,13343.9,13077.8
10/23/2020,12982.1,12966.3,13013.7,12876.4
10/22/2020,12958.2,12726,13005.1,12842.7
10/21/2020,12770.2,12187.8,12928.1,12718.1
10/20/2020,12195.9,11743.2,12232.6,11894.6
10/19/2020,11756.5,11421.2,11760.8,11685.7
10/18/2020,11430.9,11370.6,11529.8,11427.2
10/17/2020,11372.3,11365.6,11399.5,11349.8
10/16/2020,11355.2,11508.9,11358,11274.4
10/15/2020,11499,11377.5,11542.2,11474.9
10/14/2020,11376.5,11392.8,11426.4,11361.7
10/13/2020,11442.7,11457.4,11485.6,11413.8
10/12/2020,11469.1,11386.4,11540.4,11436.9
10/11/2020,11395.5,11333,11408.8,11348.5
10/10/2020,11327.2,11410.8,11394.5,11277.6
10/9/2020,11419.8,10889.9,11475,11053.5
10/8/2020,10896.3,10642.5,10939.1,10868.4
10/7/2020,10645.4,10577.1,10672.1,10619.9
10/6/2020,10588.9,10766.7,10604.3,10553.3
10/5/2020,10778.5,10667.2,10800.3,10743.2
10/4/2020,10684.2,10547.2,10729.9,10659.4
10/3/2020,10545.4,10556.6,10560.3,10520.8
10/2/2020,10552.7,10646.8,10576.8,10523.4
10/1/2020,10613.6,10798.4,10627.6,10585.9
9/30/2020,10801.9,10747.7,10855.5,10776.6
9/29/2020,10768.5,10688.6,10847.7,10757.2
9/28/2020,10697.8,10908.7,10728.5,10667.8
9/27/2020,10895.8,10779.4,10946.6,10776.4
9/26/2020,10778.7,10710.3,10799.2,10722.4
9/25/2020,10706.4,10710.7,10745.6,10650.2
9/24/2020,10685.4,10299.5,10753.5,10685.4
9/23/2020,10300.2,10515.5,10336.1,10201
9/22/2020,10485.9,10445.5,10535,10485.4
9/21/2020,10450.9,10963.6,10488.6,10374.4
9/20/2020,10957.9,10950.7,10977,10895.7
9/19/2020,10950.5,10977.6,11081.6,10908.5
9/18/2020,10960,10927.1,10977.8,10933.1
9/17/2020,10938.2,10873.6,10956.3,10890.8
9/16/2020,10887.4,10780.9,11039.3,10885.8
9/15/2020,10762.2,10752,10790.1,10669.2
9/14/2020,10739.2,10352.1,10832.3,10652.9
9/13/2020,10353,10551.7,10369.3,10264.5
9/12/2020,10546.3,10344.1,10556.3,10411.2
9/11/2020,10351.7,10218.4,10393.5,10326
9/10/2020,10222.9,10377.4,10377.5,10212.6
9/9/2020,10365.6,10028.2,10408.9,10219.2
9/8/2020,10000.4,10305.4,10149,9984.6
9/7/2020,10305.7,10205.3,10434.4,10305.5
9/6/2020,10195.3,10169.2,10296.4,10193.9
9/5/2020,10169.7,10411.5,10239.9,10067.4
9/4/2020,10432.4,10249,10558.7,10392.3
9/3/2020,10249.6,11375.5,10329.9,10098.1
9/2/2020,11375.1,11830.2,11437.4,11359
9/1/2020,11844.4,11682.8,11947.5,11821.6
8/31/2020,11674.8,11669.1,11692,11544.6
8/30/2020,11668.4,11603,11712.2,11659.3
8/29/2020,11600.8,11502,11623.6,11462.6
8/28/2020,11496.2,11379.3,11539.8,11468.2
8/27/2020,11368,11390.2,11396.1,11281.9
8/26/2020,11401.6,11365.2,11479.7,11367.4
8/25/2020,11350.2,11673.4,11401,11256.8
8/24/2020,11690.4,11675.2,11766.9,11661.1
8/23/2020,11666.8,11596.5,11681.1,11587.1
8/22/2020,11591.8,11476.6,11680.5,11583.3
8/21/2020,11468.1,11867.5,11536.9,11382.1
8/20/2020,11847.5,11697,11877.4,11783.6
8/19/2020,11718,11834.5,11822.2,11703.4
8/18/2020,11855.9,12298.3,12013.2,11844.8
8/17/2020,12283,11838,12381.4,12273.5
8/16/2020,11857.3,11917.5,11919.7,11764
8/15/2020,11904.6,11876,11909.7,11782.7
8/14/2020,11865.4,11720.7,11962.9,11750.7
8/13/2020,11735.7,11573.4,11820.3,11668.5
8/12/2020,11575.9,11370.5,11652.1,11536.3
8/11/2020,11354.3,11831.1,11408.8,11233.3
8/10/2020,11823.1,11998.9,11931.8,11819
8/9/2020,12008.2,11735.5,12041.1,11681.1
8/8/2020,11743.6,11550.1,11792.8,11669.7
8/7/2020,11549.1,11827.6,11650.4,11537.6
8/6/2020,11850.5,11651.1,11901.8,11740
8/5/2020,11653.3,11233.6,11790.2,11606.3
8/4/2020,11221.5,11259.8,11228.3,11114.5
8/3/2020,11254.1,11132.5,11407.8,11222.2
8/2/2020,11157.1,11968.2,11202.7,10981.6
8/1/2020,11941.5,11360.7,11943.4,11754.8
7/31/2020,11387.8,10972.3,11394.3,11226.1
7/30/2020,10980.8,10987.6,11124.4,10964.6
7/29/2020,10999,10970.9,11114.4,10959.9
7/28/2020,10956.7,10964.8,10989.8,10771.8
7/27/2020,10935.6,10196,11229.1,10854.2
7/26/2020,10192,9666.2,10211.2,9894.6
7/25/2020,9666.3,9582.9,9690.7,9645.9
7/24/2020,9589,9559.9,9612.7,9536.2
7/23/2020,9560,9489.5,9599.8,9545
7/22/2020,9488.8,9360.7,9522.9,9470.7
7/21/2020,9361.9,9179.7,9389,9353.7
7/20/2020,9178.4,9190.7,9194.6,9155.1
7/19/2020,9188.5,9156.1,9218.4,9177
7/18/2020,9157,9138.1,9179.7,9144.6
7/17/2020,9139.4,9119.5,9167,9128.1
7/16/2020,9110.1,9202.3,9141.4,9107.6
7/15/2020,9200.1,9234.7,9224.2,9183
7/14/2020,9242.1,9219.9,9270.2,9240.2
7/13/2020,9224.1,9272.7,9245.6,9219
7/12/2020,9274.2,9271.1,9319.9,9270.1
7/11/2020,9276.5,9268,9286,9232
7/10/2020,9263.8,9224.9,9295.5,9261.6
7/9/2020,9215.5,9385.3,9239.6,9206.5
7/8/2020,9382.5,9309.3,9434.5,9361.3
7/7/2020,9300.5,9293,9319.9,9233.1
7/6/2020,9299.5,9090.1,9371.2,9266.3
7/5/2020,9088.7,9133.8,9114.1,9063.2
7/4/2020,9134.9,9084.2,9149.6,9114
7/3/2020,9086.1,9097.4,9100,9053
7/2/2020,9202,9150.6,9259.7,9179.5
7/1/2020,9233.4,9134.9,9259.7,9225.2
6/30/2020,9124.2,9166.4,9148,9101.1
6/29/2020,9171.7,9101.3,9199.8,9158.7
6/28/2020,9104.5,8971,9148.6,9097.1
6/27/2020,8970.6,9161.7,9008.2,8950.2
6/26/2020,9163.1,9245.1,9179.8,9113.9
6/25/2020,9249.4,9098.7,9296.5,9194.3
6/24/2020,9074.7,9649.9,9306,9022.6
6/23/2020,9645.9,9655.5,9663.7,9614.8
6/22/2020,9651.7,9383.5,9715.6,9609.3
6/21/2020,9378.5,9371.1,9395.2,9285.8
6/20/2020,9362,9332,9397.7,9349.1
6/19/2020,9331.8,9280.8,9350.1,9294.2
6/18/2020,9267.9,9428.9,9390.3,9249.6
6/17/2020,9436.3,9461.9,9468.8,9403.4
6/16/2020,9461.8,9558,9532.3,9423.8
6/15/2020,9549.2,9166.7,9570.7,9379.3
6/14/2020,9438.5,9419.3,9474.7,9387.5
6/13/2020,9431.5,9411.4,9474.7,9428.7
6/12/2020,9421.4,9365.1,9475.8,9415.5
6/11/2020,9381.5,9887.3,9391.3,9249.4
6/10/2020,9878.7,9753.7,9945.2,9871
6/9/2020,9754.2,9679.4,9805.8,9745
6/8/2020,9682.9,9724.4,9857.2,9616.6
6/7/2020,9718.6,9689,9770.5,9708.5
6/6/2020,9697.6,9631.3,9701.9,9637.3
6/5/2020,9616.2,9794.5,9629.3,9549.5
6/4/2020,9555,9527.4,9686.1,9537.6
6/3/2020,9681.7,9494.1,9686.1,9617.6
6/2/2020,9496,10093.9,9538.1,9483.4
6/1/2020,10080.8,9552.8,10207.3,10050.4
5/31/2020,9554.4,9533.1,9695.6,9529.8
5/30/2020,9587.2,9394.5,9695.6,9567.5
5/29/2020,9380.9,9519.9,9428.5,9352.7
5/28/2020,9525.3,9173.1,9596.5,9468.1
5/27/2020,9170.4,8831.8,9268.8,9168.8
5/26/2020,8850.5,8901.8,8891,8818.6
5/25/2020,8918.6,8786.4,8922.9,8836.6
5/24/2020,8773.7,9195.4,8817.9,8666.1
5/23/2020,9201,9284.2,9229.5,9129.7
5/22/2020,9275.5,8995.1,9303.2,9169.7
5/21/2020,8998.3,9479.3,9129.2,8983.7
5/20/2020,9477.8,9721.8,9567.1,9463.1
5/19/2020,9722.1,9537.9,9788.8,9708.4
5/18/2020,9524.6,9856.6,9737.8,9524.6
5/17/2020,9856.5,9543.2,9930.2,9678.9
5/16/2020,9559.1,9411.1,9570.4,9327.8
5/15/2020,9419.9,9483.6,9451.9,9233
5/14/2020,9497.4,9338.5,9819.6,9319.3
5/13/2020,9329.9,8908.7,9364.5,9265.8
5/12/2020,8913.3,8717,8964.7,8799.1
5/11/2020,8727.8,8697.6,8729.7,8542.8
5/10/2020,8659.3,9753,9569.4,8259.3
5/9/2020,8635.1,9868.2,9569.4,8259.3
5/8/2020,9873.7,9914.8,9910.5,9747.2
5/7/2020,9925.1,9271.8,10018.2,9845.8
5/6/2020,9263.6,8962.9,9338.2,9064.8
5/5/2020,8995.9,8855.8,9038.2,8923.6
5/4/2020,8870.5,8728.4,8920.7,8831.4
5/3/2020,8747.9,9131.1,8926.2,8665.7
5/2/2020,9137.7,8840.9,9169.9,8935
5/1/2020,8845.2,8672.4,8858.9,8775.4
4/30/2020,8673.9,9279.1,8758.1,8621
4/29/2020,9185.7,7809.1,9187.7,8717.3
4/28/2020,7801,7708.9,7822.6,7729.7
4/27/2020,7706.2,7725.3,7770.1,7674
4/26/2020,7723.7,7569.6,7768.4,7676.1
4/25/2020,7569.2,7512.2,7586.4,7527
4/24/2020,7510.2,7520.8,7516.9,7451
4/23/2020,7520.8,7113.7,7541.5,7474.3
4/22/2020,7129.2,6856.8,7169.6,7092.2
4/21/2020,6852,6858.2,6879.7,6821.8
4/20/2020,6854.9,7162.5,6907.7,6818.9
4/19/2020,7162.6,7209.5,7187.7,7086.1
4/18/2020,7209.4,7087.7,7238,7182.4
4/17/2020,7083.3,7084.6,7105.9,7031.5
4/16/2020,7076.6,6651.2,7118.5,7039.7
4/15/2020,6659.5,6907,6663.2,6520.5
4/14/2020,6902.3,6881.6,6903.2,6800.6
4/13/2020,6884.9,6678.7,6899.5,6807
4/12/2020,6684.4,6810.9,6920.1,6632.7
4/11/2020,6808.9,6900,6889.8,6805.7
4/10/2020,6901,7176.7,6915.5,6840.6
4/9/2020,7169.3,7288.6,7294.4,7166.6
4/8/2020,7281.3,7349.8,7360.7,7268.4
4/7/2020,7356.8,7323,7370.1,7153.1
4/6/2020,7304.8,6842,7440.3,7263.5
4/5/2020,6836.3,6798.4,6875.8,6770.1
4/4/2020,6804.7,6704.5,6889.4,6794.5
4/3/2020,6706.4,6785.7,6785.3,6682.6
4/2/2020,6799.3,6607.5,6830.2,6727.8
4/1/2020,6594.4,6370.5,6727,6567.9
3/31/2020,6346.7,6443.5,6425.5,6273.6
3/30/2020,6454.3,6007.6,6513.1,6385.6
3/29/2020,5998.8,6211,6022.8,5872.5
3/28/2020,6214.5,6257.4,6258.8,6185.3
3/27/2020,6122.4,6778.2,6374.3,6085.1
3/26/2020,6782,6687.3,6813.7,6727.8
3/25/2020,6726.3,6599.7,6772.9,6659.4
3/24/2020,6571.6,6588.4,6744.8,6542.3
3/23/2020,6547.6,5898.5,6643.2,6462.4
3/22/2020,5977.5,6273.3,5986.6,5710.8
3/21/2020,6349.6,6270.8,6359.5,6119
3/20/2020,6246.2,6083.7,6355.5,6080.8
3/19/2020,6095.4,5289.5,6261.9,6019.6
3/18/2020,5275,5343.4,5404.1,5256
3/17/2020,5342.1,5231.1,5362.5,5220.4
3/16/2020,5218.8,5276.5,5368.9,4946.5
3/15/2020,5267.4,5184.3,5369.3,5213.4
3/14/2020,5184.5,5572.2,5277.5,5120.6
3/13/2020,5584.1,5175.7,5634.9,5343.2
3/12/2020,5105.3,7666.1,5499,3869.5
3/11/2020,7653.3,7931.1,7963.1,7605.8
3/10/2020,7926.2,7906.4,7964.9,7872.8
3/9/2020,7911.4,8066.2,7966.1,7859.2
3/8/2020,8052.9,8749.2,8158.8,8007.4
3/7/2020,8738.9,9074.4,8888,8712.7
3/6/2020,9077.1,9048.7,9141.5,9064.5
3/5/2020,9050.1,8888.7,9079.4,9004.9
3/4/2020,8745.4,8799.2,8840.3,8702.7
3/3/2020,8813.5,8840.6,8830,8731.5
3/2/2020,8840.3,8640.2,8911.7,8798
3/1/2020,8634.3,8582.9,8648,8503.1
2/29/2020,8592.1,8745.8,8665.6,8532.6
2/28/2020,8747.9,8834.5,8766.9,8668.5
2/27/2020,8853.6,8711.6,8898.7,8789.8
2/26/2020,8705.3,9182.7,8804.3,8538.5
2/25/2020,9177.8,9587.9,9368.1,9125.6
2/24/2020,9592.1,9768.7,9672.3,9566.7
2/23/2020,9754.5,9844,9981,9663.3
2/22/2020,9839.7,9630.3,9896.9,9653.4
2/21/2020,9626.9,9692.5,9706.5,9625
2/20/2020,9688,9596.6,9729.7,9574.5
2/19/2020,9578.4,10111.7,9653.6,9525.4
2/18/2020,10113.9,9800.9,10177.9,10091.5
2/17/2020,9640.9,9918.3,9951.5,9589.9
2/16/2020,9748.9,10022.9,9951.5,9716.8
2/15/2020,10009.8,10261.4,10056.4,9861.8
2/14/2020,10275.1,10224,10369.8,10223.6
2/13/2020,10232.4,10396.4,10289.8,10183.1
2/12/2020,10391.1,10273.7,10425.9,10305.1
2/11/2020,10292.6,9748.8,10312.1,10230.1
2/10/2020,9733.4,10058.1,9860.4,9725.1
2/9/2020,10064,10090.6,10181.7,10039.8
2/8/2020,10092.9,9758.8,10115.4,9882.7
2/7/2020,9763.2,9794.9,9826,9673.2
2/6/2020,9807,9642.8,9849.3,9749.1
2/5/2020,9629.3,9237.3,9649.4,9536.1
2/4/2020,9236.7,9270.5,9237.3,9179.9
2/3/2020,9274.2,9390.4,9347.5,9262.8
2/2/2020,9393.5,9317.4,9582.8,9301.6
2/1/2020,9317.5,9401.5,9383.4,9183.1
1/31/2020,9411.6,9414.6,9458.8,9342.9
1/30/2020,9412.1,9326.6,9525,9405.6
1/29/2020,9330,9331.2,9355.1,9209.2
1/28/2020,9332.6,9053.7,9403.9,9283.5
1/27/2020,9078.2,8639.7,9126.4,8866.6
1/26/2020,8633.1,8368,8692.5,8608.1
1/25/2020,8363,8315.9,8377.2,8304.9
1/24/2020,8309.3,8308.5,8447.6,8277.2
1/23/2020,8305.9,8588.9,8415.5,8286.5
1/22/2020,8584.7,8738.1,8687.3,8576.8
1/21/2020,8730.7,8671.7,8751.7,8699.4
1/20/2020,8680.7,8650.4,8692.1,8621.2
1/19/2020,8662.4,9140.3,8733.3,8645.2
1/18/2020,9138.5,8845.9,9183.7,8893
1/17/2020,8860.9,8808.3,8982.3,8832.3
1/16/2020,8800.9,8652.1,8829.1,8675.9
1/15/2020,8659.6,8625.9,8850,8605.8
1/14/2020,8662.6,8525.2,8891.7,8632.3
1/13/2020,8547.2,8126.7,8562.1,8112.1
1/12/2020,8130.8,8074.1,8196.7,8099.4
1/11/2020,8075.1,8120.3,8110.4,7973.1
1/10/2020,8126,7817.1,8242.3,8107.9
1/9/2020,7813.9,7969.5,7871.4,7792.9
1/8/2020,7964.8,8353.5,8065.9,7932.8
1/7/2020,8332,7844.3,8436.4,8150.2
1/6/2020,7834.6,7539.3,7979.3,7758.9
1/5/2020,7547.3,7466.9,7583,7366.7
1/4/2020,7473.4,7340.8,7501,7376.7
1/3/2020,7340.5,7200.6,7354.5,7291.4
1/2/2020,7192,7145.5,7220.8,6884.1
1/1/2020,7144.6,7219,7209.6,7121.1
12/31/2019,7222,7253.4,7239.7,7180
12/30/2019,7257.9,7396.2,7284,7228.1
12/29/2019,7389,7349.6,7398,7329.9
12/28/2019,7350.2,7310.2,7356.8,7303
12/27/2019,7262.8,7354.5,7293.8,7128.5
12/26/2019,7210.2,7199.8,7247,7197.2
12/25/2019,7199.3,7256.6,7238,7197.4
12/24/2019,7259.6,7335,7542.4,7231.7
12/23/2019,7335.6,7561.2,7348.4,7290.7
12/22/2019,7569.3,7154.4,7624,7496.2
12/21/2019,7157,7160.8,7168.9,7143.1
12/20/2019,7161.9,7152.5,7197.6,7158.5
12/19/2019,7150.4,7158.5,7178.7,7107.7
12/18/2019,7156.5,6676.1,7354,7153.8
12/17/2019,6672.5,6903.8,6711.2,6597.6
12/16/2019,6903.3,7072.2,6922.9,6879.2
12/15/2019,7071.5,7071.8,7139.8,7057.8
12/14/2019,7075.2,7257.3,7089.9,7033.8
12/13/2019,7259.3,7235.1,7265.8,7235.7
12/12/2019,7242.9,7169.1,7251.9,7208.2
12/11/2019,7167.7,7230.6,7272.4,7124.6
12/10/2019,7236.4,7387.4,7277,7210.6
12/9/2019,7394.6,7506.8,7400.3,7333.9
12/8/2019,7512.3,7451.2,7553.5,7474.8
12/7/2019,7445.8,7563.5,7517,7416.7
12/6/2019,7567.2,7407,7595.7,7508.4
12/5/2019,7397.5,7213,7435.4,7347.4
12/4/2019,7221.4,7157.5,7340.7,7184
12/3/2019,7162.3,7303.4,7292.2,7129.9
12/2/2019,7299.3,7384.8,7389.4,7287.2
12/1/2019,7361,7340.8,7433.8,7333.9
11/30/2019,7341.6,7750.8,7546.5,7261
11/29/2019,7745.6,7471,7784,7729.9
11/28/2019,7480,7484.7,7507.9,7412.3
11/27/2019,7490.6,7099.4,7567.1,7479.1
11/26/2019,7111.6,7184.1,7183.8,7081.1
11/25/2019,7158,6743.3,7187.8,7083.1
11/24/2019,6763,7262,6955.3,6673.5
11/23/2019,7244.8,7250.7,7344.1,7242.8
11/22/2019,7238.9,7648.8,7281.1,7156.7
11/21/2019,7635.2,8118.6,7688.4,7619.2
11/20/2019,8114.1,8157.1,8126,8086.6
11/19/2019,8135.5,8247.4,8245.6,8032.8
11/18/2019,8206.8,8464.5,8245.6,8197.3
11/17/2019,8457.7,8493.6,8512.9,8437.6
11/16/2019,8499.5,8488.9,8521.1,8491.1
11/15/2019,8470.2,8569.3,8492.1,8450.7
11/14/2019,8574.6,8754.2,8668,8538.7
11/13/2019,8758.9,8754.4,8799.8,8748.4
11/12/2019,8761.7,8742,8829.7,8757.4
11/11/2019,8763.2,9054,8769.9,8720.8
11/10/2019,9037.4,8777.6,9066.4,9028.6
11/9/2019,8770.7,8824.4,8804.7,8768.5
11/8/2019,8834.5,9238.7,8840.3,8748.5
11/7/2019,9248.5,9304.1,9250.1,9194.4
11/6/2019,9293.7,9310.7,9367,9285
11/5/2019,9319.6,9431.5,9336.6,9279.2
11/4/2019,9421.2,9164.2,9452.7,9349.5
11/3/2019,9174,9357.7,9208.5,9148
11/2/2019,9316.3,9243.6,9332.3,9300.1
11/1/2019,9244.8,9099.3,9270.1,9217.9
10/31/2019,9124,9143.9,9154.1,9113
10/30/2019,9116.4,9382.8,9202.5,9066.1
10/29/2019,9359.7,9285.9,9411.3,9288.8
10/28/2019,9284.8,9690.5,9304.3,9203.6
10/27/2019,9710,9161.7,9866.9,9530.1
10/26/2019,9129.9,10093,9359.6,9114.5
10/25/2019,8575.9,7444.2,8888.9,8565
10/24/2019,7443.9,7450.5,7448.8,7423
10/23/2019,7447.1,8039.7,7501.5,7432.3
10/22/2019,8031.1,8173.5,8055,8011.2
10/21/2019,8190,8204.6,8207.8,8174.7
10/20/2019,8217.2,7910.5,8232.6,8191.9
10/19/2019,7917.6,7921.9,7959,7898.9
10/18/2019,7906.3,8109.7,7952.6,7903.3
10/17/2019,8109.1,7968.6,8109.1,8056.4
10/16/2019,7976.1,8178.8,8002,7967.3
10/15/2019,8170,8332.3,8185.9,8153.7
10/14/2019,8331.9,8291.1,8400.2,8319.6
10/13/2019,8298.4,8341.8,8307.7,8251.8
10/12/2019,8350.4,8314.3,8365,8289.1
10/11/2019,8304.3,8515.6,8330.6,8260.9
10/10/2019,8512.2,8534.3,8573.6,8488.1
10/9/2019,8528.9,8169.2,8591.5,8524.5
10/8/2019,8166.4,8280.6,8205.6,8159.6
10/7/2019,8282.3,7834.5,8287.6,8198.5
10/6/2019,7965.4,8140.4,8145.5,7944.2
10/5/2019,8064.4,8141.7,8145.5,8031.4
10/4/2019,8121.6,8129.6,8160.3,8116.6
10/3/2019,8131.8,8347.2,8233.6,8079.3
10/2/2019,8341.7,8289.4,8391.7,8315.4
10/1/2019,8293.4,8269.6,8330,8277.5
9/30/2019,8275.9,8022.2,8293.1,8187.9
9/29/2019,7995,8178.3,8060,7978.6
9/28/2019,8165.8,8170.8,8226.8,8164.7
9/27/2019,8151.5,7996,8213.9,8129
9/26/2019,7970.9,8385.5,8091.3,7957.2
9/25/2019,8364.4,8695.5,8443.3,8355.6
9/24/2019,8682.6,9734.5,8729.8,8510.2
9/23/2019,9720.3,9974.5,9787.6,9630.4
9/22/2019,9992.3,9916,10048.8,9968.3
9/21/2019,9908.8,10155.9,10008,9885.3
9/20/2019,10163.7,10204,10177.9,10147.6
9/19/2019,10235.3,10181.1,10279.5,10217.6
9/18/2019,10139.6,10248.4,10187.4,10118
9/17/2019,10226.5,10217,10230.7,10191.6
9/16/2019,10233.8,10346,10261.2,10198.4
9/15/2019,10348.6,10325.4,10360.5,10309
9/14/2019,10319,10305.9,10360.4,10312.2
9/13/2019,10303.3,10337.4,10355,10299.1
9/12/2019,10372.2,10132.4,10441.4,10336.7
9/11/2019,10109.6,10076.4,10200.7,10107
9/10/2019,10080.7,10334.3,10257.5,10075.1
9/9/2019,10408.1,10392.9,10478,10095.7
9/8/2019,10361.1,10485.9,10411.9,10360.5
9/7/2019,10487.1,10335.5,10515.1,10461.6
9/6/2019,10363.7,10643.7,10379.4,10302.3
9/5/2019,10586,10533.7,10596.9,10557.8
9/4/2019,10512.6,10532.2,10571.1,10497.4
8/16/2019,10416.8,10042,10530.9,9788.6
8/15/2019,10376,10040.1,10413.8,10253.9
8/14/2019,10013.8,10612.1,10195.2,10013.8
8/13/2019,10640.9,11406.1,10894.5,10554.4
8/11/2019,11354.6,11583,11728.4,11146.1
8/10/2019,11391,12117.7,11445,11300.6
8/6/2019,11786.2,11628.9,12291.9,11588.7
8/5/2019,11601.4,11410.6,11830.2,11588.7
8/4/2019,11389.1,10850.7,11443.7,10935.5
8/3/2019,10845.5,10641,10889,10810.1
8/2/2019,10775.8,10381.7,10785.3,10504.5
8/1/2019,10385.5,10024.7,10439.9,10331.9
7/31/2019,10010.7,9692.7,10145,9993.1
7/30/2019,9678.3,9504.1,9703.9,9562.4
7/29/2019,9544.6,9802.1,9607.5,9544.6
7/28/2019,9774.8,9513.1,9835.4,9697
7/27/2019,9485.7,10142.1,9499.3,9401.1
7/26/2019,10156.1,9777.3,10232.3,9818.2
7/25/2019,9756.4,10103.2,9947.4,9732.8
7/24/2019,10127,9704.9,10203.3,9776.6
7/23/2019,9647.7,10306.2,9888.9,9628.2
7/22/2019,10326.5,10722.2,10414.6,10294.8
7/21/2019,10727.8,10866,10806.3,10693.7
7/20/2019,10754.4,10588.4,10883.8,10746.9
7/19/2019,10544.6,10578.8,10650.4,10462
7/18/2019,10594.8,9824.1,10721.9,10590.3
7/17/2019,9777.4,9460.3,9858.7,9617.8
7/16/2019,9283.5,10918.3,9613.6,9252.9
7/15/2019,10792.9,10100.4,11019.5,10772.3
7/14/2019,10036.4,11389.5,10201.9,9885.4
7/13/2019,11374.2,11670.7,11448.7,11274.6
7/12/2019,11686.5,11381.9,11798.4,11624.6
7/11/2019,11368.1,11966.2,11519.8,11224.6
7/10/2019,11924.8,13016.1,12111.3,11810.9
7/9/2019,13025,12497.9,13026.8,12523.2
7/8/2019,12622.1,11408,12660,12187.4
7/7/2019,11384.4,11231.9,11456.5,11352.6
7/6/2019,11167.4,11323.7,11266.8,11155.7
7/5/2019,11332.7,11133.3,11378.1,10967.9
7/4/2019,11226,11805.3,11277,11045.7
7/3/2019,11829.6,11339.5,11948,11721.4
7/2/2019,11268.4,10274.7,11422.4,10836.4
7/1/2019,10327,11055.3,10685.5,10225.9
6/30/2019,11074.2,12071.6,11146.9,10728.1
6/29/2019,12063.6,11955.6,12140.1,11906
6/28/2019,11701.5,11166.8,12422.9,11673.1
6/27/2019,11317.6,12888.8,11718.4,11199.8
6/26/2019,12785.1,11914.6,13422,12543.1
6/25/2019,11848.4,11143.3,11985.3,11747.3
6/24/2019,11109,10700,11116.8,11033.7
6/23/2019,10744.4,10879,10897.3,10630.9
6/22/2019,10834.9,10469,10947.1,10703.9
6/21/2019,10734.3,9715.4,10734.3,10031.3
6/20/2019,9736.7,9318.5,9785.1,9517.4
6/19/2019,9245,9138,9275.9,9228.7
6/18/2019,9136.9,9234,9169.1,9044
6/17/2019,9311.2,9112.2,9336.1,9236.1
6/16/2019,9111.9,8919.3,9175,8960.1
6/15/2019,8955.3,8584.4,8955.5,8771.1
6/14/2019,8628.5,8180,8668.3,8582.3
6/13/2019,8177.4,8104.7,8240.5,8153.2
6/12/2019,8093.7,7832.7,8145.3,8085.5
6/11/2019,7837.3,7940.9,7894.6,7805.8
6/10/2019,7940.8,7619.2,8010.4,7928.5
6/9/2019,7636.8,7847.8,7658.4,7523.6
6/8/2019,7878.4,8036.7,7937.5,7851.3
6/7/2019,7969.2,7774.4,8044.4,7962.3
6/6/2019,7778.1,7831.5,7813.7,7752.9
6/5/2019,7825,7759.7,7848.7,7751.1
6/4/2019,7759.7,8017.4,7793.8,7685.7
6/3/2019,8000.9,8677,8118.1,7824
6/2/2019,8687.7,8569.3,8734.9,8631.5
6/1/2019,8574.7,8549.8,8592.2,8534.8
5/31/2019,8552.8,8342.9,8584,8499.4
5/30/2019,8342.4,8595.9,8382.8,8269
5/29/2019,8590.6,8656.4,8715.1,8558.5
5/28/2019,8644.5,8772.6,8715.6,8617.6
5/27/2019,8782.5,8745.3,8794.1,8724.6
5/26/2019,8666.6,7986.2,8838.9,8627.9
5/25/2019,8015.8,8009.9,8046.5,7997.6
5/24/2019,8000.2,7839.1,8033.1,7941
5/23/2019,7823.4,7659.8,7906.8,7816.6
5/22/2019,7598.8,7936.5,7679.3,7558.3
5/21/2019,7941.1,7906.1,7998.4,7906.7
5/20/2019,7893,7898.9,8016.8,7836.3
5/19/2019,7912.2,7689.2,8156.4,7818.2
5/18/2019,7704.4,7298.5,7772.2,7252.3
5/17/2019,7308.4,7798.8,7434.6,7242.2
5/16/2019,7772.7,8287.2,7924,7765
5/15/2019,8246.1,8007.8,8288.2,8142
5/14/2019,8011.3,7880.2,8123.4,7963.3
5/13/2019,7889.9,7047.8,8041,7784.8
5/12/2019,7056.8,7155.5,7087.4,6893.1
5/11/2019,6910.2,6421.5,6974.3,6386.5
5/10/2019,6499.5,6267.7,6518.5,6386.5
5/9/2019,6225.4,6088.9,6225.8,6157.8
5/8/2019,6081.3,5876.7,6105,5990
5/7/2019,5880.1,5949.2,5891.3,5799.1
5/6/2019,5944.2,5692.5,5944.2,5745.5
5/5/2019,5688.1,5640.4,5774.5,5688.1
5/4/2019,5819.9,5230.5,5821,5319.5
5/3/2019,5837,5230.5,5837,5319.5
3/18/2019,3974.4,3983.8,4032.3,3958.5
3/17/2019,3979.6,4012.5,4009.8,3956.3
3/16/2019,4001.9,3922.4,4050.6,3923.7
3/15/2019,3926.7,3882.7,3935.7,3874.8
3/14/2019,3879.8,3864.6,3914.7,3828.4
3/13/2019,3864.9,3887.6,3894.7,3847.4
3/12/2019,3886,3870.3,3900.1,3817.1
3/11/2019,3865.1,3915.6,3935.5,3842.4
3/10/2019,3915.2,3944.3,3944.5,3889.2
3/9/2019,3944.4,3865.9,3964,3859.7
3/8/2019,3865.9,3875.1,3929,3810.7
