base_btc_allocation,buy_tiers,sell_tiers,median_value,mean_value,std_value,cagr,max_value,min_value,percentile_25,percentile_75,median_improvement,mean_improvement,cagr_improvement,sharpe_ratio,win_rate,beat_baseline_rate
20,"[(10, 30), (20, 40), (30, 50)]","[(30, 20), (50, 30), (70, 40)]",60620.828119182515,62174.45860621692,16467.33619277512,0.20609147993393417,121063.94905514682,27409.02186100238,49839.41536461769,73138.13381572967,10.784718978468154,4.059093307639091,2.0317151974377667,0.14727792524088523,64.60000000000001,64.60000000000001
20,"[(5, 15), (15, 25), (25, 35)]","[(20, 25), (40, 35), (60, 45)]",60178.51047978696,62061.157972564586,16934.591761668253,0.05943280609463919,174295.08451217297,31162.75264034902,50624.04639594104,70261.42288029652,9.976382357211236,3.8694662248571627,1.8850565235984718,0.13652377970497762,64.0,64.0
20,"[(10, 20), (20, 30), (30, 40)]","[(20, 25), (40, 35), (60, 45)]",59863.21000798757,61960.124961871115,16335.370467281226,-0.04563830208924591,158159.1280501408,28365.331945557376,50586.57492132204,70664.28619991223,9.400169935741186,3.7003710091916693,1.7799854154145867,0.1353468823249916,64.60000000000001,64.60000000000001
50,"[(10, 30), (20, 40), (30, 50)]","[(20, 15), (40, 25), (60, 35)]",59770.5561368511,63479.04742981091,28201.659779021284,-0.07659854460554394,350983.8390999884,24809.134559766877,44150.5038636094,74615.24068644475,9.23084474843196,6.242535402121537,1.7490251728982886,0.13225689415218853,56.99999999999999,56.99999999999999
30,"[(5, 15), (15, 25), (25, 35)]","[(15, 10), (30, 20), (45, 30)]",59690.110357513666,63821.52645294673,21077.668212745244,-0.10351061474571654,218894.29485141076,23578.016451239946,50541.62443868938,71611.37032399247,9.083829880219014,6.815729884603703,1.722113102758116,0.19320652143975806,62.6,62.6
30,"[(15, 25), (25, 35), (35, 45)]","[(20, 15), (40, 25), (60, 35)]",59688.70997309135,62521.07062851359,19732.72338356008,-0.10397935169249584,170472.20028148458,30398.071766415855,48139.1221967945,72228.39387352133,9.081270674092972,4.639205038054904,1.7216443658113367,0.14047159518397095,61.0,61.0
20,"[(10, 30), (20, 40), (30, 50)]","[(15, 10), (30, 20), (45, 30)]",59524.95300867648,62610.25343931024,18934.623836437007,-0.15885288079285909,143648.9443625561,27782.14896280013,49996.98886296798,71018.99605287213,8.782004401322812,4.7884670121543165,1.6667708367109735,0.15110254983273838,62.2,62.2
40,"[(5, 15), (15, 25), (25, 35)]","[(20, 15), (40, 25), (60, 35)]",59509.45704860671,64224.3417312159,23470.15830315489,-0.1640516939979575,186540.00708558934,27010.87489054523,48643.947519405745,73806.36059244521,8.75368549452306,7.489906927183737,1.661572023505875,0.1906743949448983,61.6,61.6
20,"[(15, 25), (25, 35), (35, 45)]","[(25, 30), (50, 50)]",59509.40631955482,62129.340837102056,17621.484999599357,-0.1640687151068021,201915.95260412595,30931.988870574307,50677.87794595883,70095.97607747465,8.753592787050533,3.983581365092212,1.6615550023970305,0.13507132569447527,64.60000000000001,64.60000000000001
20,"[(10, 30), (20, 40), (30, 50)]","[(20, 25), (40, 35), (60, 45)]",59507.576396324315,61530.40365621716,17846.50523301439,-0.1646827166516429,189648.46099257199,27130.41536283293,49332.412683102586,69945.6808284726,8.750248597650064,2.981162343064995,1.6609410008521897,0.09980778507946791,61.8,61.8
40,"[(20, 40), (40, 60)]","[(20, 25), (40, 35), (60, 45)]",59420.93328132416,61824.74148585285,23102.659427516213,-0.19377173554955274,267698.8504968454,22431.824449469037,46173.39269818568,71183.5965066535,8.591908082607288,3.4737846893569757,1.6318519819542798,0.0898406521060478,59.199999999999996,59.199999999999996
50,"[(10, 20), (20, 30), (30, 40)]","[(20, 25), (40, 35), (60, 45)]",59404.34999733835,63554.69437916838,23990.32440338431,-0.19934317218375242,173465.28427021048,24336.7144427273,48207.80801135419,73589.89486768973,8.56160208856022,6.369142905236008,1.6262805453200802,0.1586269038167186,59.4,59.4
80,"[(10, 20), (20, 30), (30, 40)]","[(25, 30), (50, 50)]",59403.600500459084,65584.26768633185,33188.96014259128,-0.1995950078097497,232713.22114278484,18371.599688002105,40221.196101267196,83410.37928157845,8.560232381089685,9.765964733350796,1.6260287096940829,0.1758140105553607,55.2,55.2
20,"[(20, 40), (40, 60)]","[(20, 15), (40, 25), (60, 35)]",59400.54061416084,62983.59202484055,20140.95376354578,-0.20062317506370775,195735.22094422366,27518.02647295523,49973.45145861033,71810.1078432801,8.554640431026076,5.413310003600264,1.6250005424401248,0.16058864765351016,62.4,62.4
40,"[(15, 25), (25, 35), (35, 45)]","[(15, 10), (30, 20), (45, 30)]",59288.71439390752,62258.38376435366,20752.42658114344,-0.2382275485525609,166320.14226709324,22359.36107038727,48980.46507105964,70209.6515219544,8.350277726497657,4.1995557428123735,1.5873961689512717,0.12091117426878498,61.0,61.0
30,"[(10, 30), (20, 40), (30, 50)]","[(20, 15), (40, 25), (60, 35)]",59236.12126926109,61917.192835655915,18973.371523467813,-0.25593292833753223,156203.06817801064,26433.418272115232,48886.1914607192,70446.99953761455,8.254163656219724,3.6285170963813016,1.5696907891663003,0.11426589815486844,59.0,59.0
20,"[(10, 20), (20, 30), (30, 40)]","[(25, 30), (50, 50)]",59158.44531385413,61976.61593105612,15582.815078997532,-0.2821054141538881,118397.88118499245,31494.659741840915,51325.43432338334,70058.843463988,8.112210648348793,3.7279713347855647,1.5435183033499444,0.14294159445923127,64.2,64.2
30,"[(5, 15), (15, 25), (25, 35)]","[(20, 15), (40, 25), (60, 35)]",59151.23336165883,62406.039179271145,20532.327059609248,-0.28453683626584736,239803.57454506552,28911.73577675602,48875.78052773248,71380.93351723564,8.099030787201539,4.446681153193355,1.5410868812379852,0.12939866358337893,62.6,62.6
40,"[(20, 40), (40, 60)]","[(30, 20), (50, 30), (70, 40)]",59099.23386612913,62371.050153369186,21426.31972173411,-0.30207485785428423,151907.57110060225,22772.3808756011,46850.102141480194,73982.82847013373,8.00400157565804,4.3881213137883135,1.5235488596495483,0.12236663551738171,61.199999999999996,61.199999999999996
20,"[(10, 20), (20, 30), (30, 40)]","[(30, 20), (50, 30), (70, 40)]",59045.7421504677,61688.85636519366,17555.854825029186,-0.3201290509937782,201260.303996845,28968.448254860035,50012.81435454333,70357.27210099802,7.906245327993836,3.2463587854283014,1.5054946665100544,0.11048581154404546,61.199999999999996,61.199999999999996
20,"[(5, 15), (15, 25), (25, 35)]","[(20, 15), (40, 25), (60, 35)]",58988.91889845024,62218.413398545534,15755.908074261213,-0.3393220219200632,125953.4836942962,26704.017936276417,51325.15287385756,71539.49381497246,7.802400689088207,4.1326588189242015,1.4863016955837693,0.1567177143587425,65.4,65.4
20,"[(10, 20), (20, 30), (30, 40)]","[(20, 15), (40, 25), (60, 35)]",58954.025768991414,61020.93885443519,16244.366383526756,-0.3511150708307875,134001.49903644688,26908.07070368074,49282.369144079246,70008.23577204833,7.738633405444781,2.1284899349085213,1.474508646673045,0.07828900967316293,62.0,62.0
40,"[(20, 40), (40, 60)]","[(20, 15), (40, 25), (60, 35)]",58948.895171743614,62655.383743646504,22769.228841113483,-0.35284956168650794,210397.98436365134,24175.112826696,46963.687491849574,74253.53915974191,7.72925722580613,4.863999934437935,1.4727741558173246,0.12763718378103495,58.199999999999996,58.199999999999996
20,"[(5, 15), (15, 25), (25, 35)]","[(30, 20), (50, 30), (70, 40)]",58875.54241086533,61066.539218732745,14984.511547431654,-0.37766100033516103,134651.52530033022,28838.940487992837,50568.06401252326,69413.13382386928,7.595204867032367,2.20480957917523,1.4479627171686715,0.08791449204479938,61.6,61.6
30,"[(20, 40), (40, 60)]","[(20, 25), (40, 35), (60, 45)]",58832.76434370765,59949.33350763915,17625.603246957056,-0.3921420226883243,146935.18818753702,25090.065877368354,47491.0933343339,68924.90464989265,7.517027839506635,0.3349836741227826,1.4334816948155082,0.011355640277041086,56.599999999999994,56.599999999999994
30,"[(20, 40), (40, 60)]","[(30, 20), (50, 30), (70, 40)]",58795.05042988589,63004.120086564646,22063.1934427565,-0.4049157409761861,193357.7495891682,22491.808786911533,49040.602007880356,72211.09406137854,7.448105565200061,5.447667061759815,1.4207079765276465,0.14752789968998817,59.599999999999994,59.599999999999994
50,"[(20, 40), (40, 60)]","[(25, 30), (50, 50)]",58778.973397944064,62596.530765239106,23994.869944605318,-0.4103630311860562,178116.63802618856,19801.19661845138,44974.58717175208,75143.92457025916,7.41872474806274,4.76549987977215,1.4152606863177764,0.11866483437133211,58.199999999999996,58.199999999999996
40,"[(5, 15), (15, 25), (25, 35)]","[(20, 25), (40, 35), (60, 45)]",58738.66080556566,63288.841388224406,21959.715708585856,-0.42402716321293665,199133.99321674282,23739.000063637002,48308.23719223173,72102.73425591362,7.345053382024082,5.924194580619833,1.401596554290896,0.1611886937743735,60.199999999999996,60.199999999999996
50,"[(5, 15), (15, 25), (25, 35)]","[(15, 10), (30, 20), (45, 30)]",58737.67203049254,63346.00407196798,25675.170068068677,-0.4243624071610941,244592.79020130466,24263.055358733945,46606.06834671636,74058.19910806947,7.3432463930401415,6.019865651582613,1.4012613103427385,0.14008945471174747,57.4,57.4
20,"[(20, 40), (40, 60)]","[(25, 30), (50, 50)]",58735.47147750195,61645.30214681418,18756.687806980295,-0.42510852032242585,156902.76876080772,26993.50640284095,49375.56623813598,71143.04120008626,7.339224876801858,3.173463699956051,1.4005151971814067,0.1010902707783877,62.0,62.0
30,"[(20, 40), (40, 60)]","[(25, 30), (50, 50)]",58724.584595245164,61165.16921895967,20260.5520262494,-0.42880012430583925,161116.14378686436,25795.423849965977,46369.621309317954,70578.10674403416,7.319329071535082,2.369882965041754,1.3968235931979933,0.06988880261625018,57.99999999999999,57.99999999999999
30,"[(15, 25), (25, 35), (35, 45)]","[(20, 25), (40, 35), (60, 45)]",58647.20184931573,61857.94827295618,18689.14473120929,-0.4550554223235692,152793.37839724362,27689.412590776767,49223.18853785255,70737.72811106157,7.177911904736897,3.5293616615589767,1.3705682951802634,0.11283366926544582,60.4,60.4
30,"[(15, 25), (25, 35), (35, 45)]","[(25, 30), (50, 50)]",58643.72221970747,62043.39572684164,18624.331938814248,-0.45623668160403863,170135.35802353214,27928.035560433742,49557.19869671197,71430.87277641507,7.171552872696919,3.8397382107100113,1.369387035899794,0.12318359857834697,60.199999999999996,60.199999999999996
50,"[(20, 40), (40, 60)]","[(20, 25), (40, 35), (60, 45)]",58639.872964129,62168.97824916627,24470.542524314824,-0.45754348626217967,225090.65075299557,18413.654544843386,45357.481445176134,73370.17598373412,7.164518348247675,4.049921036605668,1.368080231241653,0.09888602793587487,57.99999999999999,57.99999999999999
30,"[(5, 15), (15, 25), (25, 35)]","[(30, 20), (50, 30), (70, 40)]",58603.583229552525,62048.342017029434,18803.218224688164,-0.4698670596005372,214289.9291636246,29429.851945731865,49343.09441653262,71311.15969068898,7.0981987651671945,3.848016633774988,1.3557566579032954,0.12227473467865382,60.0,60.0
20,"[(15, 25), (25, 35), (35, 45)]","[(30, 20), (50, 30), (70, 40)]",58595.05680531431,61454.86821947676,18332.480421207492,-0.47276342014301864,245514.94785522606,30134.28404874171,49785.65841737884,69664.46042103923,7.082616702987756,2.854741474496039,1.352860297360814,0.09304167700093216,61.0,61.0
70,"[(15, 25), (25, 35), (35, 45)]","[(15, 10), (30, 20), (45, 30)]",58573.981509183155,63802.16598013228,28860.800282336113,-0.4799239826275725,235257.54462416787,15018.069015728364,43644.55907950516,76015.0299836132,7.044101545215788,6.78332697684638,1.34569973487626,0.14043208930391296,55.2,55.2
30,"[(10, 30), (20, 40), (30, 50)]","[(25, 30), (50, 50)]",58565.47817384958,61513.12202892077,19893.865515191188,-0.4828136674409844,234614.346320068,25358.039738408155,47511.58745603029,72424.56285088771,7.028561678068845,2.9522387222139868,1.3428100500628481,0.08866746033207804,57.599999999999994,57.599999999999994
30,"[(10, 20), (20, 30), (30, 40)]","[(20, 15), (40, 25), (60, 35)]",58540.307085722874,61536.27595740098,18220.00012499583,-0.49136951536524753,160744.98544611246,28328.3692480217,49507.352498303226,70054.25397569887,6.982561449912657,2.9909905965072676,1.334254202138585,0.09808410799341484,59.8,59.8
20,"[(5, 15), (15, 25), (25, 35)]","[(25, 30), (50, 50)]",58538.02847207125,61078.28211027472,14838.38987419926,-0.49214417906453534,120635.614300116,31480.67566763571,50175.107484308435,69842.05032490884,6.97839727761598,2.2244632227140815,1.3334795384392972,0.0895716195653325,64.0,64.0
20,"[(20, 40), (40, 60)]","[(30, 20), (50, 30), (70, 40)]",58535.004622508124,61527.59906524625,19399.067503901086,-0.493172238982742,182336.03780513926,23758.46349365538,48945.40550170974,71515.37468014358,6.972871184778291,2.976468402818886,1.3324514785210906,0.09167531209362284,58.599999999999994,58.599999999999994
20,"[(15, 25), (25, 35), (35, 45)]","[(15, 10), (30, 20), (45, 30)]",58517.704149737685,61578.22499913287,16589.982907642156,-0.4990549368118269,138774.65377320818,28953.37973578365,49849.38852114586,70170.8873812283,6.941254526386564,3.0611991571541974,1.3265687806920057,0.11024975202291892,61.199999999999996,61.199999999999996
40,"[(10, 20), (20, 30), (30, 40)]","[(30, 20), (50, 30), (70, 40)]",58485.22202779664,62198.00211255352,19467.898896745206,-0.5101036261861647,163008.5146984281,26393.908798818666,49037.06255445706,71069.84460425432,6.881893365170025,4.098497203991227,1.315520091317668,0.1257875145150909,60.8,60.8
20,"[(10, 30), (20, 40), (30, 50)]","[(20, 15), (40, 25), (60, 35)]",58472.00961468888,61391.848594173185,19075.73709422947,-0.5145991905876834,234777.9088883028,26688.95242129796,48289.86594019921,71002.64732718357,6.857747646304347,2.7492678569256643,1.3110245269161491,0.08611279808260941,58.8,58.8
40,"[(5, 15), (15, 25), (25, 35)]","[(15, 10), (30, 20), (45, 30)]",58467.33639873838,62510.6014770521,23611.983341921296,-0.5161894613122997,185236.8351894427,25864.27607641423,46599.32492137839,71181.83762162273,6.849207332160427,4.621683206209406,1.3094342561915329,0.11694985294388845,57.199999999999996,57.199999999999996
20,"[(20, 40), (40, 60)]","[(15, 10), (30, 20), (45, 30)]",58436.171416650264,61822.38912368512,19106.459917183773,-0.5267973412801163,181476.16015568434,27237.812449215697,48527.81912435246,71108.52082919783,6.792253247405716,3.469847627743692,1.2988263762237162,0.10850809805534307,59.0,59.0
50,"[(15, 25), (25, 35), (35, 45)]","[(30, 20), (50, 30), (70, 40)]",58435.60389067067,63897.594049816274,24776.440751778355,-0.5269905566969602,183549.9223330449,21252.452924341225,46648.098791744385,74068.68580145884,6.791216092221379,6.943041409911367,1.2986331608068724,0.16743367596161518,56.99999999999999,56.99999999999999
20,"[(5, 15), (15, 25), (25, 35)]","[(15, 10), (30, 20), (45, 30)]",58434.86268230097,61116.39036348698,15654.49830516983,-0.5272429049104965,151439.20418458976,31365.383854149313,50348.89530734149,68798.4045082904,6.789861532023355,2.2882435975770354,1.298380812593336,0.08733635785278432,63.0,63.0
40,"[(10, 20), (20, 30), (30, 40)]","[(15, 10), (30, 20), (45, 30)]",58414.451382955725,62286.84495784328,22261.843126097767,-0.5341930434787923,206015.4785114817,26041.501261169473,47444.78516008031,72209.81968358904,6.752559830081863,4.247190190387388,1.2914306740250403,0.11399152558790124,57.99999999999999,57.99999999999999
30,"[(10, 20), (20, 30), (30, 40)]","[(25, 30), (50, 50)]",58409.99585027873,62096.43414718754,19190.181144376034,-0.5357104305786842,164637.85847258603,24663.866031302314,48710.58233095142,70609.128999695,6.744417332678985,3.9285066544630793,1.2899132869251484,0.12231518983730769,60.8,60.8
30,"[(5, 15), (15, 25), (25, 35)]","[(25, 30), (50, 50)]",58342.77415433769,61650.96489646317,17889.34951236404,-0.5586148605191132,179184.4056484879,30488.737982963925,49663.271304508824,70744.37906045074,6.621569510814157,3.1829412347398125,1.2670088569847193,0.10630802409265432,60.4,60.4
50,"[(15, 25), (25, 35), (35, 45)]","[(20, 15), (40, 25), (60, 35)]",58337.96198763834,63288.88047615659,25431.98587596779,-0.56025531837397,226547.59438598284,24728.73661749227,45889.900501349846,73288.62646760358,6.612775263820082,5.924260000647183,1.2653683991298625,0.13918287765331777,56.99999999999999,56.99999999999999
40,"[(10, 30), (20, 40), (30, 50)]","[(25, 30), (50, 50)]",58326.39227145717,61162.56144791678,22496.184153420367,-0.5641998541850768,208082.40334927128,23318.316651016845,45228.33697607059,70486.72291753051,6.591631577803923,2.365518435034405,1.2614238633187558,0.06282745290387501,57.99999999999999,57.99999999999999
50,"[(10, 30), (20, 40), (30, 50)]","[(25, 30), (50, 50)]",58319.02734047365,62003.568106501814,24324.91342963544,-0.5667111523087964,212394.38439004353,20212.136767236014,45075.943849229916,73121.53552667893,6.578172147528565,3.773080194636046,1.2589125651950361,0.09267801160000842,56.599999999999994,56.599999999999994
30,"[(5, 15), (15, 25), (25, 35)]","[(20, 25), (40, 35), (60, 45)]",58252.63002363904,61018.804229347166,16145.166232295345,-0.5893628067969781,131499.50057315774,29643.77960422114,49484.5099739761,70679.17177653371,6.456830880596592,2.1249172917976535,1.2362609107068545,0.07863782345620388,62.2,62.2
50,"[(10, 30), (20, 40), (30, 50)]","[(20, 25), (40, 35), (60, 45)]",58169.453003145754,63948.09626076759,28616.41015409779,-0.6177680729108181,279007.06636720506,23733.080436439457,46561.623029962255,73292.01695204216,6.304824662161268,7.027565093742844,1.2078556445930144,0.14673094006745835,57.599999999999994,57.599999999999994
50,"[(20, 40), (40, 60)]","[(20, 15), (40, 25), (60, 35)]",58025.090611972395,62267.76041110795,25022.798661982073,-0.6671456052822711,205644.70623916393,21638.685930994394,44673.41755874634,75937.49701890814,6.041002021768477,4.2152490899100465,1.1584781122215615,0.10065128795659622,54.6,54.6
20,"[(15, 25), (25, 35), (35, 45)]","[(20, 25), (40, 35), (60, 45)]",57994.048043909905,62040.41263737121,17865.29022499109,-0.677776202955116,164315.01151686188,27627.7299745115,49847.966510358936,70203.05840205024,5.984271648959783,3.834745524122833,1.1478475145487166,0.1282503172920884,60.8,60.8
20,"[(15, 25), (25, 35), (35, 45)]","[(20, 15), (40, 25), (60, 35)]",57989.372347505254,61018.69982912493,17395.879637644015,-0.6793778002147643,169110.4672858335,26723.731044137006,48570.47962759012,70005.29753985805,5.975726801779546,2.1247425610044908,1.1462459172890682,0.07297799007972484,58.599999999999994,58.599999999999994
40,"[(15, 25), (25, 35), (35, 45)]","[(30, 20), (50, 30), (70, 40)]",57948.53293827767,61844.50921507684,22016.763038393237,-0.6933711872609494,204319.87058758124,24982.178082457678,46806.711105190014,71206.89121398436,5.9010926765968685,3.506869207114137,1.1322525302428832,0.09516956302441515,58.8,58.8
60,"[(10, 30), (20, 40), (30, 50)]","[(25, 30), (50, 50)]",57946.443333877876,61019.58282696276,23602.379340719515,-0.6940873902471445,158671.36690882663,20443.04022575494,44433.445683091675,72060.77182484472,5.897273919193025,2.1262204018487325,1.131536327256688,0.05382505344578414,54.800000000000004,54.800000000000004
30,"[(10, 30), (20, 40), (30, 50)]","[(30, 20), (50, 30), (70, 40)]",57933.0273881966,61386.897557896526,19840.997906327262,-0.6986861405815059,168802.74080537574,26771.71470112338,48412.62580079789,70883.2212132008,5.872756244026848,2.740981490507173,1.1269375769223267,0.08254191992396716,57.99999999999999,57.99999999999999
20,"[(10, 20), (20, 30), (30, 40)]","[(15, 10), (30, 20), (45, 30)]",57918.836196980184,60855.652289659,17885.23989791537,-0.7035515587910712,173118.76800830377,31522.7025090424,49216.559814245324,67846.17679583517,5.846821805655449,1.851855920682871,1.1220721587127613,0.0618649119874041,58.199999999999996,58.199999999999996
50,"[(10, 30), (20, 40), (30, 50)]","[(15, 10), (30, 20), (45, 30)]",57917.029552608925,64194.14620396134,29453.21877450172,-0.7041710312107097,355139.65865697665,22355.701028395823,46320.646881406356,74300.1275295324,5.843520158430001,7.439369789289923,1.121452686293123,0.15091602518868252,57.599999999999994,57.599999999999994
30,"[(15, 25), (25, 35), (35, 45)]","[(30, 20), (50, 30), (70, 40)]",57895.78803934732,61172.18031013849,19145.754292110363,-0.7114556008007811,148387.85518918783,21806.757005859967,47908.60069047618,69763.44542811502,5.804701238425509,2.3816171692072516,1.1141681167030515,0.07432440586705005,57.199999999999996,57.199999999999996
20,"[(10, 30), (20, 40), (30, 50)]","[(25, 30), (50, 50)]",57887.53951185462,60069.96489285499,15832.883115744778,-0.7142849291261633,125655.92532665549,29413.79343363145,48327.36507328467,69456.60059212869,5.789627033261769,0.5368799648409316,1.1113387883776693,0.020260453703162245,59.199999999999996,59.199999999999996
60,"[(10, 20), (20, 30), (30, 40)]","[(20, 25), (40, 35), (60, 45)]",57814.74851887014,63149.073460660766,26664.23937255265,-0.7392669674029184,195758.1647723408,22332.50124378673,45671.78281407077,74381.40989796714,5.65660130675577,5.690270166289575,1.0863567501009141,0.12750747979931681,55.00000000000001,55.00000000000001
70,"[(15, 25), (25, 35), (35, 45)]","[(25, 30), (50, 50)]",57781.94567676359,62932.91422870431,29363.80331759595,-0.7505332046506163,226403.99461013352,16597.276984593467,41637.728407282164,76773.00200812815,5.596654028613608,5.3284924493346635,1.0750905128532162,0.10842364991920611,53.800000000000004,53.800000000000004
50,"[(15, 25), (25, 35), (35, 45)]","[(25, 30), (50, 50)]",57769.94667691138,63290.25877703044,25694.881783517376,-0.7546555762884877,272170.7301475243,19305.973203670575,46272.07064731975,75343.41949886682,5.574725825586808,5.926566811875665,1.070968141215345,0.13781247601618035,56.2,56.2
50,"[(15, 25), (25, 35), (35, 45)]","[(15, 10), (30, 20), (45, 30)]",57766.19527181255,62342.34289804066,27067.851999411876,-0.7559445480932347,321151.73617973446,18464.53544943984,44995.25245795664,73547.25024321767,5.567870123140259,4.340075041608333,1.0696791694105978,0.09580218632036792,54.800000000000004,54.800000000000004
80,"[(10, 30), (20, 40), (30, 50)]","[(20, 25), (40, 35), (60, 45)]",57763.13517942635,65962.87155416602,34125.32983674497,-0.7569960364677275,257309.24598043942,15962.971161772728,43563.29274222016,80170.10295944034,5.562277796450381,10.399620033175951,1.068627681036105,0.18208433695414356,54.800000000000004,54.800000000000004
60,"[(5, 15), (15, 25), (25, 35)]","[(25, 30), (50, 50)]",57726.229270242016,63823.813716567296,27047.653363189187,-0.7696809078590827,251750.0053545141,21816.074846958807,45261.13563510036,75200.41312278493,5.494832152692554,6.819557993184737,1.0559428096447498,0.15064634866298052,55.60000000000001,55.60000000000001
30,"[(10, 30), (20, 40), (30, 50)]","[(15, 10), (30, 20), (45, 30)]",57677.764572719694,60979.67930337535,19000.741661828037,-0.7863484896868722,158482.8304557433,28593.13161386604,47698.90608145219,70571.22517960283,5.406262793580022,2.0594353493147852,1.0392752278169604,0.06476040923952567,59.0,59.0
70,"[(5, 15), (15, 25), (25, 35)]","[(30, 20), (50, 30), (70, 40)]",57528.228720580526,62258.91705380571,27110.575909559495,-0.8378463505414824,192525.5872573192,19723.118562922587,42785.03254579103,74737.49345537351,5.132985639993905,4.200448289657084,0.9877773669623502,0.09257396687836081,55.400000000000006,55.400000000000006
40,"[(20, 40), (40, 60)]","[(25, 30), (50, 50)]",57521.19128719074,61295.33407737356,24073.13138458668,-0.8402725722979953,269497.70587652747,20813.327819335886,45596.70408602392,72997.9371195324,5.120124712411651,2.587735077479967,0.9853511452058372,0.06422723139635486,56.2,56.2
70,"[(10, 30), (20, 40), (30, 50)]","[(25, 30), (50, 50)]",57493.11671954946,63496.31445558889,30798.454627420288,-0.8499539090868091,230570.30159770016,12394.840719506781,41918.42120823709,79325.78212181278,5.068818367990455,6.271434584950869,0.9756698084170234,0.12166620057461922,54.2,54.2
40,"[(15, 25), (25, 35), (35, 45)]","[(25, 30), (50, 50)]",57472.86710198966,60745.958058135475,20330.53412941137,-0.8569392094086803,164192.6418204225,26828.052406486488,46817.24255213857,69292.16314002036,5.031812139926825,1.66826473984587,0.9686845080951523,0.049028449242394495,57.99999999999999,57.99999999999999
40,"[(15, 25), (25, 35), (35, 45)]","[(20, 25), (40, 35), (60, 45)]",57457.39535322171,62179.693264496935,23224.677393183127,-0.8622776649455988,191996.8798699701,25159.534402498008,46733.207624005765,71038.41109326817,5.003537479343299,4.067854361721505,0.9633460525582338,0.1046520356708797,57.599999999999994,57.599999999999994
40,"[(10, 30), (20, 40), (30, 50)]","[(20, 25), (40, 35), (60, 45)]",57454.122547988234,62012.720841801456,22123.490960870015,-0.8634070786521786,185436.33713453182,27272.069803437364,47273.38953815057,70965.45980498272,4.997556419379067,3.7883987894081814,0.962216638851654,0.10231375094934751,55.800000000000004,55.800000000000004
60,"[(10, 20), (20, 30), (30, 40)]","[(25, 30), (50, 50)]",57448.33878700418,63021.15273181087,26773.804506639095,-0.8654031249673011,264478.8107851042,20660.67552786164,44797.49459077815,75236.94527733122,4.986986581335983,5.476173970556213,0.9602205925365315,0.12220785557385619,54.6,54.6
30,"[(10, 20), (20, 30), (30, 40)]","[(30, 20), (50, 30), (70, 40)]",57396.447351709896,60295.38913960885,17879.015609593425,-0.8833186862951092,144760.69155574145,30940.769254225917,47431.1543321731,70414.56209364624,4.892154850150061,0.9141641946133655,0.9423050312087233,0.03055009593564595,55.2,55.2
80,"[(5, 15), (15, 25), (25, 35)]","[(25, 30), (50, 50)]",57388.437063148995,65195.883191878595,33840.436584831,-0.8860853995003248,264761.4205405366,13733.106498267636,42197.399421661976,77478.06573825607,4.877516027245643,9.115939960259965,0.9395383180035077,0.16095240617608408,55.400000000000006,55.400000000000006
30,"[(10, 20), (20, 30), (30, 40)]","[(15, 10), (30, 20), (45, 30)]",57379.411362626095,62050.78477427559,24247.598971211642,-0.8892032010613171,378468.6083565073,29168.838651257236,48525.75087199916,69239.73698016454,4.861021536374496,3.852104986289896,0.9364205164425154,0.0949207911062594,59.0,59.0
70,"[(10, 30), (20, 40), (30, 50)]","[(30, 20), (50, 30), (70, 40)]",57362.262887418576,63929.58941971161,35387.01848716708,-0.8951279821471037,304921.5449938203,15798.872518317681,39995.53708410479,80080.50512299518,4.829682653919125,6.996590877908149,0.9304957353567289,0.11813388358012555,52.400000000000006,52.400000000000006
20,"[(20, 40), (40, 60)]","[(20, 25), (40, 35), (60, 45)]",57361.564481180976,60816.882950637315,18583.708705700217,-0.8953693108339489,169135.58503657594,22279.61221290401,48627.299232359335,69744.87975330245,4.828406314727368,1.7869691109354042,0.9302544066698837,0.05745351856537424,58.599999999999994,58.599999999999994
60,"[(5, 15), (15, 25), (25, 35)]","[(15, 10), (30, 20), (45, 30)]",57344.85724621359,63756.50104554942,28730.85323231986,-0.9011430630123218,195485.55563906155,22381.150746554096,43303.81034408833,78033.36122486484,4.797873799943343,6.706899263679768,0.9244806544915107,0.13947784688624054,54.400000000000006,54.400000000000006
40,"[(20, 40), (40, 60)]","[(15, 10), (30, 20), (45, 30)]",57337.85014918515,63196.562008866014,25667.679466868678,-0.9035650038163978,211002.01562290566,20337.855250760258,45148.01762238974,74360.9373158669,4.785068312139304,5.769749994172469,0.9220587136874348,0.13430814872902555,55.60000000000001,55.60000000000001
40,"[(10, 20), (20, 30), (30, 40)]","[(20, 25), (40, 35), (60, 45)]",57319.918795518184,61713.42817585972,21152.22594513911,-0.9097638952689557,158296.45989229548,20789.467442273723,46949.442874171466,72387.0498529541,4.7522987172899445,3.287483716728981,0.9158598222348768,0.0928623154581163,56.39999999999999,56.39999999999999
40,"[(5, 15), (15, 25), (25, 35)]","[(25, 30), (50, 50)]",57294.40951363978,61448.04992676555,20385.630008442055,-0.9185851598681904,218443.59125880778,26677.351573099502,48362.921436849974,70227.16779449259,4.7056804391845155,2.843329949999643,0.9070385576356421,0.08333646929533967,56.99999999999999,56.99999999999999
50,"[(15, 25), (25, 35), (35, 45)]","[(20, 25), (40, 35), (60, 45)]",57251.21155722154,62338.6057581502,24254.055178041486,-0.9335304436495551,188806.05560034362,22624.501937876063,46851.574663529806,72822.43002949003,4.62673606295742,4.3338203287039905,0.8920932738542775,0.10676244618234755,56.2,56.2
30,"[(20, 40), (40, 60)]","[(15, 10), (30, 20), (45, 30)]",57234.83046741657,62222.378496754536,23650.476599328907,-0.9392002013876688,250643.32520010858,28111.369516182756,47268.67327393581,71189.84404426442,4.596799579294795,4.139295057240611,0.8864235161161638,0.1045727340363134,56.8,56.8
30,"[(15, 25), (25, 35), (35, 45)]","[(15, 10), (30, 20), (45, 30)]",57219.41445863353,60564.24905955666,19078.011606821026,-0.9445371149557125,176830.187617473,25336.182886273786,47628.0401729914,69061.4577827355,4.568626783676747,1.3641451051626414,0.8810866025481201,0.0427227731512853,56.00000000000001,56.00000000000001
40,"[(10, 20), (20, 30), (30, 40)]","[(20, 15), (40, 25), (60, 35)]",57188.336195393975,60618.30406849755,21912.867893725317,-0.9552996885222709,266283.6118401725,25268.76093470466,46790.47554584486,69110.21630974757,4.511831177840349,1.4546149756724989,0.8703240289815617,0.03966256608727874,56.2,56.2
70,"[(5, 15), (15, 25), (25, 35)]","[(20, 25), (40, 35), (60, 45)]",57133.11623240148,64231.37443469004,30844.37541329903,-0.9744342137546713,243154.55733950553,19267.308777455903,43965.437046177845,74060.10313342106,4.410916553742874,7.501677303049102,0.8511895037491612,0.14531631382156682,54.6,54.6
30,"[(10, 30), (20, 40), (30, 50)]","[(20, 25), (40, 35), (60, 45)]",57124.68670338511,60282.79744699817,18106.067192941577,-0.9773564704182447,150186.3594218862,29305.881710920068,47556.96980445989,69791.11570030029,4.395511567830052,0.8930899440987841,0.8482672470855879,0.02947155468998442,57.199999999999996,57.199999999999996
40,"[(10, 30), (20, 40), (30, 50)]","[(20, 15), (40, 25), (60, 35)]",57122.245115516154,62415.33344334948,23707.54399948254,-0.9782029577522833,192725.98044661235,21827.544528088976,46936.14996411798,72021.99857240648,4.391049559732909,4.462236619451275,0.8474207597515493,0.11245998092028492,56.39999999999999,56.39999999999999
60,"[(20, 40), (40, 60)]","[(25, 30), (50, 50)]",57111.52883697115,62742.84450304932,28966.729494262963,-0.9819185848091827,263577.6520277667,18935.120204337894,44087.90969690672,75249.63709450998,4.3714655331872905,5.010379774769094,0.8437051326946499,0.10334825704577277,55.00000000000001,55.00000000000001
40,"[(15, 25), (25, 35), (35, 45)]","[(20, 15), (40, 25), (60, 35)]",57098.04621168057,61107.85475488358,20820.574452927354,-0.9865941723840366,171910.72390487872,22596.409334271037,46758.882302365986,71433.95867709242,4.346826000863978,2.2739578649464667,0.839029545119796,0.0652561849556312,53.800000000000004,53.800000000000004
30,"[(10, 20), (20, 30), (30, 40)]","[(20, 25), (40, 35), (60, 45)]",57072.693879892744,60151.800896109205,16616.60945180296,-0.9953884020665771,118790.9190918822,25914.870841964577,48084.5970075794,69669.42586817293,4.3004945494519085,0.6738458587056428,0.8302353154372555,0.02422981654447319,56.00000000000001,56.00000000000001
50,"[(20, 40), (40, 60)]","[(15, 10), (30, 20), (45, 30)]",57054.48374954043,63809.95910010708,29513.991449296154,-1.0017070700751196,249441.5033997698,21631.810001960617,44775.85760536477,73033.00759337888,4.267215489494556,6.796370033702755,0.823916647428713,0.13758815406524963,55.60000000000001,55.60000000000001
40,"[(10, 30), (20, 40), (30, 50)]","[(15, 10), (30, 20), (45, 30)]",57043.42395910469,61887.01076700799,23207.50680280865,-1.0055454547491793,165286.81330191926,24680.579554378484,45763.260867512014,71438.95252165166,4.247003694086966,3.578002483659961,0.8200782627546532,0.09211792062249449,54.2,54.2
50,"[(5, 15), (15, 25), (25, 35)]","[(25, 30), (50, 50)]",56954.43313368087,61420.53281608949,23308.23660896427,-1.0364520874220018,224794.38969464687,24311.13662812372,46572.74246638985,71176.53233725252,4.084372732219245,2.7972755789349666,0.7891716300818308,0.07170638202401967,53.2,53.2
60,"[(15, 25), (25, 35), (35, 45)]","[(30, 20), (50, 30), (70, 40)]",56906.370152553995,63615.15762695685,32569.57270020595,-1.0531604953781915,388148.3560473809,16139.268828609052,42964.846492857185,76138.15068254537,3.9965375108504495,6.470338008246906,0.7724632221256411,0.11869895147354943,53.800000000000004,53.800000000000004
50,"[(10, 20), (20, 30), (30, 40)]","[(15, 10), (30, 20), (45, 30)]",56831.92415084874,61814.545978029026,23586.12944114615,-1.0790628828642679,204409.68289923717,21840.523669912935,44652.89413605557,74490.86830279711,3.860487251659459,3.456720844753558,0.7465608346395647,0.08756682548028111,56.00000000000001,56.00000000000001
50,"[(5, 15), (15, 25), (25, 35)]","[(20, 25), (40, 35), (60, 45)]",56826.70560553365,62963.34894012031,24542.75725538851,-1.0808796165484802,178323.62599907827,27036.86545273551,46209.36619425639,73836.07848655718,3.850950346702109,5.379429900918881,0.7447441009553524,0.1309618723427565,56.8,56.8
60,"[(10, 20), (20, 30), (30, 40)]","[(20, 15), (40, 25), (60, 35)]",56825.2961873474,62880.02281768026,29443.8734492107,-1.0813703005989383,332798.76157906454,22504.963704831534,44807.4467094553,72467.62364002077,3.8483746313492904,5.239970049649894,0.7442534169048942,0.1063324540359798,54.0,54.0
70,"[(10, 20), (20, 30), (30, 40)]","[(30, 20), (50, 30), (70, 40)]",56791.139674622566,64336.68072464688,32967.71704502973,-1.09326475009357,315965.08289700316,17409.762638933356,43492.55440605988,74816.00747627762,3.7859535166778526,7.677924548270862,0.7323589674102626,0.13915119511854826,53.6,53.6
70,"[(5, 15), (15, 25), (25, 35)]","[(25, 30), (50, 50)]",56704.842721605346,63718.88601377268,30387.171325568128,-1.1233417748685581,269869.29936761013,18813.073659346945,44711.53341092344,76214.26429778738,3.6282456135473526,6.64394437530324,0.7022819426352744,0.13063744807769143,55.00000000000001,55.00000000000001
30,"[(20, 40), (40, 60)]","[(20, 15), (40, 25), (60, 35)]",56664.60836535206,60717.089740631716,21877.89802420849,-1.1373771484625594,218142.0688050292,23497.33039463778,46398.236089909245,69099.03119473289,3.554717224228151,1.6199489038563022,0.6882465690412731,0.044241281409203075,55.800000000000004,55.800000000000004
50,"[(10, 20), (20, 30), (30, 40)]","[(25, 30), (50, 50)]",56637.06180276501,63021.787386083706,27058.89963219067,-1.1469911040544067,392394.33055814955,26049.13402088506,46885.72356531469,72308.38745099975,3.504375810398745,5.47723616795488,0.6786326134494258,0.12094371659849709,54.0,54.0
60,"[(15, 25), (25, 35), (35, 45)]","[(20, 15), (40, 25), (60, 35)]",56607.19994868586,62621.34585159908,30047.548455078053,-1.1574173401341592,308012.55002903147,20321.189608648438,43742.98840330888,73011.22682730318,3.4498031954250505,4.80703197260989,0.6682063773696734,0.09558724427692274,53.0,53.0
60,"[(20, 40), (40, 60)]","[(20, 25), (40, 35), (60, 45)]",56589.000119081385,62312.41542003146,31465.693934713945,-1.1637739504488764,280605.66244667437,15928.661675136409,41949.01041077585,73326.36576142855,3.4165429601108124,4.289986527828972,0.6618497670549561,0.08146115982215031,53.6,53.6
70,"[(15, 25), (25, 35), (35, 45)]","[(20, 25), (40, 35), (60, 45)]",56570.605871808926,62356.716966303604,27323.325148690208,-1.1702001265690543,232520.90278881817,22205.72090458264,44154.39867256679,74854.1264450406,3.3829274260093403,4.364132388372821,0.6554235909347783,0.09543250884044543,52.800000000000004,52.800000000000004
70,"[(10, 20), (20, 30), (30, 40)]","[(20, 15), (40, 25), (60, 35)]",56529.46060119003,64237.87865811673,34020.3439129952,-1.1845806068486175,377127.2179723553,13553.066666888533,42626.464212690924,77516.5232625678,3.307734338349016,7.512563181392459,0.641043110655215,0.1319414986543173,52.2,52.2
50,"[(5, 15), (15, 25), (25, 35)]","[(30, 20), (50, 30), (70, 40)]",56518.8892564651,60912.880237969875,22233.594446283587,-1.1882766973460357,166994.3957223209,23564.669415829332,45584.819192274044,71143.66056760873,3.2884151787315776,1.9476362225396588,0.6373470201577969,0.052339568542572316,54.0,54.0
40,"[(10, 20), (20, 30), (30, 40)]","[(25, 30), (50, 50)]",56515.273633096636,61084.19997646941,21277.108843882175,-1.1895409653559064,249560.797981898,24505.236864966668,46273.765410732005,71314.7312987576,3.281807617745771,2.234367736630897,0.6360827521479262,0.06274426139209274,54.400000000000006,54.400000000000006
70,"[(10, 30), (20, 40), (30, 50)]","[(20, 25), (40, 35), (60, 45)]",56505.421707377405,63069.50476243101,30808.385773686558,-1.192986197509327,262173.46536002256,17605.32489520835,42890.89650708642,74944.96026909823,3.2638031982077207,5.5570989770413,0.6326375199945056,0.10777329553455657,54.6,54.6
70,"[(15, 25), (25, 35), (35, 45)]","[(20, 15), (40, 25), (60, 35)]",56446.15392321741,62543.792920309425,28537.38924984296,-1.2137223714217549,242187.65348843372,16879.046766119653,42305.14503402957,76371.51296567616,3.1554911705374202,4.677234497983482,0.6119013460820777,0.09792799889092667,53.400000000000006,53.400000000000006
60,"[(5, 15), (15, 25), (25, 35)]","[(20, 15), (40, 25), (60, 35)]",56421.40405630405,62164.98194587133,27583.880292380254,-1.2223868276516558,216819.47506741347,23938.568751986175,43760.41583652515,73215.65580590407,3.1102607252297307,4.043232571490315,0.6032368898521767,0.0875800802049525,52.400000000000006,52.400000000000006
40,"[(5, 15), (15, 25), (25, 35)]","[(30, 20), (50, 30), (70, 40)]",56362.598353272006,61319.590522059814,25212.053159324085,-1.2429857838850311,304169.56158206007,22486.984972898477,46193.550814739676,68950.46437539117,3.0027931520067503,2.6283321923966363,0.5826379336188015,0.06228794674654157,54.2,54.2
50,"[(10, 30), (20, 40), (30, 50)]","[(30, 20), (50, 30), (70, 40)]",56341.88521827295,61652.63714051922,26373.91209075291,-1.250245449657439,258892.01633429213,22223.588042256204,44360.709620599904,71933.41263150965,2.9649398446332245,3.185740007807762,0.5753782678463937,0.07217183542845498,54.800000000000004,54.800000000000004
60,"[(15, 25), (25, 35), (35, 45)]","[(25, 30), (50, 50)]",56285.36840939663,62433.191900386635,27429.870480856654,-1.2700646717900277,253491.40999703013,19669.50728287384,45148.5899122089,73092.97857578917,2.8616552313545407,4.492125658918902,0.5555590457138049,0.09784983872814666,55.00000000000001,55.00000000000001
70,"[(20, 40), (40, 60)]","[(20, 15), (40, 25), (60, 35)]",56265.936397696336,62239.91213818463,29608.875067297602,-1.2768827359100454,230923.4146084683,16262.258140002315,41768.13336203536,75960.94707622162,2.826143180097654,4.168640464832372,0.5487409815937871,0.08412101557464186,52.2,52.2
60,"[(20, 40), (40, 60)]","[(30, 20), (50, 30), (70, 40)]",56098.796762722974,63369.87809963411,30201.43481464355,-1.3356045416857198,278085.88749977463,13405.990162574511,43591.47583462921,77132.10510081104,2.520695068199816,6.059822729267407,0.4900191758181127,0.11988485395990882,53.0,53.0
70,"[(10, 20), (20, 30), (30, 40)]","[(20, 25), (40, 35), (60, 45)]",56088.03996482443,62570.15596292306,31108.94016367889,-1.3393885600031963,293669.6962228816,19510.344854302133,41885.9010007257,72814.1943097404,2.501036992431604,4.721357347988185,0.4862351575006363,0.09068044268238412,53.2,53.2
80,"[(20, 40), (40, 60)]","[(30, 20), (50, 30), (70, 40)]",56020.3273736854,61645.85395929846,33497.19242671683,-1.3632217837942662,354364.89750381745,12979.615165060011,39448.49533380743,74148.85538441931,2.3772920583325097,3.1743872481151674,0.4624019337095664,0.056621774076947566,51.4,51.4
60,"[(10, 30), (20, 40), (30, 50)]","[(20, 25), (40, 35), (60, 45)]",55982.6189364543,62340.39233778387,34042.74263128449,-1.3765042503255276,534258.4150084422,20512.048426409805,44530.52654313545,71458.68749917869,2.3083797925094247,4.336810461002191,0.449119467178305,0.07611633611158436,52.800000000000004,52.800000000000004
50,"[(5, 15), (15, 25), (25, 35)]","[(20, 15), (40, 25), (60, 35)]",55960.73555143655,61853.584145616,24292.021205561898,-1.3842157633083052,234455.2322001477,25160.82471181066,44837.7074470651,72209.65177196154,2.2683878502231334,3.522057582934432,0.44140795419552736,0.08662929405122181,51.6,51.6
70,"[(20, 40), (40, 60)]","[(15, 10), (30, 20), (45, 30)]",55939.19851860273,63961.83366762911,35149.83301663182,-1.3918075806699681,291742.9322844085,16456.273793300657,41780.33964180178,76173.17422415374,2.229028867441941,7.050556883851727,0.43381613683386444,0.11984836935455569,52.800000000000004,52.800000000000004
60,"[(10, 30), (20, 40), (30, 50)]","[(30, 20), (50, 30), (70, 40)]",55870.55876811658,62390.53156666297,31994.25732596354,-1.4160187471360608,346517.5708781464,17261.94733454651,43119.41190959045,72613.40244579816,2.1035895472563046,4.420726635155757,0.40960497036777177,0.08255694271167337,52.6,52.6
70,"[(20, 40), (40, 60)]","[(20, 25), (40, 35), (60, 45)]",55835.193701871365,62512.21205080558,32166.023797280828,-1.4285022883031906,286335.7286127923,14657.139989554424,41742.481536859224,76734.75840363966,2.038959797924473,4.624378763971378,0.397121429200642,0.08589897746510698,51.6,51.6
70,"[(10, 20), (20, 30), (30, 40)]","[(15, 10), (30, 20), (45, 30)]",55817.13649405983,62909.24234045714,35984.96576219525,-1.434878755179081,425234.46073317097,21025.733098337085,41473.6017149169,74129.85589181494,2.00596020430289,5.288873684924003,0.39074496232475164,0.08781608585761509,52.0,52.0
70,"[(20, 40), (40, 60)]","[(30, 20), (50, 30), (70, 40)]",55772.02977974384,63957.365058281575,35418.3603349945,-1.4508143150404162,301880.7280473714,14320.521303093035,41443.422921719466,76440.47200125021,1.923527568118601,7.043077937553291,0.3748094024634163,0.11881356225920188,51.2,51.2
60,"[(20, 40), (40, 60)]","[(20, 15), (40, 25), (60, 35)]",55748.13920513136,62434.529327784345,28118.576725113984,-1.4592586919064288,186783.67760867454,16328.045289194357,42779.334967232084,75699.5249607961,1.879867481696254,4.494364061721119,0.3663650255974038,0.09550077361792922,52.400000000000006,52.400000000000006
60,"[(15, 25), (25, 35), (35, 45)]","[(20, 25), (40, 35), (60, 45)]",55691.34439044779,61731.56800094041,28564.045999947528,-1.4793450491847437,237556.38963699678,18208.25031881375,43162.49985240332,71933.82145505221,1.7760748120912928,3.317843671491288,0.3462786683190888,0.06940139024573727,51.4,51.4
50,"[(10, 20), (20, 30), (30, 40)]","[(20, 15), (40, 25), (60, 35)]",55664.451873109676,62399.30466417822,25674.887611984606,-1.4888617177235441,186798.27213753757,25874.168340731267,45459.000340582235,69885.47345253066,1.7269286676330025,4.435409844200142,0.3367619997802884,0.10321841352249299,51.6,51.6
60,"[(5, 15), (15, 25), (25, 35)]","[(20, 25), (40, 35), (60, 45)]",55640.10912600384,61101.5341944491,23979.297769684123,-1.4974792509289236,197743.85204823624,23264.13692316936,44305.02266292645,71524.42564472873,1.6824422348184882,2.2633793765647114,0.3281444665749089,0.056396593008572284,52.0,52.0
50,"[(10, 20), (20, 30), (30, 40)]","[(30, 20), (50, 30), (70, 40)]",55604.07863298786,59692.45290230936,22067.10257273191,-1.5102398802818606,182640.98522170435,25895.38398009809,45346.52136886242,69407.70410570287,1.6165964163551882,-0.09494790032382114,0.31538383722197194,-0.002570822109722983,51.6,51.6
80,"[(10, 30), (20, 40), (30, 50)]","[(25, 30), (50, 50)]",55596.281206377185,62779.22732107274,31736.62395641127,-1.5130023026656114,261338.0884080776,14556.845964640002,42379.04041031675,75929.98416238118,1.6023465992111432,5.071272352531179,0.31262141483822115,0.09547467392037359,51.0,51.0
60,"[(5, 15), (15, 25), (25, 35)]","[(30, 20), (50, 30), (70, 40)]",55469.19546808745,61774.58594810569,26442.884414968987,-1.5580691758411258,184929.1138498951,21938.68836092868,43797.40760639185,72062.39203042885,1.3700970863057826,3.389841219653732,0.26755454166270676,0.0765953675408525,51.4,51.4
70,"[(10, 20), (20, 30), (30, 40)]","[(25, 30), (50, 50)]",55431.737325921255,63731.893323668686,38959.57384791623,-1.571368262880679,525985.9723931454,19507.98119134688,42421.778403777396,73515.31998121267,1.3016422353562276,6.66571422910643,0.25425545462315347,0.10222672973053688,51.0,51.0
70,"[(15, 25), (25, 35), (35, 45)]","[(30, 20), (50, 30), (70, 40)]",55430.97957488369,63365.47237240314,32052.712469901442,-1.5716373679430573,238234.75681843082,17450.988787777445,42475.38972920966,74715.37262625748,1.3002574433902216,6.0524490264432504,0.25398634956077526,0.11282317770447968,51.6,51.6
80,"[(5, 15), (15, 25), (25, 35)]","[(20, 25), (40, 35), (60, 45)]",55427.951646675254,64483.17409180741,41186.320325762754,-1.572712725190173,517430.97410935105,13895.532386665487,40967.05899170052,75007.21041182826,1.2947238968177595,7.923105082272055,0.25291099231365965,0.11494084824434664,51.2,51.2
80,"[(15, 25), (25, 35), (35, 45)]","[(30, 20), (50, 30), (70, 40)]",55349.60655226748,62785.62331447469,31775.695463697615,-1.600553041937136,226947.99377829785,16674.274041542205,41051.7001336425,75322.73336356247,1.151548035705431,5.081977090282468,0.22507067556669647,0.09555856363373166,51.6,51.6
80,"[(10, 20), (20, 30), (30, 40)]","[(20, 25), (40, 35), (60, 45)]",55300.705345559356,62761.40524572085,30670.976064839866,-1.6179463113745962,217274.43689908797,16609.51708130748,42589.94528291635,74913.59218904813,1.0621809549354868,5.041444203745454,0.20767740612923635,0.09821082126150846,51.0,51.0
60,"[(15, 25), (25, 35), (35, 45)]","[(15, 10), (30, 20), (45, 30)]",55138.72040201246,62621.43095588753,30882.28287349981,-1.6756494323541538,301637.49250314693,17694.01225668744,42994.861084464865,72996.73836430395,0.7661530548496576,4.807174408511891,0.1499742851496788,0.0930063191944711,50.2,50.2
60,"[(10, 20), (20, 30), (30, 40)]","[(30, 20), (50, 30), (70, 40)]",55129.81006506762,61587.40092023778,26373.260121844658,-1.6788274521679525,234561.5025814908,20056.800473808937,44302.61779191548,71267.04494024748,0.7498693912135048,3.0765565571516227,0.14679626533588008,0.0697000452065592,51.2,51.2
60,"[(20, 40), (40, 60)]","[(15, 10), (30, 20), (45, 30)]",55124.446305666715,61929.132765560775,30780.870458819394,-1.680740724272467,321644.74078865355,18186.298736779347,42374.18256304271,75264.0492310384,0.7400671071416157,3.6485005157452823,0.14488299323136555,0.07082156013022403,50.4,50.4
50,"[(20, 40), (40, 60)]","[(30, 20), (50, 30), (70, 40)]",55066.47366263684,60968.51947653909,27253.262878721853,-1.7014292824302335,244143.8142561596,23641.87809307801,43158.9682111935,70831.34044088075,0.6341219532107413,2.04075755962294,0.12419443507359906,0.04474091724225193,50.8,50.8
70,"[(20, 40), (40, 60)]","[(25, 30), (50, 50)]",55009.72481398775,62230.391800939564,28396.945914825814,-1.7216979913817099,188456.35204227353,13858.357414295751,42995.79672993676,76454.36091675202,0.5304132866517672,4.152706628271305,0.1039257261221227,0.0873758858040887,50.4,50.4
80,"[(10, 30), (20, 40), (30, 50)]","[(15, 10), (30, 20), (45, 30)]",54988.77942782047,62694.30919140437,38055.75092931678,-1.729183179059235,483124.8295429756,15508.206595119875,39258.508747226704,75380.64357504561,0.4921355396722031,4.929148017607127,0.09644053844459766,0.07738976690733725,51.0,51.0
60,"[(10, 20), (20, 30), (30, 40)]","[(15, 10), (30, 20), (45, 30)]",54857.10932930024,61480.50090500128,30346.775672357446,-1.7762900228214584,243805.20841018143,21174.61039180743,41804.00679822122,71610.02553919225,0.2515080966793118,2.8976419528357855,0.04933369468237414,0.05705111561744793,50.2,50.2
80,"[(15, 25), (25, 35), (35, 45)]","[(20, 15), (40, 25), (60, 35)]",54818.80455655228,63046.96706087556,34350.258668657705,-1.7900110819370485,264584.0237033847,18544.804367935467,39433.86102611256,74090.38326156356,0.1815060261685908,5.519378458975324,0.03561263556678407,0.09600462096035704,50.2,50.2
80,"[(20, 40), (40, 60)]","[(25, 30), (50, 50)]",54717.512193935916,62378.977733936874,32107.034700813307,-1.8263317665202727,273176.85100281815,15303.88737516233,41720.4542471302,74899.84765329353,-0.003606026491866659,4.4013894123691415,-0.0007080490164401709,0.08190710418889595,50.0,50.0
60,"[(10, 30), (20, 40), (30, 50)]","[(15, 10), (30, 20), (45, 30)]",54713.61270065555,61981.35119347917,30922.83765577174,-1.8277310935646662,276302.9208621851,20094.838453815377,41788.10127273577,74205.82853828499,-0.010732360470260369,3.7358965684805927,-0.0021073760608336656,0.07218508601398274,50.0,50.0
40,"[(10, 30), (20, 40), (30, 50)]","[(30, 20), (50, 30), (70, 40)]",54548.98884867683,60362.34968066465,26393.754576358842,-1.8868790178968253,313629.03166452283,24240.020864954735,44573.99834998919,69530.09471374164,-0.3115828724883202,1.026233577216059,-0.06125530039299276,0.023231487638102444,49.6,49.6
80,"[(15, 25), (25, 35), (35, 45)]","[(25, 30), (50, 50)]",54515.13610879041,60825.79345359302,28796.200699512632,-1.8990597121179675,232244.03392086862,13502.100955316142,41420.898306334944,73305.44383142726,-0.37344884151789803,1.8018822903867617,-0.07343599461413497,0.03738722227027605,49.4,49.4
80,"[(20, 40), (40, 60)]","[(20, 15), (40, 25), (60, 35)]",54464.26053635632,62974.16158629999,37016.56777987178,-1.917376847458252,408058.7321618848,13519.293395965995,38862.4426352375,75481.90578677779,-0.4664240807194828,5.397526627178129,-0.09175312995441942,0.08712255841701108,49.6,49.6
80,"[(20, 40), (40, 60)]","[(20, 25), (40, 35), (60, 45)]",54448.49601058969,61381.69472272907,33182.87650985456,-1.9230554523860022,307676.2289560266,15356.73039380858,40321.379528035155,75058.61031917225,-0.4952337920195546,2.732273697592028,-0.09743173488216961,0.049197399289461645,49.6,49.6
60,"[(10, 30), (20, 40), (30, 50)]","[(20, 15), (40, 25), (60, 35)]",54339.13998614639,60339.88877312197,25791.919014674506,-1.9624832872819353,181352.59723812665,20034.586029382877,41812.65506558476,71864.94130293983,-0.6950822073651082,0.9886415864508339,-0.13685956977810276,0.022902726830253545,49.2,49.2
70,"[(10, 30), (20, 40), (30, 50)]","[(20, 15), (40, 25), (60, 35)]",54296.24646552935,61940.56940305862,32249.529008125097,-1.9779656914747368,240118.13893837796,15230.16000214241,40112.7189162056,73919.61980670653,-0.773470226384131,3.6676415932100817,-0.1523419739709042,0.06795094294262864,49.4,49.4
80,"[(10, 30), (20, 40), (30, 50)]","[(20, 15), (40, 25), (60, 35)]",54081.97133764699,62346.520809341106,32986.49064266544,-2.0554550933083227,289369.6711957343,17039.245306645735,41306.820551167344,73914.74895260257,-1.165058572552093,4.347067457329998,-0.2298313758044901,0.07873942517791792,49.0,49.0
80,"[(5, 15), (15, 25), (25, 35)]","[(30, 20), (50, 30), (70, 40)]",54027.706904163526,61914.518051751584,33983.37044737217,-2.0751179847689483,262205.31374978373,17873.704714338477,40361.778584256754,72882.14037442088,-1.264226964019329,3.624040409424663,-0.2494942672651157,0.06371747492215453,49.2,49.2
80,"[(10, 30), (20, 40), (30, 50)]","[(30, 20), (50, 30), (70, 40)]",54025.98134218651,63117.85674334201,34575.92336625768,-2.0757435068259,231117.13408262408,15741.013907725375,39413.841426671606,76722.53075771502,-1.2673804329611869,5.6380239003300385,-0.25011978932206747,0.09742829454349747,49.2,49.2
80,"[(5, 15), (15, 25), (25, 35)]","[(20, 15), (40, 25), (60, 35)]",54004.05347408777,61773.611534449534,35329.664972580715,-2.0836938256246995,389132.46453214885,14272.728893446496,40244.4449876387,72229.25889841313,-1.3074536681921523,3.3882103795332186,-0.25807010812086695,0.05730108220725637,48.4,48.4
70,"[(5, 15), (15, 25), (25, 35)]","[(15, 10), (30, 20), (45, 30)]",53820.91001443795,62922.19028119986,35722.08933689754,-2.150196636333246,346236.21096530306,21186.529868987513,40761.421223513105,74699.09017388501,-1.6421488107619657,5.310544174769713,-0.3245729188294133,0.08882478160149447,47.599999999999994,47.599999999999994
80,"[(15, 25), (25, 35), (35, 45)]","[(15, 10), (30, 20), (45, 30)]",53585.650184384416,63015.323178421335,40288.685240290746,-2.2358900363893097,423788.5702683573,11667.88282017492,39448.519767683974,73142.10970226652,-2.0720867540075054,5.466417262517216,-0.41026631888547715,0.08106841068256473,48.8,48.8
80,"[(20, 40), (40, 60)]","[(15, 10), (30, 20), (45, 30)]",53222.64150251204,61297.18651708848,32432.832919944594,-2.368708356477345,247604.28645600346,13619.674061610966,38935.541224254164,75624.18101770987,-2.7354860518348145,2.5908354373618607,-0.5430846389735122,0.047729503722620276,47.8,47.8
80,"[(10, 20), (20, 30), (30, 40)]","[(20, 15), (40, 25), (60, 35)]",53123.1474505729,63450.0884168071,38902.20397238285,-2.405237939376359,365985.80832029163,15580.134704198877,39773.72700403568,77291.26724180256,-2.917311687117067,6.194067772425772,-0.5796142218725264,0.09513355392238332,47.0,47.0
80,"[(5, 15), (15, 25), (25, 35)]","[(15, 10), (30, 20), (45, 30)]",52739.672898419645,60260.035168159855,32499.61473950368,-2.546545985251414,281178.99418329605,16382.805058741711,38932.35061961014,71120.59726603827,-3.6181124154107955,0.8549935593351864,-0.7209222677475813,0.015718699275473196,47.0,47.0
70,"[(5, 15), (15, 25), (25, 35)]","[(20, 15), (40, 25), (60, 35)]",52728.19271040621,60797.212148399485,29274.718795548077,-2.550789020291555,289874.5338999293,22416.612991619186,41491.04376125343,73169.1630098573,-3.639092488470631,1.7540468162924112,-0.7251653027877225,0.03579978541272965,46.800000000000004,46.800000000000004
80,"[(10, 20), (20, 30), (30, 40)]","[(15, 10), (30, 20), (45, 30)]",52478.69826546413,58926.21673528393,28021.78928989142,-2.643184315905378,216848.25933947694,13783.339260604398,38886.26026585889,72268.87940225724,-4.095044226959847,-1.3773690518320665,-0.8175605984015455,-0.029368815592150856,47.8,47.8
80,"[(15, 25), (25, 35), (35, 45)]","[(20, 25), (40, 35), (60, 45)]",52405.179711090925,61096.4787865953,32526.65223857724,-2.670477472238031,270430.32181749685,15926.278300214448,40020.186730301444,73818.47883379266,-4.229399573771115,2.2549183272952837,-0.8448537547341983,0.04142127136885356,46.0,46.0
80,"[(10, 20), (20, 30), (30, 40)]","[(30, 20), (50, 30), (70, 40)]",52162.59922425223,60719.13019351705,33663.09785053594,-2.7607513003920836,338597.3198388972,14452.37683392242,38778.84424302353,72870.14671073339,-4.672716036080882,1.6233639344322723,-0.935127582888251,0.028813352244726517,44.800000000000004,44.800000000000004
70,"[(10, 30), (20, 40), (30, 50)]","[(15, 10), (30, 20), (45, 30)]",51347.82288840024,60783.69586343025,33043.11428085958,-3.0664413790241984,342256.9163543327,12054.76078413217,40464.28082880167,73214.26522284586,-6.161721881072075,1.7314251097216422,-1.2408176615203659,0.03130795593709025,45.6,45.6
