reserve_pct,buy_tiers,sell_tiers,median_value,mean_value,std_value,cagr,max_value,min_value,percentile_25,percentile_75,median_improvement,mean_improvement,cagr_improvement,sharpe_ratio,win_rate,beat_dca_rate
40,"[(20, 50), (40, 100)]","[(25, 25), (50, 50)]",69531.84871765101,66751.70624468388,28836.112658325088,2.992714637216376,222748.07301961025,18209.743388545718,45004.311847659555,81226.71087485015,25.442727131948534,3.757075273198687,4.564998557988609,0.08382196404405863,62.4,56.599999999999994
30,"[(5, 15), (15, 30), (25, 45), (35, 60)]","[(20, 20), (40, 40), (60, 60)]",69503.5281235273,66775.12524421816,26891.28710219162,2.984323402836875,176815.43590275315,18066.06298491067,44065.137869882165,82901.50240038772,25.391633818216846,3.79347714266692,4.556607323609107,0.09075499393823822,62.8,56.00000000000001
70,"[(20, 50), (40, 100)]","[(20, 20), (40, 40), (60, 60)]",69160.29451520857,66097.06642652117,26408.847260043516,2.8824071020439046,184987.8751261271,12608.106744579474,44777.718250743594,81560.83550756947,24.77240449144202,2.7395205661929554,4.454691022816137,0.06673747486587302,61.6,55.2
60,"[(5, 15), (15, 30), (25, 45), (35, 60)]","[(25, 25), (50, 50)]",69138.33124391848,66492.91581456385,24360.916040516448,2.875871787739648,158545.34501729129,18567.892966493335,47617.64386801759,82183.13170333614,24.73278045298799,3.3548183175559076,4.44815570851188,0.08859720893528276,63.800000000000004,56.599999999999994
50,"[(20, 50), (40, 100)]","[(20, 10), (40, 20), (60, 30)]",68925.14077768623,67031.58494468711,27362.529274634995,2.8123491187383776,167219.81517898547,10641.374299915624,45067.40929740612,84764.95638924383,24.34816255520562,4.192111274183501,4.384633039510611,0.09856465648151444,65.4,56.599999999999994
10,"[(10, 20), (20, 40), (30, 60)]","[(15, 10), (30, 20), (45, 30), (60, 40)]",68858.9876619565,66741.9601975627,27423.460501165937,2.7926060473831393,192347.1948098393,17696.706278615286,44745.077537457095,84223.97413682564,24.228815415751438,3.741926276990832,4.364889968155373,0.0877844556194145,63.2,58.599999999999994
10,"[(15, 30), (25, 50), (35, 70)]","[(25, 25), (50, 50)]",68579.22794524342,63807.843627674956,26932.747202030554,2.7089449904128315,174210.07344785548,14802.691936450585,40714.341480806725,80013.47908612115,23.724099627902085,-0.8187864138016608,4.281228911185064,-0.019558458505586934,57.99999999999999,53.6
70,"[(10, 40), (20, 60), (30, 80)]","[(20, 20), (40, 40), (60, 60)]",68548.40054740297,66898.75742882426,29645.881522546875,2.699709485528201,230311.5161407512,15005.957633521934,44995.70202168604,79636.12153707058,23.668483778089286,3.9856477193611606,4.2719934063004334,0.08649264757422676,63.6,56.599999999999994
10,"[(5, 15), (15, 30), (25, 45), (35, 60)]","[(20, 20), (40, 40), (60, 60)]",68513.68552771243,65821.97560724893,27609.967680024136,2.6893053190023553,173060.19550933206,15897.009623704009,43166.716674415744,83314.42118138325,23.605854251868802,2.311926719564218,4.2615892397745885,0.05387072445063767,59.199999999999996,57.8
30,"[(20, 50), (40, 100)]","[(20, 20), (40, 40), (60, 60)]",68428.59420854639,65580.75274871355,27336.082792398814,2.6637854173647613,159434.3659580072,13502.903748104713,43859.41399033678,81312.07791289678,23.452340612748014,1.9369763295483202,4.2360693381369945,0.04558612555829423,60.6,56.8
40,"[(15, 30), (25, 50), (35, 70)]","[(25, 25), (50, 50)]",68412.00751813155,66806.66219892405,28086.7914306137,2.6588079146881993,164767.03943076706,15303.342962099137,44954.40432447613,81452.74717643716,23.422416488507043,3.8424973455560036,4.2310918354604325,0.08801487912080472,62.0,55.60000000000001
40,"[(20, 50), (40, 100)]","[(20, 20), (40, 40), (60, 60)]",68401.56186605993,67313.50627062657,28503.366488746724,2.65567278175618,172388.41490534344,13867.434170899627,43792.117729902224,83252.72824269865,23.403571439702773,4.630322278549403,4.227956702528413,0.10451044881085629,64.0,55.2
10,"[(10, 20), (20, 40), (30, 60)]","[(20, 10), (40, 20), (60, 30)]",68267.50937510951,67091.70728668402,28667.805589816708,2.6154045521438407,191372.79393734044,16736.68861954593,43953.903248718314,85700.24202627537,23.161726726038744,4.285563842141949,4.187688472916074,0.09617410833133502,59.199999999999996,58.4
80,"[(15, 30), (25, 50), (35, 70)]","[(15, 10), (30, 20), (45, 30), (60, 40)]",68258.89501660803,66575.55058088723,26839.358214116386,2.6128147095921817,176609.62455308955,17418.399134806223,45817.35698301318,79993.12065361321,23.146185522362337,3.4832635986123823,4.185098630364415,0.08349469151767008,64.4,56.599999999999994
70,"[(20, 50), (40, 100)]","[(25, 25), (50, 50)]",68226.93559356194,66660.54564707437,28371.833103033052,2.6032040626180253,186523.3605424376,14135.888424914303,44941.034218109984,79513.7025728706,23.088527380684766,3.615377666946508,4.1754879833902585,0.0819805682755966,62.0,54.6
80,"[(20, 50), (40, 100)]","[(20, 20), (40, 40), (60, 60)]",68114.024780377,64880.355860710995,26978.163110496647,2.5692213322410007,184001.15830049085,13475.347427503859,43580.019238351335,77487.07597807502,22.884824464829336,0.8482980512251661,4.141505253013234,0.020229294789581954,61.8,54.2
70,"[(20, 50), (40, 100)]","[(15, 10), (30, 20), (45, 30), (60, 40)]",68023.18601000294,66335.54082850668,26523.019104063955,2.5418488894599633,146372.28414876357,15629.701030727694,45642.95199595862,79523.6393742159,22.72094182262739,3.1101988285109696,4.114132810232196,0.07544141842935055,62.8,56.8
80,"[(10, 20), (20, 40), (30, 60)]","[(30, 15), (50, 25), (70, 35)]",67957.38256079335,65884.11827311384,24244.073752927543,2.5220020689115774,160791.3660340818,18904.107173020944,47531.41704508933,79089.50900523819,22.602225518145698,2.4085196251625924,4.09428598968381,0.06391300581897455,62.6,56.599999999999994
20,"[(15, 30), (25, 50), (35, 70)]","[(25, 25), (50, 50)]",67938.77568521048,65513.32448858698,26460.997217931177,2.516387305590917,166169.68410972145,14184.201070742753,44777.649305099185,80415.90609988467,22.56865676857888,1.8321676369308062,4.08867122636315,0.04454548075462903,62.8,54.800000000000004
20,"[(20, 50), (40, 100)]","[(15, 10), (30, 20), (45, 30), (60, 40)]",67748.10459164443,65935.03161306235,26459.670945193408,2.4587798731017685,185201.31401869844,14070.077814448376,45142.03361058182,81309.3373284651,22.224666174293343,2.48765796547833,4.031063793874001,0.060485444815622305,61.199999999999996,55.00000000000001
30,"[(10, 20), (20, 40), (30, 60)]","[(15, 10), (30, 20), (45, 30), (60, 40)]",67587.20192364938,65117.3450073745,26869.887825137397,2.4100653734659083,189682.95219445802,18079.86296658565,42821.410334243745,81263.44966391141,21.934380933093056,1.2166676722077663,3.982349294238141,0.02913068957343744,59.4,55.2
80,"[(15, 30), (25, 50), (35, 70)]","[(20, 20), (40, 40), (60, 60)]",67568.4969446421,65973.03254106079,26541.03222734282,2.4043962818016906,166757.3764334368,19046.494916008454,46018.136732674,80234.02068734105,21.90063519468839,2.5467255963840083,3.9766802025739234,0.061731807593584695,62.2,56.00000000000001
60,"[(10, 20), (20, 40), (30, 60)]","[(20, 10), (40, 20), (60, 30)]",67564.20628128349,66575.62651827642,25983.47096957786,2.4030956935936487,186363.28943873075,19150.437897546093,44261.34419164754,82469.78550790934,21.89289438924692,3.483381633668709,3.9753796143658815,0.08624790254669712,64.2,55.400000000000006
70,"[(15, 30), (25, 50), (35, 70)]","[(25, 25), (50, 50)]",67522.29455891968,64458.81887654735,26206.112076278678,2.390387913263492,149500.7612023941,14962.0665625002,42680.53725220058,79919.71682527957,21.817281258730805,0.19307218424910758,3.9626718340357248,0.004739819089473202,60.6,54.800000000000004
20,"[(15, 30), (25, 50), (35, 70)]","[(15, 10), (30, 20), (45, 30), (60, 40)]",67436.70330042101,65812.79589119447,27731.921275118366,2.3644167309833097,158388.17988088474,16170.758581765002,42161.3532687368,82751.20585558697,21.662865676767392,2.297658013290898,3.9367006517555425,0.05330280690842004,60.8,56.39999999999999
70,"[(5, 15), (15, 30), (25, 45), (35, 60)]","[(15, 10), (30, 20), (45, 30), (60, 40)]",67436.58980261098,65559.40266821119,26404.435003005834,2.364382274539323,175531.48973692767,15664.700780286485,44053.60838140931,82260.98579937022,21.662660914847837,1.9037903327491876,3.9366661953115556,0.046385996208759064,62.2,55.00000000000001
70,"[(5, 15), (15, 30), (25, 45), (35, 60)]","[(20, 20), (40, 40), (60, 60)]",67428.57223144843,64384.28667684694,24542.723215733877,2.361948127870228,174690.67985192503,17326.849866187327,44058.74341714864,79048.02099194286,21.648196377946356,0.07722131706309013,3.934232048642461,0.002024226494464845,62.8,54.400000000000006
80,"[(10, 40), (20, 60), (30, 80)]","[(20, 10), (40, 20), (60, 30)]",67418.87033907101,65322.25264489098,27413.378874714297,2.3590023091079715,157198.47101896402,14331.276691357274,44083.46600028954,79787.71645647497,21.630693149417144,1.5351706493738964,3.9312862298802043,0.036027882704186984,59.599999999999994,56.00000000000001
70,"[(10, 40), (20, 60), (30, 80)]","[(25, 25), (50, 50)]",67418.32984850886,65991.7910050471,28892.723339930275,2.358838188137602,173944.8075110002,16706.62409691113,42163.04566819277,83728.56770425549,21.629718047915368,2.575883253458754,3.9311221089098347,0.05735646097747746,59.4,54.2
70,"[(10, 20), (20, 40), (30, 60)]","[(25, 25), (50, 50)]",67322.54084551008,65443.08873992436,28448.092331640953,2.3297350401102035,200294.63896087202,18902.225262375534,42512.44479434674,80418.97400801441,21.4569046683343,1.7229950588674947,3.9020189608824363,0.03896507648859578,59.199999999999996,54.2
60,"[(10, 20), (20, 40), (30, 60)]","[(25, 25), (50, 50)]",67282.02818632695,64397.070112742425,25852.18098430045,2.317416289573604,166020.98077212754,19631.725975375968,43296.84230096874,77885.12894097148,21.383815594118303,0.09709154952720317,3.8897002103458367,0.0024161778270477413,60.199999999999996,53.400000000000006
30,"[(20, 50), (40, 100)]","[(15, 10), (30, 20), (45, 30), (60, 40)]",67274.89680520765,64769.36039379158,27563.450443174228,2.3152472246750433,171723.1422073416,13556.942325727054,41529.965424575996,80851.95403868103,21.370949836737765,0.6757696521168891,3.887531145447276,0.015772834697185437,58.199999999999996,54.800000000000004
50,"[(15, 30), (25, 50), (35, 70)]","[(30, 15), (50, 25), (70, 35)]",67253.92813119807,65470.075300396784,26403.04629419062,2.3088683740311255,148654.59788905777,11840.868590018825,44152.58219674291,80568.603099548,21.33312015579855,1.7649422500904184,3.8811522948033583,0.04300521392409497,60.6,55.800000000000004
50,"[(15, 30), (25, 50), (35, 70)]","[(20, 20), (40, 40), (60, 60)]",67216.98545219486,64480.90071146402,26627.432906381437,2.2976262220549604,168591.86168710107,17480.811360751803,42004.108111677015,80049.54732843486,21.266471699196433,0.22739560063071199,3.869910142827193,0.005494110743271284,61.8,55.400000000000006
80,"[(15, 30), (25, 50), (35, 70)]","[(30, 15), (50, 25), (70, 35)]",67211.39063014663,65248.15808795539,26254.748300822816,2.2959232118196393,174028.29582081473,16716.09066050972,45224.092634206994,77900.49766573687,21.256378055082394,1.4200000424515815,3.868207132591872,0.034795665577164334,60.8,56.00000000000001
30,"[(15, 30), (25, 50), (35, 70)]","[(20, 20), (40, 40), (60, 60)]",67152.6013399491,65265.516517375254,26284.55828462436,2.2780214547189814,151544.98097548747,16740.396135171257,43400.66522707656,80486.69302646881,21.15031602704002,1.4469815230648209,3.850305375491214,0.03541660700657365,60.8,57.599999999999994
60,"[(20, 50), (40, 100)]","[(30, 15), (50, 25), (70, 35)]",67082.41294881109,66305.5722423139,29413.109493514115,2.2566321628096686,258839.72675211972,10738.352718913166,42503.36170561872,82998.17882983213,21.02368882871671,3.0636164558890875,3.8289160835819014,0.06700976639281128,61.0,56.00000000000001
10,"[(10, 20), (20, 40), (30, 60)]","[(30, 15), (50, 25), (70, 35)]",67065.41481546161,66261.53071882768,29185.05467209786,2.2514494390668993,264751.22983114957,17437.350834243272,42893.68623057662,85471.86419356757,20.99302241839056,2.9951594841563303,3.823733359839132,0.06602434342542333,59.599999999999994,56.99999999999999
80,"[(15, 30), (25, 50), (35, 70)]","[(25, 25), (50, 50)]",67051.91468762685,63785.96461563374,25398.092075342138,2.247332506948574,151370.523647757,15105.690622506268,44622.20512211611,76402.71231829004,20.96866677585473,-0.8527945677047597,3.8196164277208067,-0.021601702561203206,59.8,52.6
70,"[(5, 15), (15, 30), (25, 45), (35, 60)]","[(25, 25), (50, 50)]",66869.43230607102,64773.99013852068,24095.55601262593,2.1916184185666765,166004.71698599565,16088.998538091892,46314.819739927465,77748.686163087,20.63944947445878,0.6829660040811683,3.7639023393389093,0.018235042678538538,64.0,56.8
20,"[(10, 20), (20, 40), (30, 60)]","[(20, 20), (40, 40), (60, 60)]",66830.62999587363,65942.33245869853,27112.471138736804,2.1797559234565167,173244.37199247145,20300.125435351354,43617.64346104226,81437.9852640549,20.569446048691333,2.4990062055885307,3.7520398442287495,0.059298387233104766,62.4,56.99999999999999
40,"[(10, 20), (20, 40), (30, 60)]","[(15, 10), (30, 20), (45, 30), (60, 40)]",66773.74530349323,65593.37691655676,26057.554010039737,2.1623553872981205,201192.4284081545,15787.923702105416,44141.85632112698,80560.60018699613,20.46682011430497,1.9565989999916549,3.7346393080703533,0.04830730734759059,63.0,58.4
20,"[(15, 30), (25, 50), (35, 70)]","[(30, 15), (50, 25), (70, 35)]",66750.81099392104,65015.901006835076,26982.43082051151,2.1553366255454343,162411.53684035738,12611.147907574898,41233.795954738074,82719.4194021349,20.425444221233207,1.0589858181829286,3.727620546317667,0.025249554612026888,60.8,53.400000000000006
60,"[(15, 30), (25, 50), (35, 70)]","[(20, 10), (40, 20), (60, 30)]",66651.2917299935,65684.02293361344,27180.65908204187,2.1248576184360157,173515.20913841287,14510.486786438096,44005.92786694998,79931.13508508625,20.245901060804268,2.0974967559304964,3.6971415392082485,0.04964619449708839,62.8,57.599999999999994
50,"[(5, 15), (15, 30), (25, 45), (35, 60)]","[(15, 10), (30, 20), (45, 30), (60, 40)]",66623.7942788498,65243.78649186524,24759.64964818396,2.1164297643396113,153730.40060906386,15792.352328299723,44922.90139174983,80087.2523535641,20.196292783097594,1.4132049498598405,3.688713685111844,0.03672022256036216,62.4,59.199999999999996
40,"[(10, 40), (20, 60), (30, 80)]","[(15, 10), (30, 20), (45, 30), (60, 40)]",66579.90649863277,65345.59540883684,29010.353028196783,2.102972575830586,182621.25608085937,15230.955006955523,41806.9376366663,83375.47258551753,20.117114637546656,1.5714540202728693,3.675256496602819,0.03484924025525881,59.0,54.800000000000004
30,"[(10, 20), (20, 40), (30, 60)]","[(20, 10), (40, 20), (60, 30)]",66513.11467641348,65948.05119235828,28054.351613211147,2.0824787597851557,187936.1819717602,13854.676377946755,42432.61349714569,82595.21631255801,19.996615204785652,2.5078952529580123,3.6547626805573885,0.057511382488382196,62.2,55.800000000000004
50,"[(15, 30), (25, 50), (35, 70)]","[(15, 10), (30, 20), (45, 30), (60, 40)]",66470.55162347035,64808.09150149966,25986.398085924196,2.069410496294677,161034.13926914948,15397.591954456577,43597.99779330401,80908.69643762353,19.919827005784533,0.7359722549260277,3.6416944170669097,0.018220488028650332,61.6,56.8
80,"[(10, 20), (20, 40), (30, 60)]","[(20, 20), (40, 40), (60, 60)]",66453.02422027355,64502.510567601144,27910.33278189297,2.064027058385842,209324.4902912167,20443.413468292856,42739.21786927528,77586.44860183223,19.888205737299696,0.26098538576135477,3.636310979158075,0.006015833728888389,57.4,55.800000000000004
80,"[(20, 50), (40, 100)]","[(20, 10), (40, 20), (60, 30)]",66445.03465398017,65077.06318761032,28623.74115360834,2.061572733578654,164803.65759580905,16525.13317594889,41869.237476744835,79878.2817581654,19.8737917241111,1.1540546838581862,3.6338566543508866,0.02593848712363001,60.4,55.2
80,"[(10, 40), (20, 60), (30, 80)]","[(25, 25), (50, 50)]",66442.88181276796,65108.71030510643,26642.023826686665,2.060911359229789,168170.4631265223,15450.006429091809,44793.588084194955,80682.93913033656,19.869907773407608,1.2032461208558785,3.6331952800020217,0.02905573780261014,62.0,56.599999999999994
60,"[(10, 20), (20, 40), (30, 60)]","[(15, 10), (30, 20), (45, 30), (60, 40)]",66437.3537478134,65077.512913563536,26512.219812851483,2.0592130038620704,204606.67115692745,16773.501409126347,43736.71247570756,78885.75505443112,19.859934566072386,1.1547537259082719,3.631496924634303,0.028021277453956824,61.6,55.2
10,"[(10, 40), (20, 60), (30, 80)]","[(20, 20), (40, 40), (60, 60)]",66434.27968820519,65519.037114574436,28694.293889670233,2.0582685294258107,232381.05214765767,16335.109730744132,40805.514740980034,83089.83293258859,19.854388641036145,1.84104719069705,3.6305524501980435,0.04127756106706253,60.199999999999996,56.2
60,"[(5, 15), (15, 30), (25, 45), (35, 60)]","[(15, 10), (30, 20), (45, 30), (60, 40)]",66429.45061255235,65788.83830798377,25037.305387197248,2.056784773050069,143379.92362814292,17977.53873352849,44497.35086955267,81743.75345733426,19.845676483505585,2.26041898369298,3.6290686938223016,0.05808259472123743,63.0,55.800000000000004
60,"[(20, 50), (40, 100)]","[(15, 10), (30, 20), (45, 30), (60, 40)]",66297.58744114292,65128.82301617635,28947.156273871093,2.0162358018892546,175650.4384903416,14905.650251605064,41822.31496406574,79587.42712596117,19.60778153126528,1.2345087835476742,3.5885197226614873,0.027436766582350225,60.199999999999996,51.2
60,"[(10, 40), (20, 60), (30, 80)]","[(15, 10), (30, 20), (45, 30), (60, 40)]",66049.68869380628,65043.35456711257,26957.864654306235,1.9398299831050014,161067.6447659519,16455.792124465865,42726.58638825974,81036.95344982018,19.160546264376595,1.101658901471431,3.512113903877234,0.02629095182180982,60.199999999999996,52.800000000000004
50,"[(10, 20), (20, 40), (30, 60)]","[(25, 25), (50, 50)]",66048.81805319483,65426.89180429457,25492.986770671152,1.9395612356646108,196200.4932920676,17941.04843100404,45261.75912782243,79527.11498939109,19.15897553765688,1.6978189732828868,3.5118451564368436,0.042846496091382996,62.6,55.800000000000004
40,"[(5, 15), (15, 30), (25, 45), (35, 60)]","[(30, 15), (50, 25), (70, 35)]",66020.51539669896,65590.08262641956,25118.73371908356,1.9308232896222188,153233.1300627977,19300.69839043677,45316.63087969398,81533.27166301422,19.107914585281833,1.95147844309556,3.5031072103944516,0.049981658876315185,60.4,57.599999999999994
60,"[(10, 20), (20, 40), (30, 60)]","[(30, 15), (50, 25), (70, 35)]",65991.61813400578,65724.22607941987,26361.989993296844,1.9218986770276558,159360.58048424643,16134.607654767933,44660.39303097905,80071.15189854064,19.055780901139467,2.159987455574438,3.4941825977998886,0.052712994485844065,61.6,55.800000000000004
50,"[(5, 15), (15, 30), (25, 45), (35, 60)]","[(25, 25), (50, 50)]",65922.89309908624,65372.96009575966,27706.91616326726,1.9006611139654517,290329.09248373634,16026.87800347044,43337.928114309965,80188.50786876163,18.931793750480598,1.6139889611846636,3.4729450347376845,0.037476326970987045,62.4,56.2
10,"[(15, 30), (25, 50), (35, 70)]","[(15, 10), (30, 20), (45, 30), (60, 40)]",65901.90102907625,65589.97924344789,27740.840341315197,1.8941705665121988,165114.03061378136,13545.780837487435,42682.078207293205,84109.31838540887,18.89392186070975,1.9513177473564154,3.4664544872844316,0.04525358935543468,61.0,54.400000000000006
10,"[(20, 50), (40, 100)]","[(20, 10), (40, 20), (60, 30)]",65890.88198294172,66072.47917081241,29978.66346465526,1.890762920755984,218310.42947056744,16745.389043783918,42434.86312504581,82184.20816924647,18.874042349047095,2.701302790425793,3.4630468415282167,0.057970313673056925,60.6,52.800000000000004
80,"[(15, 30), (25, 50), (35, 70)]","[(20, 10), (40, 20), (60, 30)]",65859.35515060922,64616.19730404109,25768.440016712695,1.8810107126401965,156251.7145096882,16499.259273923304,42931.806691761194,77640.87544004542,18.8171646462597,0.43769702257143256,3.4532946334124293,0.010927733987432813,61.6,54.400000000000006
80,"[(5, 15), (15, 30), (25, 45), (35, 60)]","[(20, 20), (40, 40), (60, 60)]",65812.64475253382,66817.74368975023,27205.594851650803,1.8665548977565338,181703.8089427519,22110.84334333359,46566.547353699694,81977.99081477989,18.73289420288646,3.859722119909738,3.4388388185287666,0.09127302883922153,63.4,56.599999999999994
80,"[(10, 20), (20, 40), (30, 60)]","[(20, 10), (40, 20), (60, 30)]",65759.76398558856,66029.99230175234,26706.16468133517,1.8501795834803492,225369.68866381992,21098.539587120715,47605.16371353416,78705.36001906841,18.637491768738936,2.635262332148528,3.422463504252582,0.06348293271290671,62.2,56.8
70,"[(20, 50), (40, 100)]","[(30, 15), (50, 25), (70, 35)]",65744.89171525277,65574.18628498165,28703.79836169688,1.8455722662960028,165942.45804056135,18415.044836923294,42962.81582701187,79146.14439283013,18.6106606376246,1.9267695931210607,3.4178561870682356,0.043185212740640216,60.199999999999996,51.4
40,"[(10, 20), (20, 40), (30, 60)]","[(30, 15), (50, 25), (70, 35)]",65732.4054719086,65700.21407357212,26042.985205254172,1.8417034783716923,159198.72438897763,18348.839030715917,45948.79320624779,80069.12011757714,18.588134148747734,2.1226638328782217,3.413987399143925,0.052436670241216204,60.8,56.99999999999999
50,"[(5, 15), (15, 30), (25, 45), (35, 60)]","[(20, 10), (40, 20), (60, 30)]",65692.71594357962,64884.20001340881,26433.472313468224,1.8294020092767482,184972.35885237882,14157.137454720047,43772.751147591014,79693.63572682459,18.51653008868045,0.8542732998482742,3.401685930048981,0.020791569137190102,60.8,55.400000000000006
50,"[(10, 20), (20, 40), (30, 60)]","[(20, 20), (40, 40), (60, 60)]",65686.47507821294,64296.79706696825,25293.283631700557,1.8274671593320635,172292.33567702654,12462.684140740108,44467.41648430905,79398.53607429862,18.505270914852954,-0.0587702035810611,3.3997510801042963,-0.0014948466102558038,60.6,55.2
80,"[(5, 15), (15, 30), (25, 45), (35, 60)]","[(15, 10), (30, 20), (45, 30), (60, 40)]",65681.45042229071,65098.065912164035,24766.461160505158,1.8259092628508666,170356.79267145373,20512.160605412002,45376.24144621697,77910.18635575894,18.4962059100615,1.186700759817262,3.3981931836230994,0.03082633651004539,61.0,58.199999999999996
30,"[(15, 30), (25, 50), (35, 70)]","[(30, 15), (50, 25), (70, 35)]",65615.87861945182,65343.64522141904,27157.651059656997,1.8055699545493464,160033.15146568432,14931.940429189395,42604.76112322077,82063.4904990098,18.37790751985947,1.5684227008641447,3.377853875321579,0.037154854554068854,60.6,56.2
60,"[(15, 30), (25, 50), (35, 70)]","[(15, 10), (30, 20), (45, 30), (60, 40)]",65612.07429531994,64311.5397149242,26855.48134687728,1.804389416005625,155951.4068893175,15231.880349433994,42290.997593126944,80950.95610146984,18.371044121247202,-0.035854624043891156,3.376673336777858,-0.0008589282405775071,58.199999999999996,55.00000000000001
50,"[(20, 50), (40, 100)]","[(30, 15), (50, 25), (70, 35)]",65586.50897004294,65514.71589087132,27392.743627298933,1.7964546933279646,170072.10986603703,16440.483599601343,43809.62521401344,80180.15753458001,18.324921600677026,1.8343303956028048,3.3687386141001974,0.043081089673248946,58.8,54.800000000000004
30,"[(15, 30), (25, 50), (35, 70)]","[(15, 10), (30, 20), (45, 30), (60, 40)]",65580.61571064396,65522.6406906362,28197.32267319394,1.7946252485656178,179111.99425869188,17455.85688054812,42652.39769284255,84338.81061252023,18.31428954436992,1.8466484934011769,3.3669091693378506,0.04213286694407641,60.6,55.00000000000001
70,"[(15, 30), (25, 50), (35, 70)]","[(20, 10), (40, 20), (60, 30)]",65573.91691720349,66478.29836684237,29208.25735053069,1.792545582116678,218721.26847942494,16424.505359083716,44381.68715767787,82987.54743380583,18.30220422040451,3.3320973459303995,3.364829502888911,0.07339334541079996,60.8,56.599999999999994
40,"[(20, 50), (40, 100)]","[(15, 10), (30, 20), (45, 30), (60, 40)]",65497.511140297,65602.45915070282,27533.530200226654,1.7688130788878986,151839.75525914595,15357.644047523328,41359.7427548727,82671.80856254179,18.16436020790449,1.9707161829815127,3.3410969996601314,0.04604758253720234,60.199999999999996,54.800000000000004
40,"[(10, 20), (20, 40), (30, 60)]","[(20, 10), (40, 20), (60, 30)]",65396.09890189087,65301.64175130719,26757.28430707208,1.7372790532161897,187924.8522445485,17973.127523086536,43511.84217548573,81744.83464159982,17.981401923537884,1.503133625044026,3.3095629739884225,0.036141003471875544,62.4,54.0
70,"[(20, 50), (40, 100)]","[(20, 10), (40, 20), (60, 30)]",65381.08167582257,63661.196358025416,26748.915149509372,1.7326061381657265,164350.63718572317,13603.416270012412,40635.06816819087,79686.91703238024,17.954309277121787,-1.046731026031677,3.3048900589379593,-0.025175237368617886,59.0,53.400000000000006
60,"[(15, 30), (25, 50), (35, 70)]","[(30, 15), (50, 25), (70, 35)]",65370.983086543805,65021.641049902995,27081.840568353833,1.729463274027454,181859.63327695936,16771.945216491396,43121.88674151445,80320.56227388149,17.93609036589367,1.067907988329207,3.301747194799687,0.025368822399703804,59.599999999999994,54.400000000000006
80,"[(10, 40), (20, 60), (30, 80)]","[(30, 15), (50, 25), (70, 35)]",65338.0561413586,63635.768157161,28315.704545953242,1.719213112920004,189594.71356001814,15374.107263519087,39530.982893267974,79689.23567556217,17.87668671308804,-1.0862559445630475,3.2914970336922367,-0.024680243713243837,58.4,54.800000000000004
40,"[(10, 40), (20, 60), (30, 80)]","[(30, 15), (50, 25), (70, 35)]",65308.141825192855,65393.10825877158,28969.80208854461,1.7098972002948631,184640.49332856375,10776.929125793578,41544.06279105496,82369.34309468619,17.822718158111805,1.6453067294313821,3.282181121067096,0.036538102996665066,60.0,55.2
20,"[(10, 20), (20, 40), (30, 60)]","[(25, 25), (50, 50)]",65276.87063896644,65945.54888810027,28071.090324729063,1.7001550811620136,178097.9414556862,18221.82163770135,42305.18010478981,83003.30629254796,17.766301667636743,2.5040057378300613,3.2724390019342464,0.05738794693036144,61.199999999999996,56.39999999999999
20,"[(20, 50), (40, 100)]","[(20, 10), (40, 20), (60, 30)]",65255.850634392715,65261.974333213744,28046.35672010839,1.6936044818179674,181487.32892992883,11314.771410442523,42382.83031872918,83792.79024699918,17.728379380991367,1.4414756462962164,3.2658884025902,0.03306553133446798,58.8,53.6
70,"[(10, 20), (20, 40), (30, 60)]","[(30, 15), (50, 25), (70, 35)]",65238.39922274038,64433.72844579275,26354.98290781109,1.6881647034356462,196666.86330203293,17577.35250794388,43934.22037000553,77915.07719126798,17.69689520920038,0.1540722865850773,3.260448624207879,0.0037610268946917614,61.0,55.00000000000001
30,"[(20, 50), (40, 100)]","[(20, 10), (40, 20), (60, 30)]",65185.63134904322,64055.22714375848,25341.074991890328,1.6717093482927714,149074.36657976304,15161.815303858153,42919.39933084884,80132.3922308736,17.60169644627945,-0.43426006168806547,3.243993269065004,-0.011024769178034556,58.8,54.2
80,"[(20, 50), (40, 100)]","[(25, 25), (50, 50)]",65123.44984570591,64516.25946601829,27460.429632428815,1.6523047240487587,191614.42404676165,14414.17142724261,42399.533631978884,78787.30439887746,17.48951451095552,0.2823563074687636,3.2245886448209915,0.006615075662779695,60.199999999999996,55.00000000000001
20,"[(10, 20), (20, 40), (30, 60)]","[(15, 10), (30, 20), (45, 30), (60, 40)]",65096.6321622705,66204.56018008984,29593.91746375759,1.643931308686919,177422.21913023008,11108.952064310904,43354.20596164437,83030.19251427516,17.44113260528867,2.906605995283573,3.2162152294591517,0.06318709025638673,57.599999999999994,57.99999999999999
30,"[(10, 40), (20, 60), (30, 80)]","[(15, 10), (30, 20), (45, 30), (60, 40)]",65085.4756676044,64073.679446819144,27578.56588752052,1.6404470494042922,157832.50452637,12214.151322978825,39686.567175023054,82546.56463998098,17.4210051220999,-0.4055782930062082,3.212730970176525,-0.009461231614159491,58.199999999999996,53.400000000000006
20,"[(10, 20), (20, 40), (30, 60)]","[(20, 10), (40, 20), (60, 30)]",65062.207927888754,64178.75978645905,26922.719008427688,1.6331788172922357,169119.9222517502,16124.713362649723,40958.66720723515,81755.75995494387,17.379027686177274,-0.2422442102820035,3.2054627380644685,-0.005788674604504043,59.4,54.400000000000006
20,"[(10, 40), (20, 60), (30, 80)]","[(20, 20), (40, 40), (60, 60)]",65060.89518569889,64614.162769574374,27969.04012648351,1.6327686890695192,180615.20319894628,14540.442881606325,41755.47108792162,82948.91723633828,17.37665936197255,0.434534596355164,3.205052609841752,0.009995199050193086,59.4,55.00000000000001
60,"[(15, 30), (25, 50), (35, 70)]","[(25, 25), (50, 50)]",65053.14219284535,65821.25869310582,27230.35581110154,1.6303463563037912,178998.85082114092,12363.444418944717,44711.189368810046,82350.37955703356,17.36267215201165,2.310812367304245,3.202630277076024,0.05459539556337311,63.0,53.6
30,"[(10, 20), (20, 40), (30, 60)]","[(25, 25), (50, 50)]",65022.735224705786,65587.56391713099,27504.693358601922,1.620843821791107,225128.4042380586,16517.98935313648,44600.96502773285,80920.94351783613,17.30781480135023,1.947563428424803,3.1931277425633398,0.045554307933115004,62.6,55.400000000000006
40,"[(10, 40), (20, 60), (30, 80)]","[(25, 25), (50, 50)]",65001.038706093525,63976.879113822804,27083.580809484334,1.61406123149066,139618.7277978848,17858.703321607965,41089.69221945996,80156.58943003605,17.268672012625554,-0.5560421538153358,3.1863451522628927,-0.013208280506219373,57.8,55.400000000000006
40,"[(15, 30), (25, 50), (35, 70)]","[(15, 10), (30, 20), (45, 30), (60, 40)]",64972.2356765687,64614.76688214463,27310.72533368501,1.6050542624759023,185400.91253115787,16330.107208916052,42829.828848996105,80217.13537188368,17.216708334974353,0.4354736128530431,3.177338183248135,0.010258249550470382,59.0,54.800000000000004
60,"[(20, 50), (40, 100)]","[(25, 25), (50, 50)]",64930.06872885661,63919.79233372083,27963.93979665052,1.5918625118091168,187647.9059605907,8517.59520489593,41611.081362317214,79070.94396294272,17.14063475123701,-0.6447763251702014,3.1641464325813495,-0.014833900929660582,56.8,56.2
60,"[(5, 15), (15, 30), (25, 45), (35, 60)]","[(20, 10), (40, 20), (60, 30)]",64921.158074122664,64264.76942730434,25111.960182015555,1.589073974155908,188815.5997036296,16711.519122178786,44113.49739974014,80056.99053917127,17.12455899816885,-0.10855311410697391,3.1613578949281407,-0.002781034154912795,59.199999999999996,56.2
60,"[(20, 50), (40, 100)]","[(20, 10), (40, 20), (60, 30)]",64875.274894729264,65033.01001755869,27229.132496520597,1.5747102501038057,213087.12779650604,16276.495167540312,42603.7338895505,80528.2389092287,17.041780943813286,1.0855796090141787,3.1469941708760385,0.025649123099334963,58.199999999999996,52.6
80,"[(10, 40), (20, 60), (30, 80)]","[(15, 10), (30, 20), (45, 30), (60, 40)]",64713.115061828365,64267.21472100491,26469.077376561265,1.5238809279375598,184364.72601140247,17176.84406940721,42879.19817606306,78994.08163879154,16.74922764564122,-0.10475221467190793,3.0961648487097926,-0.002546062497898094,60.0,54.800000000000004
30,"[(5, 15), (15, 30), (25, 45), (35, 60)]","[(25, 25), (50, 50)]",64700.82358331875,64794.35241645173,27457.915328269995,1.5200239866727916,248227.3869643918,15893.399403071995,43386.14505668772,79187.92767557738,16.727052532895538,0.7146165868584978,3.0923079074450244,0.01674365168250967,58.599999999999994,55.2
40,"[(10, 20), (20, 40), (30, 60)]","[(20, 20), (40, 40), (60, 60)]",64689.511720713315,66103.92323233426,29014.37052996226,1.5164739209458045,199640.85070158594,19683.347743533523,42939.438070472344,81610.2065375337,16.706644749694924,2.7501786026223884,3.0887578417180372,0.060980698658956105,59.4,54.400000000000006
60,"[(10, 20), (20, 40), (30, 60)]","[(20, 20), (40, 40), (60, 60)]",64597.01897074242,63263.290082384076,26038.580702545598,1.487427751796866,164842.87696644146,16774.15827337131,42120.15744281557,78322.37011091705,16.539778155317475,-1.665225948724154,3.0597116725690987,-0.04114343159181957,58.4,52.400000000000006
20,"[(5, 15), (15, 30), (25, 45), (35, 60)]","[(30, 15), (50, 25), (70, 35)]",64585.74346697691,65938.81906689818,27189.31842950147,1.4838845487277874,170735.70185621415,16417.055436020557,44223.279421473446,82501.36102519395,16.51943596726671,2.493545082899682,3.05616846950002,0.05900156801614482,59.599999999999994,56.2
20,"[(10, 40), (20, 60), (30, 80)]","[(25, 25), (50, 50)]",64554.939786434676,63883.33636950044,27781.503219735445,1.4742023075822175,198692.67167502412,13083.668057896155,40941.45077123369,79150.46365485653,16.46386290594037,-0.7014425055058274,3.0464862283544503,-0.016243551444916862,57.8,52.6
40,"[(5, 15), (15, 30), (25, 45), (35, 60)]","[(20, 10), (40, 20), (60, 30)]",64543.18271954788,64056.2862978657,25991.291506156784,1.470505840944214,198053.07738750492,18764.79670333669,43107.16487334751,79504.71545692983,16.442651927654136,-0.4326137407382159,3.0427897617164468,-0.010708215416525408,59.0,54.800000000000004
50,"[(10, 40), (20, 60), (30, 80)]","[(30, 15), (50, 25), (70, 35)]",64485.74102246751,65109.39063523908,29794.256532903182,1.4524382035747685,168005.97619794917,15779.485838444436,40917.8163724853,80846.74866306968,16.339021098534243,1.2043036079038436,3.0247221243470013,0.026004474658265542,57.199999999999996,53.400000000000006
40,"[(10, 20), (20, 40), (30, 60)]","[(25, 25), (50, 50)]",64479.07894108955,64927.785017334434,27423.50945136637,1.4503418879526997,192393.32439679463,14030.30407808508,44176.46332756852,80740.91367559394,16.32700200696917,0.9220206697284853,3.0226258087249325,0.021630286674980823,58.4,55.800000000000004
50,"[(10, 40), (20, 60), (30, 80)]","[(25, 25), (50, 50)]",64423.21441470598,64696.97510679233,28077.651678045506,1.4327565237358897,175719.08281256777,15416.711738235008,41330.39320001884,79974.60954790353,16.22621655873599,0.5632558888832797,3.0050404445081225,0.01290593902510508,57.8,52.400000000000006
80,"[(5, 15), (15, 30), (25, 45), (35, 60)]","[(25, 25), (50, 50)]",64421.55099655852,63841.0142684079,24523.10502039936,1.432232716185733,149778.39523836807,18498.06238293602,43551.998922376246,79420.45647516612,16.22321557842803,-0.7672268528404456,3.0045166369579657,-0.020127646048444758,61.199999999999996,54.0
50,"[(20, 50), (40, 100)]","[(20, 20), (40, 40), (60, 60)]",64419.773983210005,64814.04505875151,27572.0454136283,1.4316731257457915,173773.444316245,16273.951142179129,44194.67589284761,79872.14459691665,16.22000966049691,0.7452263058361162,3.0039570465180243,0.01738856893972755,58.199999999999996,53.0
30,"[(20, 50), (40, 100)]","[(25, 25), (50, 50)]",64413.578354303274,62537.09977874824,25415.153146349978,1.429721994455968,184289.80913706706,16694.904440523198,41609.897551300266,76816.13349740335,16.208832097974245,-2.7939968256934744,3.002005915228201,-0.07072579327649037,57.8,52.2
60,"[(20, 50), (40, 100)]","[(20, 20), (40, 40), (60, 60)]",64371.63452502458,64624.82846037041,26652.347771319193,1.4165090676236725,159920.13543248543,16504.705340461493,44117.92525345227,78443.3353730091,16.13316104322577,0.4511130622105294,2.9887929883959052,0.010889165059424347,60.0,55.800000000000004
80,"[(5, 15), (15, 30), (25, 45), (35, 60)]","[(30, 15), (50, 25), (70, 35)]",64369.719618341216,65265.98629738056,24289.462215822383,1.4159056793041636,196141.24812359185,16222.130743000378,46815.70076575613,77884.74688245021,16.1297063512969,1.4477117365996397,2.9881896000763963,0.0383450091581902,61.199999999999996,56.8
70,"[(15, 30), (25, 50), (35, 70)]","[(15, 10), (30, 20), (45, 30), (60, 40)]",64335.1738526079,64296.252849929755,27153.19999839104,1.405017819361043,167446.51055902962,13308.354687638217,42569.16258271276,77019.95308336653,16.067382176916812,-0.05961612005877347,2.9773017401332758,-0.0014124963665369473,57.599999999999994,53.400000000000006
80,"[(20, 50), (40, 100)]","[(15, 10), (30, 20), (45, 30), (60, 40)]",64334.024663179036,63742.88115209779,26121.38293698211,1.4046555465943023,144854.08582163227,13907.65081459927,43802.2781908862,78320.66472253481,16.065308918998227,-0.919762356554137,2.976939467366535,-0.022652916026577985,58.599999999999994,52.800000000000004
10,"[(20, 50), (40, 100)]","[(30, 15), (50, 25), (70, 35)]",64273.71617931833,65845.58044647948,33536.512222696765,1.3856365111363234,261814.3978655728,13546.625584834435,40988.65908918106,82730.64709467474,15.956506106701374,2.3486174533093394,2.957920431908556,0.04505458976111271,56.39999999999999,52.6
10,"[(10, 20), (20, 40), (30, 60)]","[(25, 25), (50, 50)]",64264.956043650556,64168.3521847733,27434.035697164596,1.3828727053153855,216038.00393457132,16564.781468253936,41635.76704371575,80939.50767375207,15.940701905770746,-0.2584215092946097,2.9551566260876183,-0.0060601532829242955,60.4,53.800000000000004
40,"[(15, 30), (25, 50), (35, 70)]","[(30, 15), (50, 25), (70, 35)]",64219.83282779119,64654.794148430985,26446.371225363055,1.3686316417032662,211271.67591894203,14917.064273737575,43672.13471174412,79504.5084538534,15.859294905111993,0.49769093005285153,2.940915562475499,0.01210704861680909,59.8,53.6
20,"[(20, 50), (40, 100)]","[(25, 25), (50, 50)]",64103.08701454042,64939.65375228974,27223.902698459566,1.3317490223180073,163961.06867028621,17323.91281139137,41875.20174621948,78627.15028806307,15.648673248051168,0.9404691154002924,2.90403294309024,0.02222484824178585,58.8,53.6
50,"[(10, 40), (20, 60), (30, 80)]","[(20, 10), (40, 20), (60, 30)]",64097.40801401857,63907.44248241863,27595.465006831342,1.329953528603256,169820.65145848575,13911.848868136158,41660.76840414819,80506.3850380173,15.638427737166833,-0.6639726052844208,2.9022374493754888,-0.01547950591674971,57.199999999999996,54.0
20,"[(5, 15), (15, 30), (25, 45), (35, 60)]","[(20, 10), (40, 20), (60, 30)]",64046.03996788614,64363.94701247367,27133.9276916031,1.3137070335956569,182812.95774776116,16139.367190813635,41634.241718930076,81446.88665030898,15.545754409574789,0.04560588419800017,2.8859909543678897,0.0010813165915311003,57.99999999999999,55.00000000000001
60,"[(15, 30), (25, 50), (35, 70)]","[(20, 20), (40, 40), (60, 60)]",64039.070969991815,63478.27719888292,27782.6965862712,1.3115021018174078,213222.67077376228,15779.860955182065,40880.28002742585,77058.4460657019,15.533181608515074,-1.3310556977410202,2.8837860225896406,-0.030822402164071037,58.199999999999996,54.400000000000006
70,"[(5, 15), (15, 30), (25, 45), (35, 60)]","[(20, 10), (40, 20), (60, 30)]",63971.86821893421,64001.934049432544,25109.966347806512,1.290229865172221,166120.93250181805,20366.648934093013,43966.26423098263,78643.03815406478,15.411940817152429,-0.5170974288596053,2.862513785944454,-0.013248627745128375,58.599999999999994,54.800000000000004
40,"[(5, 15), (15, 30), (25, 45), (35, 60)]","[(15, 10), (30, 20), (45, 30), (60, 40)]",63959.90005978114,65456.51711196086,26100.076750122516,1.2864396106320175,177932.09532513504,17282.55597761359,45211.98738380936,81356.50482571493,15.390349006340573,1.7438677629011603,2.8587235314042503,0.04298494891162559,61.4,56.00000000000001
50,"[(15, 30), (25, 50), (35, 70)]","[(25, 25), (50, 50)]",63892.288318824016,64440.156605716766,27480.003388450892,1.2650166565303156,181852.81072916964,18675.93540719537,42700.797978363094,77711.36238879866,15.268370354424658,0.1640640472549717,2.8373005773025484,0.003840973305476084,59.8,54.6
80,"[(10, 20), (20, 40), (30, 60)]","[(25, 25), (50, 50)]",63825.17007137352,62305.96909233321,24034.54219282044,1.243732121614105,157424.09557642828,18597.93026600678,42807.37608076107,74008.01023045601,15.147282016407118,-3.1532602120165834,2.816016042386338,-0.0844050840519074,58.4,54.0
10,"[(10, 20), (20, 40), (30, 60)]","[(20, 20), (40, 40), (60, 60)]",63801.548765836604,64613.6681688799,27823.90511825307,1.236237074631008,173228.84501308962,14761.762599475194,41329.90782196206,82737.09736493693,15.104666710764953,0.4337658022018193,2.808520995403241,0.010029559884801944,59.0,50.8
70,"[(10, 20), (20, 40), (30, 60)]","[(15, 10), (30, 20), (45, 30), (60, 40)]",63797.14123689184,64034.46063709949,27118.817259943196,1.2348383186945755,161546.6562277737,15493.235596603028,41985.1139544788,79779.70645484443,15.096715067583574,-0.4665389668396454,2.8071222394668083,-0.011067813403912224,57.99999999999999,54.0
10,"[(15, 30), (25, 50), (35, 70)]","[(20, 20), (40, 40), (60, 60)]",63696.1752124925,64857.28618192206,27284.374879787112,1.202774951497032,167931.04467277697,10573.629460521632,43139.68137656893,83928.56440099233,14.914561799952864,0.812439156624665,2.775058872269265,0.01915673486959538,57.4,55.60000000000001
30,"[(10, 40), (20, 60), (30, 80)]","[(25, 25), (50, 50)]",63565.134598511424,64503.82121069698,28844.49119200033,1.1611002343523635,181866.25507950952,16433.69381609224,41181.01967978906,80827.82322116378,14.678150827341147,0.26302261450053455,2.7333841551245963,0.005866443034244841,55.00000000000001,56.00000000000001
10,"[(5, 15), (15, 30), (25, 45), (35, 60)]","[(30, 15), (50, 25), (70, 35)]",63529.46287705046,65823.17171771871,29184.190293300402,1.1497436914334358,213933.4245894369,15383.415681930463,41691.33169353003,83895.94719633383,14.613795311069378,2.313785921838292,2.7220276122056686,0.05100587189472564,59.0,55.00000000000001
60,"[(10, 40), (20, 60), (30, 80)]","[(20, 10), (40, 20), (60, 30)]",63517.773976965356,64543.2828718392,29248.24293123131,1.1460212728287233,208859.34269464607,13769.529272058313,41423.861853430615,80357.72492544686,14.592707312822672,0.3243607701205574,2.718305193600956,0.007134658518205868,58.199999999999996,53.2
70,"[(10, 20), (20, 40), (30, 60)]","[(20, 20), (40, 40), (60, 60)]",63516.33904164222,64250.7393645809,25467.328996215398,1.1455642690605616,144251.6026546693,18487.62890475966,42286.656970082666,78050.85794853422,14.590118539425848,-0.13036107012756645,2.7178481898327944,-0.003293132220457739,60.0,55.800000000000004
50,"[(20, 50), (40, 100)]","[(25, 25), (50, 50)]",63497.485859966204,65177.72380490527,27126.78641946072,1.1395590673268785,163709.29701969496,16833.760702473308,44876.35029465218,79674.59277621217,14.556105427906882,1.3105188678212776,2.7118429880991113,0.031080613294949083,59.8,53.6
50,"[(15, 30), (25, 50), (35, 70)]","[(20, 10), (40, 20), (60, 30)]",63493.30760076587,65223.144231578204,29268.150518607792,1.1382279959915698,197963.28713409306,17992.464473269894,41513.04578791051,82837.78605384514,14.548567411322816,1.381119169961418,2.7105119167638025,0.03035851495795629,57.199999999999996,53.400000000000006
30,"[(15, 30), (25, 50), (35, 70)]","[(25, 25), (50, 50)]",63454.98158199988,64133.88324729416,28392.721013323586,1.1260151753927694,164214.22998138025,16025.728778805504,41127.45844132926,81572.86743822033,14.479423265110928,-0.3119991081577891,2.698299096165002,-0.007069537254952922,55.800000000000004,52.2
70,"[(10, 40), (20, 60), (30, 80)]","[(20, 10), (40, 20), (60, 30)]",63415.70153597923,65680.95741581412,30504.469466047332,1.1134922233501765,239038.41108114173,17158.26039196734,43385.75645455974,79839.90681926275,14.408557953953915,2.0927317966665453,2.6857761441224093,0.044136180471695347,58.599999999999994,54.6
60,"[(10, 40), (20, 60), (30, 80)]","[(30, 15), (50, 25), (70, 35)]",63376.807135282026,64432.71728742005,27654.62701871697,1.1010861038474928,147314.26536628488,15839.850514253798,41883.74060603107,80255.96988136604,14.338388387293435,0.15250056892732508,2.6733700246197256,0.0035477116030641805,58.4,54.0
20,"[(5, 15), (15, 30), (25, 45), (35, 60)]","[(25, 25), (50, 50)]",63376.25593057241,65128.95994088577,28381.365368643215,1.1009102427046003,180198.5195882808,17093.445215408497,41234.95854875653,81104.39228044567,14.337393956349098,1.234721615671094,2.673194163476833,0.02798855108979591,57.599999999999994,53.0
20,"[(5, 15), (15, 30), (25, 45), (35, 60)]","[(20, 20), (40, 40), (60, 60)]",63342.59367649567,64818.07101762114,26295.938631310983,1.0901680245997358,193835.0846487334,15279.410150090573,44202.91792957745,81316.61572941735,14.276663729400262,0.7514841491330704,2.6624519453719686,0.018385514893852897,58.599999999999994,55.400000000000006
10,"[(10, 40), (20, 60), (30, 80)]","[(20, 10), (40, 20), (60, 30)]",63339.05238161379,64667.67450121334,27356.568351914346,1.0890376695580795,184456.80571717024,16744.19522467651,42269.28593617751,82634.51580747402,14.270274863064117,0.5177118075460102,2.6613215903303122,0.012175059775825245,57.8,55.400000000000006
70,"[(15, 30), (25, 50), (35, 70)]","[(30, 15), (50, 25), (70, 35)]",63322.079025154,64020.99790689106,26992.222535547793,1.0836191981564047,172241.47369282824,20061.33596334219,41366.07034014995,78183.21789790451,14.239653152838288,-0.48746507630115005,2.6559031189286375,-0.011618485249343967,57.599999999999994,54.400000000000006
20,"[(5, 15), (15, 30), (25, 45), (35, 60)]","[(15, 10), (30, 20), (45, 30), (60, 40)]",63319.17534065971,65443.26423070121,29851.65083162894,1.0826921271375634,246682.1760804779,19234.33555060075,41934.472211435845,82705.17390381734,14.234414602326373,1.7232678370595074,2.654976047909796,0.03713890366355247,56.99999999999999,53.0
20,"[(10, 40), (20, 60), (30, 80)]","[(20, 10), (40, 20), (60, 30)]",63313.42375965034,64808.75152142943,27689.25945071136,1.0808556963425309,175484.28416110325,11777.550919302148,42488.34470882408,82374.59246753523,14.224038148651651,0.7369981723353071,2.6531396171147636,0.0171237831768707,59.8,53.0
60,"[(10, 40), (20, 60), (30, 80)]","[(20, 20), (40, 40), (60, 60)]",63304.10571859831,63649.7235644601,27034.957295007443,1.07788024197768,162633.08830647543,13996.010834720322,42375.33449035704,79444.19994114147,14.207227428058841,-1.0645640309467372,2.650164162749913,-0.025333240749513177,56.39999999999999,55.2
30,"[(10, 20), (20, 40), (30, 60)]","[(20, 20), (40, 40), (60, 60)]",63240.02740460989,63405.17487556295,26185.990121926094,1.0574091394710328,152150.23195158626,18402.647587499618,41307.47206986455,80126.10033873821,14.091623447940826,-1.4446840031442179,2.6296930602432655,-0.03549347442570628,57.99999999999999,53.0
30,"[(20, 50), (40, 100)]","[(30, 15), (50, 25), (70, 35)]",63234.480824712584,64858.093180506265,28181.988655932957,1.0556363930548374,168590.51825690144,12947.269761048401,40828.953535574496,81443.30253468185,14.081616837712483,0.8136935337418492,2.62792031382707,0.0185752162712877,57.599999999999994,53.800000000000004
40,"[(20, 50), (40, 100)]","[(30, 15), (50, 25), (70, 35)]",63216.33182283037,64684.05543062544,28352.90686163579,1.0498349078347236,198764.56763505246,11803.460997809612,41521.69284216176,80237.86799370777,14.048874140188753,0.5431738881679835,2.6221188286069563,0.01232497204125994,59.599999999999994,53.800000000000004
40,"[(5, 15), (15, 30), (25, 45), (35, 60)]","[(25, 25), (50, 50)]",63189.49759843697,63642.461926321026,25560.415925511497,1.0412546742350814,155032.30716959844,19360.897761953784,41974.21151275854,78773.51561568672,14.000462392903735,-1.0758513279671467,2.6135385950073142,-0.027078773755613548,59.599999999999994,52.0
60,"[(10, 40), (20, 60), (30, 80)]","[(25, 25), (50, 50)]",63081.00258055766,63021.49924008856,25583.552961014284,1.0065336846797779,154390.23332239053,12287.434867175443,41945.09861238042,78158.30132313236,13.80472603360922,-2.0410591975772325,2.5788176054520107,-0.051326233231942534,56.99999999999999,54.0
20,"[(20, 50), (40, 100)]","[(20, 20), (40, 40), (60, 60)]",63031.901337604744,63921.73780474445,26399.481720242446,0.9908044126596627,145177.45209797943,15112.31651720335,42475.96384272107,80211.50379728051,13.716142256028482,-0.6417523367990268,2.5630883334318955,-0.01563927829713056,57.8,56.599999999999994
30,"[(5, 15), (15, 30), (25, 45), (35, 60)]","[(20, 10), (40, 20), (60, 30)]",63005.98550704286,65664.39341720061,31332.96729766868,0.9824984879923226,205312.08345432946,14379.514024596212,40430.474005180484,82784.31760723473,13.669387387266493,2.066985158151165,2.5547824087645554,0.04244049911711429,56.8,54.6
30,"[(10, 40), (20, 60), (30, 80)]","[(30, 15), (50, 25), (70, 35)]",62980.20678832292,64271.4471387739,28239.682822980823,0.9742337952192148,182763.3250714209,14068.634335188084,41934.68441786745,81069.69184990127,13.62287988260732,-0.09817345715767234,2.5465177159914476,-0.0022365515891004445,58.599999999999994,52.800000000000004
10,"[(10, 40), (20, 60), (30, 80)]","[(15, 10), (30, 20), (45, 30), (60, 40)]",62942.01391446148,65449.45834193445,28324.45090216718,0.9619841308100119,174160.2842473019,12204.542409752621,41839.534123100915,84188.11815971161,13.553975943728316,1.7328957986747848,2.5342680515822447,0.039360046184754645,56.8,53.800000000000004
50,"[(10, 20), (20, 40), (30, 60)]","[(15, 10), (30, 20), (45, 30), (60, 40)]",62848.06647982221,62809.00823024326,26086.16649994824,0.9318268895696091,220572.85512999113,13976.983027636717,42573.567189644426,77352.62964748804,13.384484946069735,-2.3713495668238322,2.504110810341842,-0.05848304372461565,57.199999999999996,54.400000000000006
70,"[(15, 30), (25, 50), (35, 70)]","[(20, 20), (40, 40), (60, 60)]",62747.20332691488,63433.44950572732,27133.728726708774,0.8994095237046196,168257.9235420878,11603.066382767445,41395.18665505592,79329.14078492238,13.202517269369512,-1.4007346706802237,2.4716934444768524,-0.03321169565806731,56.8,50.2
80,"[(20, 50), (40, 100)]","[(30, 15), (50, 25), (70, 35)]",62737.32500319474,64235.65664335289,28254.635869360096,0.8962323946885231,185137.11265661698,17462.70908152114,41847.549585397275,79778.61704953658,13.184695740245802,-0.15380525050615376,2.468516315460756,-0.003502080273550562,57.4,52.400000000000006
60,"[(5, 15), (15, 30), (25, 45), (35, 60)]","[(20, 20), (40, 40), (60, 60)]",62705.291485874746,63831.553022189495,25810.567809584318,0.8859268181503399,204406.7961869932,17423.692522408764,43129.92587281758,79542.9109834987,13.126903924748909,-0.7819331621063472,2.4582107389225727,-0.019490219191963604,56.2,54.800000000000004
30,"[(15, 30), (25, 50), (35, 70)]","[(20, 10), (40, 20), (60, 30)]",62681.621300132414,63248.537234783784,27146.28460152064,0.8783091220300632,159423.53523692297,13329.168680267974,40967.75321701406,82129.2928212967,13.084200434103993,-1.6881573823169755,2.450593042802296,-0.040008031575072774,56.00000000000001,53.2
20,"[(20, 50), (40, 100)]","[(30, 15), (50, 25), (70, 35)]",62647.47884376669,62790.77066547574,27178.6829978548,0.86731711555037,158131.79714547444,14227.722749197335,38931.0595347237,80317.32733184304,13.02260387200348,-2.3996975520190955,2.439601036322603,-0.0568031931831813,56.599999999999994,55.60000000000001
80,"[(10, 40), (20, 60), (30, 80)]","[(20, 20), (40, 40), (60, 60)]",62610.91081775659,64701.6406844656,29045.022121984333,0.8555388915664652,200483.56295743017,16661.435604517723,41317.419281209455,82042.47774616153,12.956631328584331,0.5705079386221179,2.427822812338698,0.012636727789594546,59.4,54.0
60,"[(5, 15), (15, 30), (25, 45), (35, 60)]","[(30, 15), (50, 25), (70, 35)]",62602.34071526814,63802.659753696076,27719.883321806363,0.8527777445987539,232808.60733108793,16862.000795751628,42877.763080977704,77822.71710415347,12.941169967383987,-0.8268440895210175,2.4250616653709867,-0.01919008411383865,57.8,54.0
20,"[(15, 30), (25, 50), (35, 70)]","[(20, 10), (40, 20), (60, 30)]",62596.51369781853,64293.977817521096,27331.59697660445,0.8509002020966827,156689.3102380106,16408.791093869542,41239.85371078357,81156.28769369837,12.930657418481509,-0.06315236987400595,2.4231841228689155,-0.0014865149951177532,58.199999999999996,55.800000000000004
80,"[(10, 20), (20, 40), (30, 60)]","[(15, 10), (30, 20), (45, 30), (60, 40)]",62559.47879322633,63178.28049236582,25407.525128847145,0.8389637938897021,185621.13278443084,17320.99169181149,42646.68313090407,77100.23061662391,12.863842577271365,-1.7973625925147463,2.411247714661935,-0.04551116836596759,57.4,53.800000000000004
70,"[(10, 40), (20, 60), (30, 80)]","[(30, 15), (50, 25), (70, 35)]",62496.58646654376,64033.52968436366,27101.904076976905,0.8186805402216502,190156.02832216636,14799.757018157059,43192.43178690735,78106.09921971493,12.750378242290555,-0.467986014990489,2.390964460993883,-0.011109070456766835,58.599999999999994,54.800000000000004
50,"[(5, 15), (15, 30), (25, 45), (35, 60)]","[(20, 20), (40, 40), (60, 60)]",62282.15021342338,62197.22143886984,24448.051855394897,0.7494002349555551,157823.6425078786,18776.526694287382,43771.20928468503,75309.82396748706,12.36351281467035,-3.322294669725011,2.321684155727788,-0.0874255838477306,58.199999999999996,53.2
70,"[(10, 20), (20, 40), (30, 60)]","[(20, 10), (40, 20), (60, 30)]",62228.90496154952,62698.85953317522,25529.372767115154,0.7321681305962002,206053.67061988704,17209.455049770775,41739.58292520625,77707.0211681229,12.267452811591653,-2.542561769415927,2.304452051368433,-0.06407314147565532,56.39999999999999,53.2
80,"[(5, 15), (15, 30), (25, 45), (35, 60)]","[(20, 10), (40, 20), (60, 30)]",62206.472377422644,63685.394284678194,24591.785874159952,0.7249045969041523,166775.3930314331,19094.855668163007,43527.08595769262,77378.33703032273,12.226982083696605,-1.0091184129852866,2.297188517676385,-0.026399561419055195,60.6,54.0
10,"[(5, 15), (15, 30), (25, 45), (35, 60)]","[(25, 25), (50, 50)]",62153.2132620521,62935.79444305356,27589.252947520847,0.7076512236677823,195533.82124134747,16382.44058989805,39082.87755461403,78719.76877076528,12.130897069419973,-2.1742764526484204,2.279935144440015,-0.05070134395717564,56.8,51.0
40,"[(15, 30), (25, 50), (35, 70)]","[(20, 10), (40, 20), (60, 30)]",62132.04672892097,64873.40072213912,28661.869383704307,0.7007910078943747,166243.38763512555,17280.120032994004,42108.87194179118,82988.16629484476,12.092710429932223,0.837487168973076,2.2730749286666074,0.018798288020184746,56.2,53.6
70,"[(10, 40), (20, 60), (30, 80)]","[(15, 10), (30, 20), (45, 30), (60, 40)]",62108.92207034057,65091.00853567113,29472.176604909568,0.693294013057888,181902.4373399125,18643.313253994478,42282.190649041186,80339.94393723215,12.050991127341844,1.175730961662265,2.2655779338301207,0.025664948318672557,57.4,53.2
30,"[(10, 40), (20, 60), (30, 80)]","[(20, 10), (40, 20), (60, 30)]",62108.23574889029,63836.432307760864,28186.51078556266,0.6930714741029576,204855.06883227426,16593.590677980854,42493.27508928196,80528.92839103789,12.049752931666045,-0.7743489304995589,2.2653553948751903,-0.01767421098327778,55.400000000000006,54.2
10,"[(15, 30), (25, 50), (35, 70)]","[(30, 15), (50, 25), (70, 35)]",62088.162694111525,63729.578501001,27880.47865214493,0.6865619384041954,156553.2083554783,16351.619383994066,41876.72564979383,80447.87425984576,12.013539041488286,-0.9404396433057799,2.258845859176428,-0.021700780421134783,58.199999999999996,54.0
30,"[(5, 15), (15, 30), (25, 45), (35, 60)]","[(15, 10), (30, 20), (45, 30), (60, 40)]",62063.00907620139,64003.63393275547,25552.27324176145,0.678402438387038,158224.6627383077,16690.396148876876,44062.97392537901,81565.32144199117,11.968159284066694,-0.5144551754729184,2.2506863591592707,-0.01295276981348728,57.199999999999996,54.6
40,"[(20, 50), (40, 100)]","[(20, 10), (40, 20), (60, 30)]",62041.805551564335,64173.89022221446,27640.893242636594,0.6715222409647392,177559.859931532,13549.328224790594,43289.05251235809,78569.6570170657,11.929905908033463,-0.24981333131722422,2.243806161736972,-0.005814443934285187,58.4,54.0
40,"[(5, 15), (15, 30), (25, 45), (35, 60)]","[(20, 20), (40, 40), (60, 60)]",61989.597184603015,63119.15092998274,28192.119716562447,0.6545734569517014,187328.90411272392,16466.257705461412,39633.75573817648,78432.66774780434,11.835716553780452,-1.8892720102690115,2.226857377723934,-0.04311331423477653,57.199999999999996,52.0
20,"[(10, 40), (20, 60), (30, 80)]","[(30, 15), (50, 25), (70, 35)]",61824.14707492043,65257.67664125999,29448.15874476457,0.6007866328364919,178676.37950880858,14667.27446690084,41246.251169722,83524.67069883058,11.537227252177937,1.434795428326774,2.1730705536087247,0.03134559287706788,56.599999999999994,54.2
20,"[(10, 40), (20, 60), (30, 80)]","[(15, 10), (30, 20), (45, 30), (60, 40)]",61820.40182146897,65009.90095051514,28417.956485893217,0.5995677415410849,192671.76540423473,15183.225128136055,41847.63610881514,83961.2439359546,11.530470423251108,1.0496594903592025,2.1718516623133177,0.02376294384795142,58.199999999999996,56.39999999999999
20,"[(10, 20), (20, 40), (30, 60)]","[(30, 15), (50, 25), (70, 35)]",61810.07278695849,63491.529456461176,26591.707147070974,0.5962058550805338,176873.07320386637,15924.968234392063,41501.7923076344,81012.43172449984,11.511835764723667,-1.3104567413331227,2.1684897758527666,-0.03170451543946929,56.8,52.0
10,"[(10, 40), (20, 60), (30, 80)]","[(25, 25), (50, 50)]",61783.07637199285,63250.14106658371,29439.05305674278,0.5874169591171707,214278.33830205153,14729.089303762956,38397.304874015084,81296.27339939949,11.463131408683504,-1.685664428860767,2.1597008798894035,-0.03683765159135222,55.2,53.0
30,"[(5, 15), (15, 30), (25, 45), (35, 60)]","[(30, 15), (50, 25), (70, 35)]",61740.721403026735,63785.099140581115,26026.683661926898,0.5736217714259695,166136.24844280348,15542.845120525666,43943.93836765317,79302.61048082054,11.386718614939536,-0.8541398390878341,2.1459056921982023,-0.02111323566321533,58.199999999999996,53.6
50,"[(20, 50), (40, 100)]","[(15, 10), (30, 20), (45, 30), (60, 40)]",61657.695029170834,62403.68445665952,26623.106410052067,0.5465577585846315,168572.11125700732,14676.697153990814,40470.64634745095,76832.92121516564,11.23693035312223,-3.0013740508660547,2.1188416793568643,-0.07252805738998058,56.2,53.2
10,"[(20, 50), (40, 100)]","[(25, 25), (50, 50)]",61584.337225017865,62714.14571295145,27918.0052285057,0.5226211277964632,189552.3975313141,15255.93371354503,39022.82913619898,80308.10978364004,11.104585202244285,-2.5188013384859933,2.094905048568696,-0.058043578688827945,55.800000000000004,51.0
10,"[(20, 50), (40, 100)]","[(20, 20), (40, 40), (60, 60)]",61538.933904451675,63696.33916294282,28612.093175706555,0.5077946068266836,199829.34080729535,13180.769879843352,41581.05521855715,79066.04368518591,11.022672863399437,-0.9921059855606391,2.0800785275989164,-0.022307612358345028,54.400000000000006,54.0
50,"[(10, 40), (20, 60), (30, 80)]","[(20, 20), (40, 40), (60, 60)]",61533.47469005543,64090.35282989411,28062.62051694563,0.5060113030362023,233310.84608393023,18763.461463810127,41311.53690837236,79460.03772999538,11.012823869672207,-0.3796616301957226,2.078295223808435,-0.008703884807398206,56.599999999999994,52.0
30,"[(10, 40), (20, 60), (30, 80)]","[(20, 20), (40, 40), (60, 60)]",61277.103898649184,63420.93835179885,27381.912791652652,0.42212247668562686,155758.91996407905,17491.96952136892,40713.943477495486,79983.9589514877,10.550304149226292,-1.4201816753028838,1.9944063974578596,-0.03336758470529534,56.00000000000001,50.6
50,"[(5, 15), (15, 30), (25, 45), (35, 60)]","[(30, 15), (50, 25), (70, 35)]",61243.876142935354,63955.91925150786,26861.9738250397,0.41122925381835707,176426.91929609445,16597.195172652788,42033.460897139055,79110.49962840935,10.49035780276652,-0.5886216058514496,1.9835131745905898,-0.014097526757563676,57.199999999999996,54.400000000000006
10,"[(5, 15), (15, 30), (25, 45), (35, 60)]","[(15, 10), (30, 20), (45, 30), (60, 40)]",61038.17664115683,63189.175518813456,27277.113085586705,0.34368831387476817,187251.3432218597,11770.679186110105,43095.118100844775,78237.95929726324,10.119254388307315,-1.7804276534273875,1.915972234647001,-0.04199238841221531,56.39999999999999,51.4
30,"[(10, 20), (20, 40), (30, 60)]","[(30, 15), (50, 25), (70, 35)]",60942.633418327816,63807.88975018878,26762.824261524143,0.31225497734221896,174986.7561081421,18150.099826313,41638.67498523665,79478.47043771492,9.946884421857614,-0.8187147221939476,1.8845388981144517,-0.019680915994945897,56.8,54.400000000000006
50,"[(10, 20), (20, 40), (30, 60)]","[(20, 10), (40, 20), (60, 30)]",60854.693093807335,62617.990596454656,27445.747375280083,0.28328810162550067,269414.05828639725,15464.520565965491,41626.43697660385,76433.99027498296,9.788230879111852,-2.668262291943732,1.8555720223977334,-0.06254579357379075,57.199999999999996,52.2
40,"[(10, 40), (20, 60), (30, 80)]","[(20, 10), (40, 20), (60, 30)]",60687.26385826955,62290.88308236824,27932.348836278354,0.22804548331227803,190100.2444152545,11664.63800826878,39776.93166561904,78157.17876891952,9.48617102747806,-3.176709504320367,1.8003294040845108,-0.073166906796063,55.2,49.4
50,"[(10, 20), (20, 40), (30, 60)]","[(30, 15), (50, 25), (70, 35)]",60390.505967626756,62967.737732704554,25878.591783053158,0.129831095633981,186200.36936845654,18196.30700980851,42487.78293484813,78298.28511022383,8.950788756091585,-2.124624653537202,1.7021150164062138,-0.052818519841480956,55.60000000000001,54.800000000000004
20,"[(15, 30), (25, 50), (35, 70)]","[(20, 20), (40, 40), (60, 60)]",60121.17324110767,62886.74175365971,27843.100958431416,0.04035849106329703,170229.72348503242,16808.86925956652,40752.48661263883,79202.13516818159,8.46488434906751,-2.250522647272026,1.6126424118355298,-0.05200084914281717,54.400000000000006,51.6
40,"[(15, 30), (25, 50), (35, 70)]","[(20, 20), (40, 40), (60, 60)]",59879.0548463542,63242.468650481096,27373.86695042074,-0.0403475966524236,193190.78660508522,15074.19867148455,40923.14624654747,78962.39976530318,8.028077442781782,-1.6975902282128938,1.5319363241198092,-0.039897103239535214,55.2,54.0
10,"[(20, 50), (40, 100)]","[(15, 10), (30, 20), (45, 30), (60, 40)]",59790.360046360685,62609.35671309323,27818.207979208037,-0.06997785403661805,179989.7524049245,14909.80710637346,40071.49185601698,80639.53977466599,7.868062747375232,-2.6816825704089444,1.5023060667356147,-0.062018730123219894,54.0,52.2
50,"[(10, 40), (20, 60), (30, 80)]","[(15, 10), (30, 20), (45, 30), (60, 40)]",59644.58862698244,63890.72252200202,28022.72221699666,-0.11875216447225778,183337.04074487337,17110.88463013368,41896.37087943329,80089.35155485121,7.605075861193676,-0.6899616666748802,1.453531756299975,-0.015840150033535453,56.2,55.2
40,"[(10, 40), (20, 60), (30, 80)]","[(20, 20), (40, 40), (60, 60)]",59612.77666415477,62712.10959827859,28804.21514325777,-0.12940894563240324,181958.78776092318,17817.399451663394,40926.703650374606,78057.20927225877,7.547683753172393,-2.5219662209326312,1.4428749751398295,-0.05632845887031645,54.0,52.0
70,"[(5, 15), (15, 30), (25, 45), (35, 60)]","[(30, 15), (50, 25), (70, 35)]",59460.98650128943,62503.51612707085,25341.920101930646,-0.18032030288862577,178152.59880740344,16522.265371195772,42542.6657292309,77922.82309275022,7.273838424264902,-2.846198359872499,1.391963617883607,-0.07225539784797069,54.800000000000004,51.6
10,"[(15, 30), (25, 50), (35, 70)]","[(20, 10), (40, 20), (60, 30)]",58728.40834806171,62928.05120541888,28573.01263248787,-0.42750347574681546,151863.25275262445,15800.322690607274,39764.10266310356,82329.89090095568,5.952190818556369,-2.1863123351047347,1.1447804450254173,-0.04922671119562598,53.400000000000006,47.8
10,"[(5, 15), (15, 30), (25, 45), (35, 60)]","[(20, 10), (40, 20), (60, 30)]",58248.01138285693,62049.76059339226,28767.37748616406,-0.5909392389172319,194411.8599287114,13406.412268101112,39552.926002675806,78726.90468209787,5.085504450617158,-3.5515038825649508,0.9813446818550009,-0.07942489905358913,53.2,53.0
10,"[(10, 40), (20, 60), (30, 80)]","[(30, 15), (50, 25), (70, 35)]",57752.81505806074,63858.39469929456,31677.00928391978,-0.7605424957961793,248823.98137150094,16563.72491630257,40394.59497029397,80647.93668593114,4.192118490171911,-0.7402111737328955,0.8117414249760535,-0.015033361978856906,52.400000000000006,51.4
